transit_timestamp,station_complex,fare_class_category,ridership,transfers
4/30/26 23:00,23 St-Baruch College (6),OMNY - Full Fare,309,8
4/30/26 23:00,23 St-Baruch College (6),OMNY - Students,16,0
4/30/26 23:00,23 St-Baruch College (6),OMNY - Seniors & Disability,16,2
4/30/26 23:00,23 St-Baruch College (6),OMNY - Other,2,0
4/30/26 23:00,23 St-Baruch College (6),Metrocard - Other,2,0
4/30/26 23:00,23 St-Baruch College (6),OMNY - Fair Fare,10,1
4/30/26 22:00,23 St-Baruch College (6),OMNY - Students,18,0
4/30/26 22:00,23 St-Baruch College (6),OMNY - Fair Fare,23,0
4/30/26 22:00,23 St-Baruch College (6),OMNY - Other,8,0
4/30/26 22:00,23 St-Baruch College (6),OMNY - Full Fare,498,8
4/30/26 22:00,23 St-Baruch College (6),OMNY - Seniors & Disability,26,3
4/30/26 21:00,23 St-Baruch College (6),Metrocard - Other,3,0
4/30/26 21:00,23 St-Baruch College (6),OMNY - Full Fare,779,7
4/30/26 21:00,23 St-Baruch College (6),Metrocard - Unlimited 30-Day,2,0
4/30/26 21:00,23 St-Baruch College (6),OMNY - Seniors & Disability,28,1
4/30/26 21:00,23 St-Baruch College (6),OMNY - Fair Fare,57,0
4/30/26 21:00,23 St-Baruch College (6),OMNY - Students,39,0
4/30/26 21:00,23 St-Baruch College (6),OMNY - Other,13,0
4/30/26 20:00,23 St-Baruch College (6),OMNY - Other,17,0
4/30/26 20:00,23 St-Baruch College (6),OMNY - Seniors & Disability,46,2
4/30/26 20:00,23 St-Baruch College (6),OMNY - Fair Fare,94,1
4/30/26 20:00,23 St-Baruch College (6),OMNY - Full Fare,"1,228",11
4/30/26 20:00,23 St-Baruch College (6),Metrocard - Other,4,0
4/30/26 20:00,23 St-Baruch College (6),OMNY - Students,72,0
4/30/26 19:00,23 St-Baruch College (6),OMNY - Fair Fare,92,1
4/30/26 19:00,23 St-Baruch College (6),Metrocard - Full Fare,1,0
4/30/26 19:00,23 St-Baruch College (6),OMNY - Other,24,0
4/30/26 19:00,23 St-Baruch College (6),Metrocard - Unlimited 30-Day,1,0
4/30/26 19:00,23 St-Baruch College (6),OMNY - Full Fare,"1,354",23
4/30/26 19:00,23 St-Baruch College (6),OMNY - Students,79,1
4/30/26 19:00,23 St-Baruch College (6),Metrocard - Other,3,0
4/30/26 19:00,23 St-Baruch College (6),OMNY - Seniors & Disability,54,5
4/30/26 18:00,23 St-Baruch College (6),OMNY - Other,17,0
4/30/26 18:00,23 St-Baruch College (6),Metrocard - Unlimited 30-Day,1,0
4/30/26 18:00,23 St-Baruch College (6),OMNY - Fair Fare,70,0
4/30/26 18:00,23 St-Baruch College (6),Metrocard - Other,5,0
4/30/26 18:00,23 St-Baruch College (6),OMNY - Full Fare,"1,727",33
4/30/26 18:00,23 St-Baruch College (6),OMNY - Seniors & Disability,78,8
4/30/26 18:00,23 St-Baruch College (6),OMNY - Students,110,3
4/30/26 17:00,23 St-Baruch College (6),Metrocard - Unlimited 30-Day,1,0
4/30/26 17:00,23 St-Baruch College (6),OMNY - Fair Fare,100,2
4/30/26 17:00,23 St-Baruch College (6),OMNY - Full Fare,"2,478",32
4/30/26 17:00,23 St-Baruch College (6),Metrocard - Other,4,0
4/30/26 17:00,23 St-Baruch College (6),OMNY - Other,23,0
4/30/26 17:00,23 St-Baruch College (6),Metrocard - Unlimited 7-Day,1,0
4/30/26 17:00,23 St-Baruch College (6),OMNY - Students,176,1
4/30/26 17:00,23 St-Baruch College (6),OMNY - Seniors & Disability,128,11
4/30/26 16:00,23 St-Baruch College (6),OMNY - Seniors & Disability,124,14
4/30/26 16:00,23 St-Baruch College (6),OMNY - Fair Fare,124,4
4/30/26 16:00,23 St-Baruch College (6),OMNY - Other,21,1
4/30/26 16:00,23 St-Baruch College (6),OMNY - Students,203,1
4/30/26 16:00,23 St-Baruch College (6),Metrocard - Unlimited 7-Day,1,0
4/30/26 16:00,23 St-Baruch College (6),Metrocard - Other,8,0
4/30/26 16:00,23 St-Baruch College (6),Metrocard - Unlimited 30-Day,1,0
4/30/26 16:00,23 St-Baruch College (6),OMNY - Full Fare,"1,958",52
4/30/26 15:00,23 St-Baruch College (6),OMNY - Seniors & Disability,133,6
4/30/26 15:00,23 St-Baruch College (6),OMNY - Fair Fare,131,4
4/30/26 15:00,23 St-Baruch College (6),OMNY - Students,324,5
4/30/26 15:00,23 St-Baruch College (6),Metrocard - Seniors & Disability,2,0
4/30/26 15:00,23 St-Baruch College (6),OMNY - Other,33,0
4/30/26 15:00,23 St-Baruch College (6),Metrocard - Other,3,0
4/30/26 15:00,23 St-Baruch College (6),OMNY - Full Fare,"1,571",38
4/30/26 15:00,23 St-Baruch College (6),Metrocard - Unlimited 30-Day,1,0
4/30/26 15:00,23 St-Baruch College (6),Metrocard - Full Fare,1,0
4/30/26 14:00,23 St-Baruch College (6),Metrocard - Unlimited 30-Day,2,0
4/30/26 14:00,23 St-Baruch College (6),OMNY - Students,182,2
4/30/26 14:00,23 St-Baruch College (6),OMNY - Seniors & Disability,84,12
4/30/26 14:00,23 St-Baruch College (6),OMNY - Fair Fare,69,2
4/30/26 14:00,23 St-Baruch College (6),OMNY - Other,35,0
4/30/26 14:00,23 St-Baruch College (6),OMNY - Full Fare,"1,101",23
4/30/26 14:00,23 St-Baruch College (6),Metrocard - Other,4,0
4/30/26 13:00,23 St-Baruch College (6),OMNY - Other,20,1
4/30/26 13:00,23 St-Baruch College (6),OMNY - Seniors & Disability,74,10
4/30/26 13:00,23 St-Baruch College (6),OMNY - Students,54,3
4/30/26 13:00,23 St-Baruch College (6),OMNY - Full Fare,785,18
4/30/26 13:00,23 St-Baruch College (6),Metrocard - Other,3,0
4/30/26 13:00,23 St-Baruch College (6),Metrocard - Unlimited 30-Day,2,0
4/30/26 13:00,23 St-Baruch College (6),OMNY - Fair Fare,38,0
4/30/26 12:00,23 St-Baruch College (6),Metrocard - Other,2,0
4/30/26 12:00,23 St-Baruch College (6),OMNY - Full Fare,"1,010",22
4/30/26 12:00,23 St-Baruch College (6),Metrocard - Unlimited 30-Day,2,0
4/30/26 12:00,23 St-Baruch College (6),OMNY - Other,12,0
4/30/26 12:00,23 St-Baruch College (6),OMNY - Students,73,1
4/30/26 12:00,23 St-Baruch College (6),OMNY - Fair Fare,84,5
4/30/26 12:00,23 St-Baruch College (6),OMNY - Seniors & Disability,82,11
4/30/26 11:00,23 St-Baruch College (6),OMNY - Other,7,0
4/30/26 11:00,23 St-Baruch College (6),OMNY - Full Fare,811,15
4/30/26 11:00,23 St-Baruch College (6),Metrocard - Other,10,0
4/30/26 11:00,23 St-Baruch College (6),OMNY - Fair Fare,51,2
4/30/26 11:00,23 St-Baruch College (6),Metrocard - Unlimited 30-Day,1,0
4/30/26 11:00,23 St-Baruch College (6),OMNY - Students,47,0
4/30/26 11:00,23 St-Baruch College (6),OMNY - Seniors & Disability,89,12
4/30/26 10:00,23 St-Baruch College (6),Metrocard - Other,3,0
4/30/26 10:00,23 St-Baruch College (6),OMNY - Students,36,2
4/30/26 10:00,23 St-Baruch College (6),OMNY - Full Fare,718,23
4/30/26 10:00,23 St-Baruch College (6),OMNY - Other,19,1
4/30/26 10:00,23 St-Baruch College (6),OMNY - Fair Fare,33,2
4/30/26 10:00,23 St-Baruch College (6),OMNY - Seniors & Disability,83,13
4/30/26 9:00,23 St-Baruch College (6),Metrocard - Unlimited 30-Day,1,0
4/30/26 9:00,23 St-Baruch College (6),OMNY - Fair Fare,19,1
4/30/26 9:00,23 St-Baruch College (6),Metrocard - Other,1,0
4/30/26 9:00,23 St-Baruch College (6),OMNY - Students,25,2
4/30/26 9:00,23 St-Baruch College (6),OMNY - Other,13,0
4/30/26 9:00,23 St-Baruch College (6),OMNY - Seniors & Disability,62,6
4/30/26 9:00,23 St-Baruch College (6),OMNY - Full Fare,971,66
4/30/26 8:00,23 St-Baruch College (6),OMNY - Full Fare,"1,366",112
4/30/26 8:00,23 St-Baruch College (6),Metrocard - Other,2,0
4/30/26 8:00,23 St-Baruch College (6),OMNY - Other,9,0
4/30/26 8:00,23 St-Baruch College (6),OMNY - Fair Fare,15,1
4/30/26 8:00,23 St-Baruch College (6),OMNY - Seniors & Disability,40,9
4/30/26 8:00,23 St-Baruch College (6),OMNY - Students,48,3
4/30/26 7:00,23 St-Baruch College (6),OMNY - Seniors & Disability,27,4
4/30/26 7:00,23 St-Baruch College (6),Metrocard - Other,3,0
4/30/26 7:00,23 St-Baruch College (6),OMNY - Students,71,4
4/30/26 7:00,23 St-Baruch College (6),OMNY - Other,3,0
4/30/26 7:00,23 St-Baruch College (6),Metrocard - Unlimited 30-Day,1,0
4/30/26 7:00,23 St-Baruch College (6),OMNY - Full Fare,654,109
4/30/26 7:00,23 St-Baruch College (6),OMNY - Fair Fare,13,1
4/30/26 6:00,23 St-Baruch College (6),OMNY - Full Fare,205,37
4/30/26 6:00,23 St-Baruch College (6),OMNY - Other,4,0
4/30/26 6:00,23 St-Baruch College (6),Metrocard - Unlimited 30-Day,1,0
4/30/26 6:00,23 St-Baruch College (6),Metrocard - Other,2,0
4/30/26 6:00,23 St-Baruch College (6),OMNY - Fair Fare,5,0
4/30/26 6:00,23 St-Baruch College (6),OMNY - Seniors & Disability,16,4
4/30/26 6:00,23 St-Baruch College (6),OMNY - Students,1,0
4/30/26 5:00,23 St-Baruch College (6),OMNY - Seniors & Disability,3,2
4/30/26 5:00,23 St-Baruch College (6),OMNY - Students,3,0
4/30/26 5:00,23 St-Baruch College (6),OMNY - Other,1,0
4/30/26 5:00,23 St-Baruch College (6),Metrocard - Unlimited 30-Day,1,0
4/30/26 5:00,23 St-Baruch College (6),OMNY - Full Fare,59,23
4/30/26 5:00,23 St-Baruch College (6),OMNY - Fair Fare,2,1
4/30/26 4:00,23 St-Baruch College (6),OMNY - Fair Fare,1,0
4/30/26 4:00,23 St-Baruch College (6),OMNY - Full Fare,16,0
4/30/26 4:00,23 St-Baruch College (6),OMNY - Other,1,0
4/30/26 4:00,23 St-Baruch College (6),Metrocard - Other,1,0
4/30/26 3:00,23 St-Baruch College (6),OMNY - Students,4,0
4/30/26 3:00,23 St-Baruch College (6),OMNY - Full Fare,10,0
4/30/26 3:00,23 St-Baruch College (6),OMNY - Seniors & Disability,1,0
4/30/26 3:00,23 St-Baruch College (6),OMNY - Other,2,0
4/30/26 3:00,23 St-Baruch College (6),OMNY - Fair Fare,2,0
4/30/26 2:00,23 St-Baruch College (6),OMNY - Full Fare,14,0
4/30/26 2:00,23 St-Baruch College (6),OMNY - Seniors & Disability,1,0
4/30/26 2:00,23 St-Baruch College (6),Metrocard - Other,1,0
4/30/26 1:00,23 St-Baruch College (6),OMNY - Other,3,0
4/30/26 1:00,23 St-Baruch College (6),OMNY - Full Fare,41,0
4/30/26 1:00,23 St-Baruch College (6),OMNY - Fair Fare,3,0
4/30/26 1:00,23 St-Baruch College (6),OMNY - Students,3,0
4/30/26 0:00,23 St-Baruch College (6),Metrocard - Other,1,0
4/30/26 0:00,23 St-Baruch College (6),OMNY - Other,3,0
4/30/26 0:00,23 St-Baruch College (6),OMNY - Fair Fare,11,0
4/30/26 0:00,23 St-Baruch College (6),OMNY - Seniors & Disability,3,0
4/30/26 0:00,23 St-Baruch College (6),OMNY - Students,3,0
4/30/26 0:00,23 St-Baruch College (6),OMNY - Full Fare,147,0
4/29/26 23:00,23 St-Baruch College (6),OMNY - Full Fare,288,9
4/29/26 23:00,23 St-Baruch College (6),OMNY - Seniors & Disability,11,2
4/29/26 23:00,23 St-Baruch College (6),OMNY - Other,3,0
4/29/26 23:00,23 St-Baruch College (6),OMNY - Fair Fare,5,0
4/29/26 23:00,23 St-Baruch College (6),OMNY - Students,13,0
4/29/26 22:00,23 St-Baruch College (6),OMNY - Full Fare,450,12
4/29/26 22:00,23 St-Baruch College (6),OMNY - Fair Fare,30,0
4/29/26 22:00,23 St-Baruch College (6),OMNY - Students,16,0
4/29/26 22:00,23 St-Baruch College (6),Metrocard - Other,2,0
4/29/26 22:00,23 St-Baruch College (6),OMNY - Other,10,0
4/29/26 22:00,23 St-Baruch College (6),Metrocard - Full Fare,1,0
4/29/26 22:00,23 St-Baruch College (6),OMNY - Seniors & Disability,19,0
4/29/26 21:00,23 St-Baruch College (6),OMNY - Fair Fare,45,3
4/29/26 21:00,23 St-Baruch College (6),OMNY - Other,11,0
4/29/26 21:00,23 St-Baruch College (6),OMNY - Seniors & Disability,35,5
4/29/26 21:00,23 St-Baruch College (6),Metrocard - Unlimited 30-Day,1,0
4/29/26 21:00,23 St-Baruch College (6),Metrocard - Other,7,0
4/29/26 21:00,23 St-Baruch College (6),OMNY - Full Fare,818,9
4/29/26 21:00,23 St-Baruch College (6),OMNY - Students,58,0
4/29/26 20:00,23 St-Baruch College (6),OMNY - Seniors & Disability,64,3
4/29/26 20:00,23 St-Baruch College (6),OMNY - Students,74,0
4/29/26 20:00,23 St-Baruch College (6),OMNY - Other,15,0
4/29/26 20:00,23 St-Baruch College (6),OMNY - Fair Fare,93,3
4/29/26 20:00,23 St-Baruch College (6),Metrocard - Other,5,0
4/29/26 20:00,23 St-Baruch College (6),Metrocard - Unlimited 30-Day,3,0
4/29/26 20:00,23 St-Baruch College (6),OMNY - Full Fare,"1,281",15
4/29/26 19:00,23 St-Baruch College (6),OMNY - Seniors & Disability,63,4
4/29/26 19:00,23 St-Baruch College (6),Metrocard - Other,6,0
4/29/26 19:00,23 St-Baruch College (6),OMNY - Students,113,2
4/29/26 19:00,23 St-Baruch College (6),OMNY - Other,6,0
4/29/26 19:00,23 St-Baruch College (6),OMNY - Full Fare,"1,593",24
4/29/26 19:00,23 St-Baruch College (6),OMNY - Fair Fare,85,1
4/29/26 18:00,23 St-Baruch College (6),OMNY - Seniors & Disability,72,4
4/29/26 18:00,23 St-Baruch College (6),OMNY - Fair Fare,70,0
4/29/26 18:00,23 St-Baruch College (6),OMNY - Other,25,0
4/29/26 18:00,23 St-Baruch College (6),Metrocard - Other,4,0
4/29/26 18:00,23 St-Baruch College (6),OMNY - Full Fare,"1,839",49
4/29/26 18:00,23 St-Baruch College (6),OMNY - Students,104,2
4/29/26 17:00,23 St-Baruch College (6),Metrocard - Unlimited 30-Day,2,0
4/29/26 17:00,23 St-Baruch College (6),OMNY - Students,204,3
4/29/26 17:00,23 St-Baruch College (6),Metrocard - Other,7,0
4/29/26 17:00,23 St-Baruch College (6),OMNY - Full Fare,"2,782",38
4/29/26 17:00,23 St-Baruch College (6),OMNY - Seniors & Disability,109,8
4/29/26 17:00,23 St-Baruch College (6),Metrocard - Unlimited 7-Day,1,0
4/29/26 17:00,23 St-Baruch College (6),OMNY - Other,27,1
4/29/26 17:00,23 St-Baruch College (6),OMNY - Fair Fare,131,0
4/29/26 16:00,23 St-Baruch College (6),OMNY - Seniors & Disability,121,16
4/29/26 16:00,23 St-Baruch College (6),Metrocard - Unlimited 7-Day,1,0
4/29/26 16:00,23 St-Baruch College (6),OMNY - Other,32,0
4/29/26 16:00,23 St-Baruch College (6),OMNY - Students,190,1
4/29/26 16:00,23 St-Baruch College (6),OMNY - Full Fare,"2,085",37
4/29/26 16:00,23 St-Baruch College (6),Metrocard - Other,13,0
4/29/26 16:00,23 St-Baruch College (6),OMNY - Fair Fare,135,3
4/29/26 16:00,23 St-Baruch College (6),Metrocard - Unlimited 30-Day,2,0
4/29/26 15:00,23 St-Baruch College (6),OMNY - Fair Fare,114,4
4/29/26 15:00,23 St-Baruch College (6),Metrocard - Unlimited 30-Day,3,0
4/29/26 15:00,23 St-Baruch College (6),OMNY - Full Fare,"1,620",35
4/29/26 15:00,23 St-Baruch College (6),OMNY - Other,36,0
4/29/26 15:00,23 St-Baruch College (6),Metrocard - Seniors & Disability,1,0
4/29/26 15:00,23 St-Baruch College (6),OMNY - Seniors & Disability,134,17
4/29/26 15:00,23 St-Baruch College (6),Metrocard - Other,7,0
4/29/26 15:00,23 St-Baruch College (6),OMNY - Students,303,6
4/29/26 14:00,23 St-Baruch College (6),Metrocard - Unlimited 30-Day,1,0
4/29/26 14:00,23 St-Baruch College (6),OMNY - Full Fare,"1,385",42
4/29/26 14:00,23 St-Baruch College (6),OMNY - Other,27,0
4/29/26 14:00,23 St-Baruch College (6),Metrocard - Other,9,0
4/29/26 14:00,23 St-Baruch College (6),OMNY - Fair Fare,115,0
4/29/26 14:00,23 St-Baruch College (6),Metrocard - Unlimited 7-Day,1,0
4/29/26 14:00,23 St-Baruch College (6),OMNY - Seniors & Disability,121,11
4/29/26 14:00,23 St-Baruch College (6),OMNY - Students,264,0
4/29/26 13:00,23 St-Baruch College (6),OMNY - Seniors & Disability,86,8
4/29/26 13:00,23 St-Baruch College (6),OMNY - Fair Fare,46,0
4/29/26 13:00,23 St-Baruch College (6),OMNY - Students,74,3
4/29/26 13:00,23 St-Baruch College (6),Metrocard - Unlimited 30-Day,1,0
4/29/26 13:00,23 St-Baruch College (6),OMNY - Other,14,0
4/29/26 13:00,23 St-Baruch College (6),OMNY - Full Fare,784,19
4/29/26 13:00,23 St-Baruch College (6),Metrocard - Other,6,0
4/29/26 12:00,23 St-Baruch College (6),OMNY - Fair Fare,75,3
4/29/26 12:00,23 St-Baruch College (6),Metrocard - Other,5,0
4/29/26 12:00,23 St-Baruch College (6),OMNY - Full Fare,878,20
4/29/26 12:00,23 St-Baruch College (6),OMNY - Seniors & Disability,106,16
4/29/26 12:00,23 St-Baruch College (6),OMNY - Other,12,0
4/29/26 12:00,23 St-Baruch College (6),OMNY - Students,85,1
4/29/26 12:00,23 St-Baruch College (6),Metrocard - Unlimited 30-Day,3,0
4/29/26 11:00,23 St-Baruch College (6),Metrocard - Unlimited 30-Day,1,0
4/29/26 11:00,23 St-Baruch College (6),Metrocard - Unlimited 7-Day,1,0
4/29/26 11:00,23 St-Baruch College (6),OMNY - Full Fare,711,17
4/29/26 11:00,23 St-Baruch College (6),OMNY - Students,40,1
4/29/26 11:00,23 St-Baruch College (6),Metrocard - Other,4,0
4/29/26 11:00,23 St-Baruch College (6),OMNY - Other,10,0
4/29/26 11:00,23 St-Baruch College (6),OMNY - Seniors & Disability,71,11
4/29/26 11:00,23 St-Baruch College (6),OMNY - Fair Fare,42,1
4/29/26 10:00,23 St-Baruch College (6),OMNY - Other,14,0
4/29/26 10:00,23 St-Baruch College (6),Metrocard - Other,5,0
4/29/26 10:00,23 St-Baruch College (6),OMNY - Fair Fare,38,3
4/29/26 10:00,23 St-Baruch College (6),OMNY - Students,55,0
4/29/26 10:00,23 St-Baruch College (6),OMNY - Full Fare,705,40
4/29/26 10:00,23 St-Baruch College (6),OMNY - Seniors & Disability,65,11
4/29/26 9:00,23 St-Baruch College (6),OMNY - Students,22,0
4/29/26 9:00,23 St-Baruch College (6),Metrocard - Seniors & Disability,1,0
4/29/26 9:00,23 St-Baruch College (6),OMNY - Fair Fare,19,3
4/29/26 9:00,23 St-Baruch College (6),OMNY - Other,9,0
4/29/26 9:00,23 St-Baruch College (6),OMNY - Full Fare,998,69
4/29/26 9:00,23 St-Baruch College (6),OMNY - Seniors & Disability,53,9
4/29/26 8:00,23 St-Baruch College (6),OMNY - Seniors & Disability,44,9
4/29/26 8:00,23 St-Baruch College (6),Metrocard - Other,1,0
4/29/26 8:00,23 St-Baruch College (6),OMNY - Other,9,0
4/29/26 8:00,23 St-Baruch College (6),Metrocard - Unlimited 7-Day,1,0
4/29/26 8:00,23 St-Baruch College (6),OMNY - Fair Fare,20,5
4/29/26 8:00,23 St-Baruch College (6),OMNY - Students,61,2
4/29/26 8:00,23 St-Baruch College (6),OMNY - Full Fare,"1,493",113
4/29/26 7:00,23 St-Baruch College (6),OMNY - Fair Fare,8,1
4/29/26 7:00,23 St-Baruch College (6),OMNY - Full Fare,730,128
4/29/26 7:00,23 St-Baruch College (6),Metrocard - Other,4,0
4/29/26 7:00,23 St-Baruch College (6),OMNY - Students,71,2
4/29/26 7:00,23 St-Baruch College (6),OMNY - Other,9,0
4/29/26 7:00,23 St-Baruch College (6),OMNY - Seniors & Disability,24,6
4/29/26 6:00,23 St-Baruch College (6),OMNY - Full Fare,198,54
4/29/26 6:00,23 St-Baruch College (6),OMNY - Seniors & Disability,12,5
4/29/26 6:00,23 St-Baruch College (6),Metrocard - Other,2,0
4/29/26 6:00,23 St-Baruch College (6),OMNY - Fair Fare,4,0
4/29/26 6:00,23 St-Baruch College (6),OMNY - Students,5,1
4/29/26 6:00,23 St-Baruch College (6),OMNY - Other,3,0
4/29/26 5:00,23 St-Baruch College (6),OMNY - Other,3,0
4/29/26 5:00,23 St-Baruch College (6),OMNY - Fair Fare,2,0
4/29/26 5:00,23 St-Baruch College (6),OMNY - Full Fare,49,20
4/29/26 5:00,23 St-Baruch College (6),OMNY - Seniors & Disability,6,2
4/29/26 5:00,23 St-Baruch College (6),OMNY - Students,2,0
4/29/26 4:00,23 St-Baruch College (6),OMNY - Students,1,0
4/29/26 4:00,23 St-Baruch College (6),OMNY - Other,1,0
4/29/26 4:00,23 St-Baruch College (6),OMNY - Fair Fare,1,0
4/29/26 4:00,23 St-Baruch College (6),OMNY - Full Fare,12,0
4/29/26 3:00,23 St-Baruch College (6),OMNY - Students,2,0
4/29/26 3:00,23 St-Baruch College (6),OMNY - Other,1,0
4/29/26 3:00,23 St-Baruch College (6),OMNY - Seniors & Disability,1,0
4/29/26 3:00,23 St-Baruch College (6),OMNY - Full Fare,10,0
4/29/26 2:00,23 St-Baruch College (6),OMNY - Fair Fare,3,0
4/29/26 2:00,23 St-Baruch College (6),OMNY - Other,1,0
4/29/26 2:00,23 St-Baruch College (6),OMNY - Full Fare,16,0
4/29/26 2:00,23 St-Baruch College (6),OMNY - Seniors & Disability,1,0
4/29/26 1:00,23 St-Baruch College (6),OMNY - Full Fare,54,0
4/29/26 1:00,23 St-Baruch College (6),OMNY - Other,3,0
4/29/26 1:00,23 St-Baruch College (6),OMNY - Students,1,0
4/29/26 1:00,23 St-Baruch College (6),OMNY - Fair Fare,3,0
4/29/26 0:00,23 St-Baruch College (6),OMNY - Other,7,0
4/29/26 0:00,23 St-Baruch College (6),OMNY - Students,10,0
4/29/26 0:00,23 St-Baruch College (6),OMNY - Full Fare,133,0
4/29/26 0:00,23 St-Baruch College (6),OMNY - Fair Fare,9,0
4/29/26 0:00,23 St-Baruch College (6),OMNY - Seniors & Disability,4,0
4/28/26 23:00,23 St-Baruch College (6),OMNY - Other,2,0
4/28/26 23:00,23 St-Baruch College (6),OMNY - Students,14,0
4/28/26 23:00,23 St-Baruch College (6),OMNY - Fair Fare,7,0
4/28/26 23:00,23 St-Baruch College (6),OMNY - Seniors & Disability,14,2
4/28/26 23:00,23 St-Baruch College (6),OMNY - Full Fare,327,7
4/28/26 22:00,23 St-Baruch College (6),OMNY - Students,19,1
4/28/26 22:00,23 St-Baruch College (6),OMNY - Full Fare,401,6
4/28/26 22:00,23 St-Baruch College (6),OMNY - Other,10,0
4/28/26 22:00,23 St-Baruch College (6),OMNY - Seniors & Disability,18,1
4/28/26 22:00,23 St-Baruch College (6),OMNY - Fair Fare,20,0
4/28/26 21:00,23 St-Baruch College (6),Metrocard - Other,2,0
4/28/26 21:00,23 St-Baruch College (6),OMNY - Students,32,0
4/28/26 21:00,23 St-Baruch College (6),Metrocard - Unlimited 30-Day,2,0
4/28/26 21:00,23 St-Baruch College (6),OMNY - Other,11,0
4/28/26 21:00,23 St-Baruch College (6),OMNY - Seniors & Disability,24,0
4/28/26 21:00,23 St-Baruch College (6),OMNY - Fair Fare,55,1
4/28/26 21:00,23 St-Baruch College (6),OMNY - Full Fare,744,2
4/28/26 20:00,23 St-Baruch College (6),OMNY - Fair Fare,85,1
4/28/26 20:00,23 St-Baruch College (6),OMNY - Full Fare,"1,198",10
4/28/26 20:00,23 St-Baruch College (6),OMNY - Other,20,0
4/28/26 20:00,23 St-Baruch College (6),OMNY - Students,67,0
4/28/26 20:00,23 St-Baruch College (6),OMNY - Seniors & Disability,58,4
4/28/26 20:00,23 St-Baruch College (6),Metrocard - Unlimited 30-Day,1,0
4/28/26 20:00,23 St-Baruch College (6),Metrocard - Other,6,0
4/28/26 19:00,23 St-Baruch College (6),OMNY - Seniors & Disability,58,4
4/28/26 19:00,23 St-Baruch College (6),Metrocard - Other,3,0
4/28/26 19:00,23 St-Baruch College (6),OMNY - Full Fare,"1,495",23
4/28/26 19:00,23 St-Baruch College (6),OMNY - Fair Fare,117,3
4/28/26 19:00,23 St-Baruch College (6),Metrocard - Unlimited 30-Day,2,0
4/28/26 19:00,23 St-Baruch College (6),OMNY - Other,25,0
4/28/26 19:00,23 St-Baruch College (6),OMNY - Students,113,0
4/28/26 18:00,23 St-Baruch College (6),OMNY - Fair Fare,71,0
4/28/26 18:00,23 St-Baruch College (6),OMNY - Students,120,1
4/28/26 18:00,23 St-Baruch College (6),Metrocard - Other,4,0
4/28/26 18:00,23 St-Baruch College (6),Metrocard - Unlimited 30-Day,1,0
4/28/26 18:00,23 St-Baruch College (6),OMNY - Other,28,0
4/28/26 18:00,23 St-Baruch College (6),OMNY - Seniors & Disability,76,7
4/28/26 18:00,23 St-Baruch College (6),OMNY - Full Fare,"1,847",33
4/28/26 17:00,23 St-Baruch College (6),OMNY - Seniors & Disability,121,5
4/28/26 17:00,23 St-Baruch College (6),OMNY - Fair Fare,107,0
4/28/26 17:00,23 St-Baruch College (6),Metrocard - Other,2,0
4/28/26 17:00,23 St-Baruch College (6),OMNY - Other,26,0
4/28/26 17:00,23 St-Baruch College (6),OMNY - Students,188,1
4/28/26 17:00,23 St-Baruch College (6),Metrocard - Unlimited 7-Day,1,0
4/28/26 17:00,23 St-Baruch College (6),Metrocard - Unlimited 30-Day,1,0
4/28/26 17:00,23 St-Baruch College (6),OMNY - Full Fare,"2,703",37
4/28/26 16:00,23 St-Baruch College (6),Metrocard - Unlimited 30-Day,2,0
4/28/26 16:00,23 St-Baruch College (6),OMNY - Fair Fare,138,2
4/28/26 16:00,23 St-Baruch College (6),OMNY - Seniors & Disability,114,9
4/28/26 16:00,23 St-Baruch College (6),OMNY - Full Fare,"1,922",59
4/28/26 16:00,23 St-Baruch College (6),OMNY - Other,37,0
4/28/26 16:00,23 St-Baruch College (6),Metrocard - Other,10,1
4/28/26 16:00,23 St-Baruch College (6),Metrocard - Unlimited 7-Day,3,0
4/28/26 16:00,23 St-Baruch College (6),OMNY - Students,175,6
4/28/26 15:00,23 St-Baruch College (6),OMNY - Fair Fare,116,3
4/28/26 15:00,23 St-Baruch College (6),OMNY - Other,41,0
4/28/26 15:00,23 St-Baruch College (6),Metrocard - Other,8,0
4/28/26 15:00,23 St-Baruch College (6),OMNY - Seniors & Disability,99,10
4/28/26 15:00,23 St-Baruch College (6),OMNY - Full Fare,"1,596",34
4/28/26 15:00,23 St-Baruch College (6),OMNY - Students,338,7
4/28/26 15:00,23 St-Baruch College (6),Metrocard - Unlimited 30-Day,1,0
4/28/26 14:00,23 St-Baruch College (6),OMNY - Fair Fare,78,2
4/28/26 14:00,23 St-Baruch College (6),Metrocard - Other,4,0
4/28/26 14:00,23 St-Baruch College (6),OMNY - Other,21,0
4/28/26 14:00,23 St-Baruch College (6),OMNY - Seniors & Disability,100,15
4/28/26 14:00,23 St-Baruch College (6),OMNY - Full Fare,"1,173",24
4/28/26 14:00,23 St-Baruch College (6),OMNY - Students,241,1
4/28/26 13:00,23 St-Baruch College (6),Metrocard - Unlimited 30-Day,1,0
4/28/26 13:00,23 St-Baruch College (6),OMNY - Students,51,1
4/28/26 13:00,23 St-Baruch College (6),OMNY - Fair Fare,48,3
4/28/26 13:00,23 St-Baruch College (6),Metrocard - Full Fare,2,0
4/28/26 13:00,23 St-Baruch College (6),OMNY - Seniors & Disability,80,16
4/28/26 13:00,23 St-Baruch College (6),Metrocard - Other,5,0
4/28/26 13:00,23 St-Baruch College (6),OMNY - Other,13,0
4/28/26 13:00,23 St-Baruch College (6),OMNY - Full Fare,768,12
4/28/26 12:00,23 St-Baruch College (6),OMNY - Full Fare,857,18
4/28/26 12:00,23 St-Baruch College (6),OMNY - Students,70,0
4/28/26 12:00,23 St-Baruch College (6),Metrocard - Unlimited 30-Day,6,0
4/28/26 12:00,23 St-Baruch College (6),OMNY - Other,19,0
4/28/26 12:00,23 St-Baruch College (6),OMNY - Seniors & Disability,86,14
4/28/26 12:00,23 St-Baruch College (6),Metrocard - Other,2,0
4/28/26 12:00,23 St-Baruch College (6),OMNY - Fair Fare,80,3
4/28/26 11:00,23 St-Baruch College (6),OMNY - Students,39,0
4/28/26 11:00,23 St-Baruch College (6),OMNY - Other,15,0
4/28/26 11:00,23 St-Baruch College (6),OMNY - Fair Fare,46,2
4/28/26 11:00,23 St-Baruch College (6),OMNY - Seniors & Disability,66,7
4/28/26 11:00,23 St-Baruch College (6),Metrocard - Other,1,0
4/28/26 11:00,23 St-Baruch College (6),OMNY - Full Fare,656,17
4/28/26 10:00,23 St-Baruch College (6),OMNY - Seniors & Disability,57,10
4/28/26 10:00,23 St-Baruch College (6),OMNY - Students,42,0
4/28/26 10:00,23 St-Baruch College (6),OMNY - Full Fare,690,27
4/28/26 10:00,23 St-Baruch College (6),Metrocard - Other,2,0
4/28/26 10:00,23 St-Baruch College (6),OMNY - Fair Fare,31,1
4/28/26 10:00,23 St-Baruch College (6),OMNY - Other,20,0
4/28/26 9:00,23 St-Baruch College (6),OMNY - Full Fare,"1,040",103
4/28/26 9:00,23 St-Baruch College (6),OMNY - Fair Fare,17,2
4/28/26 9:00,23 St-Baruch College (6),Metrocard - Other,2,0
4/28/26 9:00,23 St-Baruch College (6),OMNY - Students,26,1
4/28/26 9:00,23 St-Baruch College (6),OMNY - Seniors & Disability,58,6
4/28/26 9:00,23 St-Baruch College (6),OMNY - Other,27,0
4/28/26 8:00,23 St-Baruch College (6),Metrocard - Unlimited 7-Day,1,0
4/28/26 8:00,23 St-Baruch College (6),OMNY - Students,54,4
4/28/26 8:00,23 St-Baruch College (6),OMNY - Other,12,0
4/28/26 8:00,23 St-Baruch College (6),Metrocard - Other,1,0
4/28/26 8:00,23 St-Baruch College (6),OMNY - Fair Fare,23,3
4/28/26 8:00,23 St-Baruch College (6),OMNY - Seniors & Disability,35,6
4/28/26 8:00,23 St-Baruch College (6),OMNY - Full Fare,"1,554",112
4/28/26 7:00,23 St-Baruch College (6),OMNY - Other,8,0
4/28/26 7:00,23 St-Baruch College (6),Metrocard - Unlimited 30-Day,1,0
4/28/26 7:00,23 St-Baruch College (6),OMNY - Students,76,2
4/28/26 7:00,23 St-Baruch College (6),OMNY - Full Fare,736,105
4/28/26 7:00,23 St-Baruch College (6),OMNY - Seniors & Disability,31,6
4/28/26 7:00,23 St-Baruch College (6),OMNY - Fair Fare,5,0
4/28/26 7:00,23 St-Baruch College (6),Metrocard - Other,5,0
4/28/26 6:00,23 St-Baruch College (6),OMNY - Students,6,0
4/28/26 6:00,23 St-Baruch College (6),Metrocard - Other,1,0
4/28/26 6:00,23 St-Baruch College (6),OMNY - Seniors & Disability,11,3
4/28/26 6:00,23 St-Baruch College (6),OMNY - Fair Fare,4,0
4/28/26 6:00,23 St-Baruch College (6),OMNY - Full Fare,216,46
4/28/26 6:00,23 St-Baruch College (6),OMNY - Other,6,0
4/28/26 5:00,23 St-Baruch College (6),OMNY - Seniors & Disability,5,4
4/28/26 5:00,23 St-Baruch College (6),OMNY - Other,1,0
4/28/26 5:00,23 St-Baruch College (6),OMNY - Fair Fare,2,0
4/28/26 5:00,23 St-Baruch College (6),OMNY - Students,2,0
4/28/26 5:00,23 St-Baruch College (6),OMNY - Full Fare,56,19
4/28/26 4:00,23 St-Baruch College (6),OMNY - Students,2,0
4/28/26 4:00,23 St-Baruch College (6),OMNY - Full Fare,17,0
4/28/26 4:00,23 St-Baruch College (6),Metrocard - Unlimited 30-Day,1,0
4/28/26 4:00,23 St-Baruch College (6),OMNY - Other,1,0
4/28/26 4:00,23 St-Baruch College (6),OMNY - Fair Fare,1,0
4/28/26 3:00,23 St-Baruch College (6),OMNY - Other,3,0
4/28/26 3:00,23 St-Baruch College (6),OMNY - Students,1,0
4/28/26 3:00,23 St-Baruch College (6),OMNY - Full Fare,7,0
4/28/26 2:00,23 St-Baruch College (6),OMNY - Full Fare,11,0
4/28/26 2:00,23 St-Baruch College (6),OMNY - Other,2,0
4/28/26 2:00,23 St-Baruch College (6),OMNY - Students,2,0
4/28/26 1:00,23 St-Baruch College (6),OMNY - Full Fare,39,1
4/28/26 1:00,23 St-Baruch College (6),OMNY - Students,2,0
4/28/26 1:00,23 St-Baruch College (6),OMNY - Fair Fare,3,0
4/28/26 1:00,23 St-Baruch College (6),OMNY - Other,2,0
4/28/26 0:00,23 St-Baruch College (6),Metrocard - Other,1,0
4/28/26 0:00,23 St-Baruch College (6),OMNY - Other,4,0
4/28/26 0:00,23 St-Baruch College (6),OMNY - Full Fare,112,1
4/28/26 0:00,23 St-Baruch College (6),OMNY - Seniors & Disability,6,0
4/28/26 0:00,23 St-Baruch College (6),OMNY - Students,3,0
4/28/26 0:00,23 St-Baruch College (6),OMNY - Fair Fare,8,0
4/27/26 23:00,23 St-Baruch College (6),OMNY - Other,7,0
4/27/26 23:00,23 St-Baruch College (6),OMNY - Full Fare,248,9
4/27/26 23:00,23 St-Baruch College (6),OMNY - Seniors & Disability,14,2
4/27/26 23:00,23 St-Baruch College (6),OMNY - Students,17,0
4/27/26 23:00,23 St-Baruch College (6),OMNY - Fair Fare,9,0
4/27/26 22:00,23 St-Baruch College (6),OMNY - Other,9,0
4/27/26 22:00,23 St-Baruch College (6),OMNY - Full Fare,339,4
4/27/26 22:00,23 St-Baruch College (6),OMNY - Seniors & Disability,17,0
4/27/26 22:00,23 St-Baruch College (6),OMNY - Students,22,1
4/27/26 22:00,23 St-Baruch College (6),OMNY - Fair Fare,25,1
4/27/26 21:00,23 St-Baruch College (6),Metrocard - Other,2,0
4/27/26 21:00,23 St-Baruch College (6),OMNY - Seniors & Disability,23,1
4/27/26 21:00,23 St-Baruch College (6),OMNY - Other,2,0
4/27/26 21:00,23 St-Baruch College (6),Metrocard - Unlimited 30-Day,1,0
4/27/26 21:00,23 St-Baruch College (6),OMNY - Fair Fare,39,0
4/27/26 21:00,23 St-Baruch College (6),OMNY - Full Fare,685,7
4/27/26 21:00,23 St-Baruch College (6),OMNY - Students,31,0
4/27/26 20:00,23 St-Baruch College (6),OMNY - Students,84,0
4/27/26 20:00,23 St-Baruch College (6),OMNY - Seniors & Disability,56,4
4/27/26 20:00,23 St-Baruch College (6),OMNY - Fair Fare,80,1
4/27/26 20:00,23 St-Baruch College (6),OMNY - Full Fare,"1,008",10
4/27/26 20:00,23 St-Baruch College (6),OMNY - Other,17,0
4/27/26 20:00,23 St-Baruch College (6),Metrocard - Unlimited 30-Day,1,0
4/27/26 20:00,23 St-Baruch College (6),Metrocard - Other,7,0
4/27/26 19:00,23 St-Baruch College (6),OMNY - Students,142,3
4/27/26 19:00,23 St-Baruch College (6),OMNY - Seniors & Disability,50,4
4/27/26 19:00,23 St-Baruch College (6),Metrocard - Full Fare,1,0
4/27/26 19:00,23 St-Baruch College (6),Metrocard - Other,4,0
4/27/26 19:00,23 St-Baruch College (6),OMNY - Other,20,0
4/27/26 19:00,23 St-Baruch College (6),Metrocard - Unlimited 30-Day,2,0
4/27/26 19:00,23 St-Baruch College (6),OMNY - Full Fare,"1,379",23
4/27/26 19:00,23 St-Baruch College (6),OMNY - Fair Fare,98,1
4/27/26 18:00,23 St-Baruch College (6),Metrocard - Other,6,0
4/27/26 18:00,23 St-Baruch College (6),OMNY - Students,127,5
4/27/26 18:00,23 St-Baruch College (6),OMNY - Seniors & Disability,85,8
4/27/26 18:00,23 St-Baruch College (6),OMNY - Fair Fare,80,2
4/27/26 18:00,23 St-Baruch College (6),OMNY - Full Fare,"1,604",42
4/27/26 18:00,23 St-Baruch College (6),OMNY - Other,16,0
4/27/26 17:00,23 St-Baruch College (6),Metrocard - Other,2,0
4/27/26 17:00,23 St-Baruch College (6),OMNY - Fair Fare,148,3
4/27/26 17:00,23 St-Baruch College (6),OMNY - Full Fare,"2,310",36
4/27/26 17:00,23 St-Baruch College (6),OMNY - Seniors & Disability,112,10
4/27/26 17:00,23 St-Baruch College (6),OMNY - Students,201,2
4/27/26 17:00,23 St-Baruch College (6),OMNY - Other,23,0
4/27/26 17:00,23 St-Baruch College (6),Metrocard - Unlimited 30-Day,2,0
4/27/26 16:00,23 St-Baruch College (6),OMNY - Seniors & Disability,95,8
4/27/26 16:00,23 St-Baruch College (6),Metrocard - Unlimited 30-Day,2,0
4/27/26 16:00,23 St-Baruch College (6),OMNY - Fair Fare,95,2
4/27/26 16:00,23 St-Baruch College (6),Metrocard - Unlimited 7-Day,1,0
4/27/26 16:00,23 St-Baruch College (6),Metrocard - Other,6,0
4/27/26 16:00,23 St-Baruch College (6),OMNY - Full Fare,"1,781",46
4/27/26 16:00,23 St-Baruch College (6),OMNY - Other,24,0
4/27/26 16:00,23 St-Baruch College (6),OMNY - Students,221,6
4/27/26 15:00,23 St-Baruch College (6),Metrocard - Other,5,0
4/27/26 15:00,23 St-Baruch College (6),OMNY - Fair Fare,114,3
4/27/26 15:00,23 St-Baruch College (6),Metrocard - Unlimited 30-Day,3,0
4/27/26 15:00,23 St-Baruch College (6),OMNY - Other,37,0
4/27/26 15:00,23 St-Baruch College (6),OMNY - Students,335,3
4/27/26 15:00,23 St-Baruch College (6),OMNY - Seniors & Disability,125,9
4/27/26 15:00,23 St-Baruch College (6),OMNY - Full Fare,"1,577",35
4/27/26 15:00,23 St-Baruch College (6),Metrocard - Seniors & Disability,1,0
4/27/26 14:00,23 St-Baruch College (6),Metrocard - Unlimited 7-Day,1,0
4/27/26 14:00,23 St-Baruch College (6),Metrocard - Other,6,0
4/27/26 14:00,23 St-Baruch College (6),OMNY - Seniors & Disability,111,10
4/27/26 14:00,23 St-Baruch College (6),OMNY - Other,24,0
4/27/26 14:00,23 St-Baruch College (6),OMNY - Fair Fare,123,4
4/27/26 14:00,23 St-Baruch College (6),OMNY - Full Fare,"1,197",29
4/27/26 14:00,23 St-Baruch College (6),OMNY - Students,235,3
4/27/26 14:00,23 St-Baruch College (6),Metrocard - Unlimited 30-Day,1,0
4/27/26 13:00,23 St-Baruch College (6),Metrocard - Other,6,0
4/27/26 13:00,23 St-Baruch College (6),OMNY - Seniors & Disability,74,7
4/27/26 13:00,23 St-Baruch College (6),OMNY - Students,57,2
4/27/26 13:00,23 St-Baruch College (6),OMNY - Full Fare,666,11
4/27/26 13:00,23 St-Baruch College (6),OMNY - Other,12,0
4/27/26 13:00,23 St-Baruch College (6),OMNY - Fair Fare,37,0
4/27/26 12:00,23 St-Baruch College (6),OMNY - Full Fare,811,14
4/27/26 12:00,23 St-Baruch College (6),Metrocard - Other,4,0
4/27/26 12:00,23 St-Baruch College (6),OMNY - Other,11,0
4/27/26 12:00,23 St-Baruch College (6),OMNY - Seniors & Disability,68,7
4/27/26 12:00,23 St-Baruch College (6),Metrocard - Unlimited 30-Day,3,0
4/27/26 12:00,23 St-Baruch College (6),OMNY - Students,67,1
4/27/26 12:00,23 St-Baruch College (6),OMNY - Fair Fare,63,4
4/27/26 11:00,23 St-Baruch College (6),OMNY - Full Fare,643,22
4/27/26 11:00,23 St-Baruch College (6),Metrocard - Other,2,0
4/27/26 11:00,23 St-Baruch College (6),OMNY - Seniors & Disability,74,9
4/27/26 11:00,23 St-Baruch College (6),OMNY - Other,13,0
4/27/26 11:00,23 St-Baruch College (6),Metrocard - Unlimited 30-Day,1,0
4/27/26 11:00,23 St-Baruch College (6),OMNY - Students,38,0
4/27/26 11:00,23 St-Baruch College (6),OMNY - Fair Fare,44,0
4/27/26 10:00,23 St-Baruch College (6),Metrocard - Other,4,0
4/27/26 10:00,23 St-Baruch College (6),OMNY - Fair Fare,26,1
4/27/26 10:00,23 St-Baruch College (6),OMNY - Other,10,0
4/27/26 10:00,23 St-Baruch College (6),OMNY - Students,17,1
4/27/26 10:00,23 St-Baruch College (6),OMNY - Full Fare,592,19
4/27/26 10:00,23 St-Baruch College (6),OMNY - Seniors & Disability,57,8
4/27/26 9:00,23 St-Baruch College (6),OMNY - Other,10,1
4/27/26 9:00,23 St-Baruch College (6),OMNY - Seniors & Disability,56,11
4/27/26 9:00,23 St-Baruch College (6),Metrocard - Other,3,0
4/27/26 9:00,23 St-Baruch College (6),OMNY - Full Fare,863,65
4/27/26 9:00,23 St-Baruch College (6),OMNY - Fair Fare,14,2
4/27/26 9:00,23 St-Baruch College (6),OMNY - Students,21,4
4/27/26 8:00,23 St-Baruch College (6),OMNY - Full Fare,"1,373",121
4/27/26 8:00,23 St-Baruch College (6),OMNY - Fair Fare,17,1
4/27/26 8:00,23 St-Baruch College (6),OMNY - Students,49,5
4/27/26 8:00,23 St-Baruch College (6),OMNY - Other,10,0
4/27/26 8:00,23 St-Baruch College (6),Metrocard - Unlimited 30-Day,1,0
4/27/26 8:00,23 St-Baruch College (6),Metrocard - Other,3,0
4/27/26 8:00,23 St-Baruch College (6),OMNY - Seniors & Disability,41,10
4/27/26 7:00,23 St-Baruch College (6),OMNY - Other,9,0
4/27/26 7:00,23 St-Baruch College (6),Metrocard - Unlimited 30-Day,2,0
4/27/26 7:00,23 St-Baruch College (6),OMNY - Full Fare,686,99
4/27/26 7:00,23 St-Baruch College (6),Metrocard - Other,2,0
4/27/26 7:00,23 St-Baruch College (6),OMNY - Seniors & Disability,29,7
4/27/26 7:00,23 St-Baruch College (6),OMNY - Students,69,6
4/27/26 7:00,23 St-Baruch College (6),OMNY - Fair Fare,4,1
4/27/26 6:00,23 St-Baruch College (6),Metrocard - Other,2,0
4/27/26 6:00,23 St-Baruch College (6),OMNY - Full Fare,190,37
4/27/26 6:00,23 St-Baruch College (6),OMNY - Fair Fare,5,0
4/27/26 6:00,23 St-Baruch College (6),OMNY - Other,2,0
4/27/26 6:00,23 St-Baruch College (6),OMNY - Students,5,0
4/27/26 6:00,23 St-Baruch College (6),OMNY - Seniors & Disability,16,5
4/27/26 5:00,23 St-Baruch College (6),OMNY - Seniors & Disability,5,3
4/27/26 5:00,23 St-Baruch College (6),OMNY - Full Fare,57,19
4/27/26 5:00,23 St-Baruch College (6),OMNY - Other,2,0
4/27/26 5:00,23 St-Baruch College (6),OMNY - Fair Fare,3,0
4/27/26 4:00,23 St-Baruch College (6),OMNY - Students,1,0
4/27/26 4:00,23 St-Baruch College (6),OMNY - Fair Fare,2,0
4/27/26 4:00,23 St-Baruch College (6),OMNY - Other,1,0
4/27/26 4:00,23 St-Baruch College (6),OMNY - Full Fare,10,0
4/27/26 3:00,23 St-Baruch College (6),OMNY - Full Fare,17,0
4/27/26 3:00,23 St-Baruch College (6),OMNY - Other,1,0
4/27/26 2:00,23 St-Baruch College (6),OMNY - Full Fare,5,0
4/27/26 1:00,23 St-Baruch College (6),OMNY - Full Fare,30,0
4/27/26 1:00,23 St-Baruch College (6),OMNY - Students,1,0
4/27/26 0:00,23 St-Baruch College (6),OMNY - Other,2,0
4/27/26 0:00,23 St-Baruch College (6),OMNY - Students,5,0
4/27/26 0:00,23 St-Baruch College (6),OMNY - Seniors & Disability,1,0
4/27/26 0:00,23 St-Baruch College (6),OMNY - Full Fare,75,4
4/27/26 0:00,23 St-Baruch College (6),OMNY - Fair Fare,4,0
4/26/26 23:00,23 St-Baruch College (6),OMNY - Full Fare,188,2
4/26/26 23:00,23 St-Baruch College (6),Metrocard - Unlimited 30-Day,1,0
4/26/26 23:00,23 St-Baruch College (6),OMNY - Fair Fare,8,0
4/26/26 23:00,23 St-Baruch College (6),OMNY - Students,8,0
4/26/26 23:00,23 St-Baruch College (6),OMNY - Other,5,0
4/26/26 23:00,23 St-Baruch College (6),OMNY - Seniors & Disability,7,0
4/26/26 22:00,23 St-Baruch College (6),OMNY - Full Fare,217,1
4/26/26 22:00,23 St-Baruch College (6),OMNY - Seniors & Disability,5,0
4/26/26 22:00,23 St-Baruch College (6),OMNY - Students,9,0
4/26/26 22:00,23 St-Baruch College (6),OMNY - Other,10,0
4/26/26 22:00,23 St-Baruch College (6),OMNY - Fair Fare,18,2
4/26/26 21:00,23 St-Baruch College (6),OMNY - Seniors & Disability,5,1
4/26/26 21:00,23 St-Baruch College (6),Metrocard - Other,1,0
4/26/26 21:00,23 St-Baruch College (6),Metrocard - Unlimited 30-Day,2,0
4/26/26 21:00,23 St-Baruch College (6),OMNY - Students,12,0
4/26/26 21:00,23 St-Baruch College (6),OMNY - Other,1,0
4/26/26 21:00,23 St-Baruch College (6),OMNY - Fair Fare,18,2
4/26/26 21:00,23 St-Baruch College (6),OMNY - Full Fare,233,4
4/26/26 20:00,23 St-Baruch College (6),OMNY - Seniors & Disability,16,2
4/26/26 20:00,23 St-Baruch College (6),OMNY - Students,19,0
4/26/26 20:00,23 St-Baruch College (6),Metrocard - Unlimited 30-Day,2,0
4/26/26 20:00,23 St-Baruch College (6),OMNY - Fair Fare,17,0
4/26/26 20:00,23 St-Baruch College (6),OMNY - Other,4,0
4/26/26 20:00,23 St-Baruch College (6),OMNY - Full Fare,294,9
4/26/26 19:00,23 St-Baruch College (6),Metrocard - Seniors & Disability,1,0
4/26/26 19:00,23 St-Baruch College (6),OMNY - Fair Fare,16,0
4/26/26 19:00,23 St-Baruch College (6),OMNY - Students,7,1
4/26/26 19:00,23 St-Baruch College (6),OMNY - Full Fare,405,12
4/26/26 19:00,23 St-Baruch College (6),OMNY - Seniors & Disability,14,1
4/26/26 19:00,23 St-Baruch College (6),OMNY - Other,5,0
4/26/26 18:00,23 St-Baruch College (6),OMNY - Fair Fare,19,0
4/26/26 18:00,23 St-Baruch College (6),OMNY - Seniors & Disability,17,4
4/26/26 18:00,23 St-Baruch College (6),Metrocard - Other,1,0
4/26/26 18:00,23 St-Baruch College (6),OMNY - Full Fare,458,18
4/26/26 18:00,23 St-Baruch College (6),OMNY - Students,14,2
4/26/26 18:00,23 St-Baruch College (6),OMNY - Other,3,0
4/26/26 17:00,23 St-Baruch College (6),OMNY - Seniors & Disability,32,5
4/26/26 17:00,23 St-Baruch College (6),OMNY - Other,8,0
4/26/26 17:00,23 St-Baruch College (6),OMNY - Students,20,4
4/26/26 17:00,23 St-Baruch College (6),OMNY - Fair Fare,17,1
4/26/26 17:00,23 St-Baruch College (6),OMNY - Full Fare,506,17
4/26/26 16:00,23 St-Baruch College (6),OMNY - Fair Fare,17,0
4/26/26 16:00,23 St-Baruch College (6),OMNY - Other,16,0
4/26/26 16:00,23 St-Baruch College (6),OMNY - Seniors & Disability,30,4
4/26/26 16:00,23 St-Baruch College (6),OMNY - Students,19,1
4/26/26 16:00,23 St-Baruch College (6),OMNY - Full Fare,606,15
4/26/26 15:00,23 St-Baruch College (6),Metrocard - Unlimited 30-Day,1,0
4/26/26 15:00,23 St-Baruch College (6),Metrocard - Other,1,0
4/26/26 15:00,23 St-Baruch College (6),OMNY - Full Fare,704,22
4/26/26 15:00,23 St-Baruch College (6),OMNY - Other,4,0
4/26/26 15:00,23 St-Baruch College (6),OMNY - Seniors & Disability,36,4
4/26/26 15:00,23 St-Baruch College (6),OMNY - Students,33,2
4/26/26 15:00,23 St-Baruch College (6),OMNY - Fair Fare,22,0
4/26/26 14:00,23 St-Baruch College (6),OMNY - Full Fare,561,16
4/26/26 14:00,23 St-Baruch College (6),OMNY - Students,23,1
4/26/26 14:00,23 St-Baruch College (6),OMNY - Fair Fare,15,1
4/26/26 14:00,23 St-Baruch College (6),OMNY - Seniors & Disability,26,4
4/26/26 14:00,23 St-Baruch College (6),OMNY - Other,12,0
4/26/26 13:00,23 St-Baruch College (6),OMNY - Other,8,0
4/26/26 13:00,23 St-Baruch College (6),OMNY - Full Fare,685,24
4/26/26 13:00,23 St-Baruch College (6),Metrocard - Unlimited 30-Day,1,0
4/26/26 13:00,23 St-Baruch College (6),Metrocard - Other,2,0
4/26/26 13:00,23 St-Baruch College (6),OMNY - Seniors & Disability,34,4
4/26/26 13:00,23 St-Baruch College (6),OMNY - Students,21,2
4/26/26 13:00,23 St-Baruch College (6),OMNY - Fair Fare,12,0
4/26/26 12:00,23 St-Baruch College (6),Metrocard - Other,1,0
4/26/26 12:00,23 St-Baruch College (6),OMNY - Seniors & Disability,19,3
4/26/26 12:00,23 St-Baruch College (6),OMNY - Other,8,0
4/26/26 12:00,23 St-Baruch College (6),OMNY - Fair Fare,21,0
4/26/26 12:00,23 St-Baruch College (6),OMNY - Students,14,1
4/26/26 12:00,23 St-Baruch College (6),OMNY - Full Fare,585,17
4/26/26 11:00,23 St-Baruch College (6),OMNY - Other,5,0
4/26/26 11:00,23 St-Baruch College (6),OMNY - Seniors & Disability,20,2
4/26/26 11:00,23 St-Baruch College (6),Metrocard - Unlimited 30-Day,1,0
4/26/26 11:00,23 St-Baruch College (6),OMNY - Fair Fare,2,0
4/26/26 11:00,23 St-Baruch College (6),OMNY - Students,14,1
4/26/26 11:00,23 St-Baruch College (6),OMNY - Full Fare,535,25
4/26/26 10:00,23 St-Baruch College (6),OMNY - Students,15,0
4/26/26 10:00,23 St-Baruch College (6),OMNY - Full Fare,358,13
4/26/26 10:00,23 St-Baruch College (6),OMNY - Fair Fare,7,0
4/26/26 10:00,23 St-Baruch College (6),OMNY - Other,4,0
4/26/26 10:00,23 St-Baruch College (6),OMNY - Seniors & Disability,25,5
4/26/26 9:00,23 St-Baruch College (6),OMNY - Students,3,0
4/26/26 9:00,23 St-Baruch College (6),OMNY - Full Fare,244,7
4/26/26 9:00,23 St-Baruch College (6),OMNY - Other,5,0
4/26/26 9:00,23 St-Baruch College (6),OMNY - Seniors & Disability,15,2
4/26/26 9:00,23 St-Baruch College (6),OMNY - Fair Fare,1,0
4/26/26 8:00,23 St-Baruch College (6),OMNY - Full Fare,159,10
4/26/26 8:00,23 St-Baruch College (6),OMNY - Other,9,0
4/26/26 8:00,23 St-Baruch College (6),OMNY - Students,2,1
4/26/26 8:00,23 St-Baruch College (6),OMNY - Fair Fare,6,1
4/26/26 8:00,23 St-Baruch College (6),OMNY - Seniors & Disability,7,0
4/26/26 7:00,23 St-Baruch College (6),OMNY - Other,6,0
4/26/26 7:00,23 St-Baruch College (6),OMNY - Fair Fare,3,0
4/26/26 7:00,23 St-Baruch College (6),OMNY - Full Fare,96,1
4/26/26 7:00,23 St-Baruch College (6),Metrocard - Other,1,0
4/26/26 7:00,23 St-Baruch College (6),OMNY - Seniors & Disability,5,1
4/26/26 6:00,23 St-Baruch College (6),OMNY - Full Fare,66,3
4/26/26 6:00,23 St-Baruch College (6),OMNY - Students,4,0
4/26/26 6:00,23 St-Baruch College (6),OMNY - Fair Fare,1,0
4/26/26 6:00,23 St-Baruch College (6),OMNY - Other,6,0
4/26/26 5:00,23 St-Baruch College (6),OMNY - Fair Fare,3,0
4/26/26 5:00,23 St-Baruch College (6),OMNY - Other,4,0
4/26/26 5:00,23 St-Baruch College (6),OMNY - Full Fare,37,0
4/26/26 4:00,23 St-Baruch College (6),OMNY - Full Fare,21,0
4/26/26 4:00,23 St-Baruch College (6),OMNY - Other,6,0
4/26/26 3:00,23 St-Baruch College (6),OMNY - Students,1,0
4/26/26 3:00,23 St-Baruch College (6),OMNY - Other,3,0
4/26/26 3:00,23 St-Baruch College (6),OMNY - Full Fare,30,0
4/26/26 3:00,23 St-Baruch College (6),OMNY - Fair Fare,1,0
4/26/26 2:00,23 St-Baruch College (6),OMNY - Other,4,0
4/26/26 2:00,23 St-Baruch College (6),OMNY - Students,1,0
4/26/26 2:00,23 St-Baruch College (6),OMNY - Full Fare,30,0
4/26/26 1:00,23 St-Baruch College (6),OMNY - Fair Fare,5,0
4/26/26 1:00,23 St-Baruch College (6),OMNY - Other,2,0
4/26/26 1:00,23 St-Baruch College (6),OMNY - Full Fare,92,2
4/26/26 1:00,23 St-Baruch College (6),OMNY - Students,1,0
4/26/26 0:00,23 St-Baruch College (6),OMNY - Seniors & Disability,7,0
4/26/26 0:00,23 St-Baruch College (6),Metrocard - Unlimited 30-Day,1,0
4/26/26 0:00,23 St-Baruch College (6),OMNY - Fair Fare,8,0
4/26/26 0:00,23 St-Baruch College (6),OMNY - Other,1,0
4/26/26 0:00,23 St-Baruch College (6),OMNY - Full Fare,149,2
4/26/26 0:00,23 St-Baruch College (6),OMNY - Students,10,0
4/25/26 23:00,23 St-Baruch College (6),OMNY - Fair Fare,10,0
4/25/26 23:00,23 St-Baruch College (6),Metrocard - Unlimited 30-Day,1,0
4/25/26 23:00,23 St-Baruch College (6),OMNY - Students,10,0
4/25/26 23:00,23 St-Baruch College (6),OMNY - Other,1,0
4/25/26 23:00,23 St-Baruch College (6),OMNY - Full Fare,320,10
4/25/26 23:00,23 St-Baruch College (6),OMNY - Seniors & Disability,10,1
4/25/26 22:00,23 St-Baruch College (6),OMNY - Students,16,1
4/25/26 22:00,23 St-Baruch College (6),OMNY - Full Fare,418,6
4/25/26 22:00,23 St-Baruch College (6),OMNY - Seniors & Disability,7,0
4/25/26 22:00,23 St-Baruch College (6),OMNY - Other,11,2
4/25/26 22:00,23 St-Baruch College (6),OMNY - Fair Fare,16,0
4/25/26 21:00,23 St-Baruch College (6),OMNY - Students,11,0
4/25/26 21:00,23 St-Baruch College (6),OMNY - Full Fare,285,6
4/25/26 21:00,23 St-Baruch College (6),OMNY - Other,9,0
4/25/26 21:00,23 St-Baruch College (6),OMNY - Seniors & Disability,16,0
4/25/26 21:00,23 St-Baruch College (6),Metrocard - Unlimited 30-Day,2,0
4/25/26 21:00,23 St-Baruch College (6),OMNY - Fair Fare,14,1
4/25/26 20:00,23 St-Baruch College (6),Metrocard - Unlimited 30-Day,1,0
4/25/26 20:00,23 St-Baruch College (6),OMNY - Full Fare,410,2
4/25/26 20:00,23 St-Baruch College (6),OMNY - Fair Fare,8,0
4/25/26 20:00,23 St-Baruch College (6),OMNY - Seniors & Disability,19,0
4/25/26 20:00,23 St-Baruch College (6),OMNY - Other,5,0
4/25/26 20:00,23 St-Baruch College (6),OMNY - Students,11,0
4/25/26 20:00,23 St-Baruch College (6),Metrocard - Other,1,0
4/25/26 19:00,23 St-Baruch College (6),Metrocard - Other,1,0
4/25/26 19:00,23 St-Baruch College (6),OMNY - Students,16,0
4/25/26 19:00,23 St-Baruch College (6),OMNY - Full Fare,602,18
4/25/26 19:00,23 St-Baruch College (6),OMNY - Fair Fare,17,1
4/25/26 19:00,23 St-Baruch College (6),OMNY - Other,4,0
4/25/26 19:00,23 St-Baruch College (6),OMNY - Seniors & Disability,13,2
4/25/26 18:00,23 St-Baruch College (6),OMNY - Fair Fare,22,0
4/25/26 18:00,23 St-Baruch College (6),OMNY - Students,19,0
4/25/26 18:00,23 St-Baruch College (6),OMNY - Other,8,0
4/25/26 18:00,23 St-Baruch College (6),OMNY - Seniors & Disability,20,4
4/25/26 18:00,23 St-Baruch College (6),OMNY - Full Fare,657,7
4/25/26 17:00,23 St-Baruch College (6),OMNY - Full Fare,773,15
4/25/26 17:00,23 St-Baruch College (6),OMNY - Students,29,2
4/25/26 17:00,23 St-Baruch College (6),OMNY - Fair Fare,14,0
4/25/26 17:00,23 St-Baruch College (6),OMNY - Other,18,0
4/25/26 17:00,23 St-Baruch College (6),OMNY - Seniors & Disability,32,7
4/25/26 16:00,23 St-Baruch College (6),OMNY - Seniors & Disability,42,2
4/25/26 16:00,23 St-Baruch College (6),OMNY - Full Fare,954,17
4/25/26 16:00,23 St-Baruch College (6),OMNY - Students,49,0
4/25/26 16:00,23 St-Baruch College (6),OMNY - Fair Fare,24,2
4/25/26 16:00,23 St-Baruch College (6),Metrocard - Other,3,1
4/25/26 16:00,23 St-Baruch College (6),OMNY - Other,15,0
4/25/26 15:00,23 St-Baruch College (6),OMNY - Full Fare,"1,038",21
4/25/26 15:00,23 St-Baruch College (6),Metrocard - Full Fare,9,0
4/25/26 15:00,23 St-Baruch College (6),OMNY - Other,18,0
4/25/26 15:00,23 St-Baruch College (6),OMNY - Students,116,2
4/25/26 15:00,23 St-Baruch College (6),Metrocard - Unlimited 30-Day,1,0
4/25/26 15:00,23 St-Baruch College (6),OMNY - Fair Fare,37,0
4/25/26 15:00,23 St-Baruch College (6),OMNY - Seniors & Disability,48,5
4/25/26 15:00,23 St-Baruch College (6),Metrocard - Other,1,0
4/25/26 14:00,23 St-Baruch College (6),OMNY - Fair Fare,33,0
4/25/26 14:00,23 St-Baruch College (6),OMNY - Other,18,0
4/25/26 14:00,23 St-Baruch College (6),Metrocard - Unlimited 30-Day,1,0
4/25/26 14:00,23 St-Baruch College (6),Metrocard - Other,1,0
4/25/26 14:00,23 St-Baruch College (6),OMNY - Students,71,0
4/25/26 14:00,23 St-Baruch College (6),OMNY - Seniors & Disability,40,2
4/25/26 14:00,23 St-Baruch College (6),OMNY - Full Fare,"1,032",19
4/25/26 13:00,23 St-Baruch College (6),OMNY - Seniors & Disability,46,2
4/25/26 13:00,23 St-Baruch College (6),OMNY - Full Fare,"1,027",12
4/25/26 13:00,23 St-Baruch College (6),Metrocard - Full Fare,2,0
4/25/26 13:00,23 St-Baruch College (6),OMNY - Other,15,0
4/25/26 13:00,23 St-Baruch College (6),OMNY - Students,61,0
4/25/26 13:00,23 St-Baruch College (6),OMNY - Fair Fare,38,0
4/25/26 13:00,23 St-Baruch College (6),Metrocard - Other,3,0
4/25/26 12:00,23 St-Baruch College (6),OMNY - Fair Fare,15,0
4/25/26 12:00,23 St-Baruch College (6),OMNY - Full Fare,932,23
4/25/26 12:00,23 St-Baruch College (6),OMNY - Seniors & Disability,25,0
4/25/26 12:00,23 St-Baruch College (6),OMNY - Other,17,0
4/25/26 12:00,23 St-Baruch College (6),OMNY - Students,30,0
4/25/26 12:00,23 St-Baruch College (6),Metrocard - Other,2,0
4/25/26 11:00,23 St-Baruch College (6),OMNY - Other,16,0
4/25/26 11:00,23 St-Baruch College (6),OMNY - Seniors & Disability,44,3
4/25/26 11:00,23 St-Baruch College (6),OMNY - Fair Fare,18,0
4/25/26 11:00,23 St-Baruch College (6),OMNY - Students,39,2
4/25/26 11:00,23 St-Baruch College (6),OMNY - Full Fare,712,10
4/25/26 10:00,23 St-Baruch College (6),Metrocard - Unlimited 30-Day,1,0
4/25/26 10:00,23 St-Baruch College (6),OMNY - Seniors & Disability,26,5
4/25/26 10:00,23 St-Baruch College (6),OMNY - Students,19,0
4/25/26 10:00,23 St-Baruch College (6),OMNY - Full Fare,479,6
4/25/26 10:00,23 St-Baruch College (6),OMNY - Fair Fare,6,0
4/25/26 10:00,23 St-Baruch College (6),OMNY - Other,11,0
4/25/26 9:00,23 St-Baruch College (6),OMNY - Other,7,0
4/25/26 9:00,23 St-Baruch College (6),OMNY - Seniors & Disability,22,5
4/25/26 9:00,23 St-Baruch College (6),OMNY - Full Fare,358,20
4/25/26 9:00,23 St-Baruch College (6),OMNY - Fair Fare,3,0
4/25/26 9:00,23 St-Baruch College (6),OMNY - Students,16,1
4/25/26 8:00,23 St-Baruch College (6),OMNY - Students,7,0
4/25/26 8:00,23 St-Baruch College (6),OMNY - Full Fare,164,2
4/25/26 8:00,23 St-Baruch College (6),OMNY - Fair Fare,3,0
4/25/26 8:00,23 St-Baruch College (6),OMNY - Seniors & Disability,10,1
4/25/26 7:00,23 St-Baruch College (6),OMNY - Other,2,0
4/25/26 7:00,23 St-Baruch College (6),OMNY - Seniors & Disability,7,1
4/25/26 7:00,23 St-Baruch College (6),OMNY - Students,5,1
4/25/26 7:00,23 St-Baruch College (6),OMNY - Fair Fare,3,0
4/25/26 7:00,23 St-Baruch College (6),OMNY - Full Fare,101,2
4/25/26 6:00,23 St-Baruch College (6),OMNY - Other,4,0
4/25/26 6:00,23 St-Baruch College (6),OMNY - Students,2,0
4/25/26 6:00,23 St-Baruch College (6),OMNY - Seniors & Disability,2,0
4/25/26 6:00,23 St-Baruch College (6),Metrocard - Other,1,0
4/25/26 6:00,23 St-Baruch College (6),OMNY - Full Fare,46,1
4/25/26 6:00,23 St-Baruch College (6),OMNY - Fair Fare,3,0
4/25/26 5:00,23 St-Baruch College (6),OMNY - Full Fare,20,4
4/25/26 5:00,23 St-Baruch College (6),OMNY - Other,1,0
4/25/26 5:00,23 St-Baruch College (6),OMNY - Seniors & Disability,1,0
4/25/26 5:00,23 St-Baruch College (6),OMNY - Fair Fare,2,0
4/25/26 4:00,23 St-Baruch College (6),OMNY - Seniors & Disability,1,0
4/25/26 4:00,23 St-Baruch College (6),OMNY - Other,1,0
4/25/26 4:00,23 St-Baruch College (6),OMNY - Full Fare,28,1
4/25/26 3:00,23 St-Baruch College (6),OMNY - Other,2,0
4/25/26 3:00,23 St-Baruch College (6),OMNY - Students,2,0
4/25/26 3:00,23 St-Baruch College (6),OMNY - Fair Fare,2,0
4/25/26 3:00,23 St-Baruch College (6),OMNY - Seniors & Disability,1,0
4/25/26 3:00,23 St-Baruch College (6),OMNY - Full Fare,36,0
4/25/26 2:00,23 St-Baruch College (6),OMNY - Full Fare,38,0
4/25/26 2:00,23 St-Baruch College (6),Metrocard - Other,1,0
4/25/26 2:00,23 St-Baruch College (6),OMNY - Other,8,0
4/25/26 2:00,23 St-Baruch College (6),OMNY - Students,3,1
4/25/26 1:00,23 St-Baruch College (6),OMNY - Students,8,0
4/25/26 1:00,23 St-Baruch College (6),OMNY - Full Fare,101,1
4/25/26 1:00,23 St-Baruch College (6),OMNY - Fair Fare,1,0
4/25/26 1:00,23 St-Baruch College (6),OMNY - Other,3,0
4/25/26 0:00,23 St-Baruch College (6),OMNY - Fair Fare,13,0
4/25/26 0:00,23 St-Baruch College (6),Metrocard - Other,2,0
4/25/26 0:00,23 St-Baruch College (6),OMNY - Full Fare,213,1
4/25/26 0:00,23 St-Baruch College (6),OMNY - Other,3,0
4/25/26 0:00,23 St-Baruch College (6),OMNY - Students,8,0
4/25/26 0:00,23 St-Baruch College (6),OMNY - Seniors & Disability,8,0
4/24/26 23:00,23 St-Baruch College (6),OMNY - Seniors & Disability,10,1
4/24/26 23:00,23 St-Baruch College (6),OMNY - Full Fare,414,9
4/24/26 23:00,23 St-Baruch College (6),OMNY - Fair Fare,19,0
4/24/26 23:00,23 St-Baruch College (6),Metrocard - Other,1,0
4/24/26 23:00,23 St-Baruch College (6),OMNY - Students,9,0
4/24/26 23:00,23 St-Baruch College (6),OMNY - Other,6,0
4/24/26 22:00,23 St-Baruch College (6),Metrocard - Other,2,0
4/24/26 22:00,23 St-Baruch College (6),OMNY - Fair Fare,28,0
4/24/26 22:00,23 St-Baruch College (6),OMNY - Seniors & Disability,22,1
4/24/26 22:00,23 St-Baruch College (6),OMNY - Students,25,0
4/24/26 22:00,23 St-Baruch College (6),OMNY - Full Fare,519,9
4/24/26 22:00,23 St-Baruch College (6),OMNY - Other,5,0
4/24/26 21:00,23 St-Baruch College (6),Metrocard - Other,2,0
4/24/26 21:00,23 St-Baruch College (6),OMNY - Students,23,1
4/24/26 21:00,23 St-Baruch College (6),Metrocard - Seniors & Disability,3,0
4/24/26 21:00,23 St-Baruch College (6),Metrocard - Unlimited 30-Day,1,0
4/24/26 21:00,23 St-Baruch College (6),OMNY - Other,15,0
4/24/26 21:00,23 St-Baruch College (6),OMNY - Full Fare,588,4
4/24/26 21:00,23 St-Baruch College (6),OMNY - Fair Fare,26,2
4/24/26 21:00,23 St-Baruch College (6),OMNY - Seniors & Disability,16,2
4/24/26 20:00,23 St-Baruch College (6),OMNY - Other,4,0
4/24/26 20:00,23 St-Baruch College (6),OMNY - Students,26,0
4/24/26 20:00,23 St-Baruch College (6),Metrocard - Unlimited 30-Day,1,0
4/24/26 20:00,23 St-Baruch College (6),Metrocard - Other,6,0
4/24/26 20:00,23 St-Baruch College (6),OMNY - Full Fare,794,7
4/24/26 20:00,23 St-Baruch College (6),OMNY - Seniors & Disability,37,4
4/24/26 20:00,23 St-Baruch College (6),OMNY - Fair Fare,30,1
4/24/26 19:00,23 St-Baruch College (6),OMNY - Other,7,0
4/24/26 19:00,23 St-Baruch College (6),OMNY - Full Fare,960,19
4/24/26 19:00,23 St-Baruch College (6),OMNY - Fair Fare,41,1
4/24/26 19:00,23 St-Baruch College (6),OMNY - Students,40,0
4/24/26 19:00,23 St-Baruch College (6),Metrocard - Other,3,0
4/24/26 19:00,23 St-Baruch College (6),OMNY - Seniors & Disability,43,3
4/24/26 18:00,23 St-Baruch College (6),Metrocard - Other,6,0
4/24/26 18:00,23 St-Baruch College (6),OMNY - Seniors & Disability,59,9
4/24/26 18:00,23 St-Baruch College (6),OMNY - Students,81,3
4/24/26 18:00,23 St-Baruch College (6),OMNY - Fair Fare,38,1
4/24/26 18:00,23 St-Baruch College (6),OMNY - Full Fare,"1,272",39
4/24/26 18:00,23 St-Baruch College (6),OMNY - Other,14,0
4/24/26 17:00,23 St-Baruch College (6),OMNY - Students,106,1
4/24/26 17:00,23 St-Baruch College (6),OMNY - Other,22,0
4/24/26 17:00,23 St-Baruch College (6),OMNY - Seniors & Disability,95,14
4/24/26 17:00,23 St-Baruch College (6),Metrocard - Other,2,0
4/24/26 17:00,23 St-Baruch College (6),OMNY - Full Fare,"1,685",54
4/24/26 17:00,23 St-Baruch College (6),OMNY - Fair Fare,66,5
4/24/26 16:00,23 St-Baruch College (6),Metrocard - Unlimited 30-Day,2,0
4/24/26 16:00,23 St-Baruch College (6),OMNY - Seniors & Disability,92,11
4/24/26 16:00,23 St-Baruch College (6),Metrocard - Full Fare,1,0
4/24/26 16:00,23 St-Baruch College (6),OMNY - Full Fare,"1,501",42
4/24/26 16:00,23 St-Baruch College (6),OMNY - Students,150,4
4/24/26 16:00,23 St-Baruch College (6),Metrocard - Other,7,0
4/24/26 16:00,23 St-Baruch College (6),OMNY - Other,30,0
4/24/26 16:00,23 St-Baruch College (6),OMNY - Fair Fare,72,1
4/24/26 16:00,23 St-Baruch College (6),Metrocard - Seniors & Disability,1,0
4/24/26 15:00,23 St-Baruch College (6),OMNY - Other,28,0
4/24/26 15:00,23 St-Baruch College (6),Metrocard - Seniors & Disability,1,0
4/24/26 15:00,23 St-Baruch College (6),Metrocard - Unlimited 30-Day,1,0
4/24/26 15:00,23 St-Baruch College (6),Metrocard - Other,3,0
4/24/26 15:00,23 St-Baruch College (6),OMNY - Seniors & Disability,89,6
4/24/26 15:00,23 St-Baruch College (6),OMNY - Full Fare,"1,343",37
4/24/26 15:00,23 St-Baruch College (6),OMNY - Fair Fare,82,2
4/24/26 15:00,23 St-Baruch College (6),OMNY - Students,203,5
4/24/26 14:00,23 St-Baruch College (6),OMNY - Fair Fare,77,4
4/24/26 14:00,23 St-Baruch College (6),OMNY - Students,252,3
4/24/26 14:00,23 St-Baruch College (6),Metrocard - Unlimited 7-Day,1,0
4/24/26 14:00,23 St-Baruch College (6),OMNY - Full Fare,"1,101",24
4/24/26 14:00,23 St-Baruch College (6),Metrocard - Other,7,1
4/24/26 14:00,23 St-Baruch College (6),OMNY - Seniors & Disability,113,17
4/24/26 14:00,23 St-Baruch College (6),OMNY - Other,32,0
4/24/26 13:00,23 St-Baruch College (6),OMNY - Other,19,0
4/24/26 13:00,23 St-Baruch College (6),OMNY - Students,126,2
4/24/26 13:00,23 St-Baruch College (6),OMNY - Seniors & Disability,67,8
4/24/26 13:00,23 St-Baruch College (6),Metrocard - Unlimited 30-Day,2,0
4/24/26 13:00,23 St-Baruch College (6),OMNY - Fair Fare,45,3
4/24/26 13:00,23 St-Baruch College (6),OMNY - Full Fare,859,15
4/24/26 13:00,23 St-Baruch College (6),Metrocard - Other,1,0
4/24/26 13:00,23 St-Baruch College (6),Metrocard - Unlimited 7-Day,1,0
4/24/26 12:00,23 St-Baruch College (6),OMNY - Fair Fare,74,1
4/24/26 12:00,23 St-Baruch College (6),Metrocard - Other,3,0
4/24/26 12:00,23 St-Baruch College (6),OMNY - Students,71,2
4/24/26 12:00,23 St-Baruch College (6),OMNY - Other,16,0
4/24/26 12:00,23 St-Baruch College (6),OMNY - Seniors & Disability,81,12
4/24/26 12:00,23 St-Baruch College (6),OMNY - Full Fare,925,13
4/24/26 12:00,23 St-Baruch College (6),Metrocard - Unlimited 30-Day,3,0
4/24/26 11:00,23 St-Baruch College (6),OMNY - Students,50,0
4/24/26 11:00,23 St-Baruch College (6),OMNY - Full Fare,673,17
4/24/26 11:00,23 St-Baruch College (6),Metrocard - Unlimited 30-Day,1,0
4/24/26 11:00,23 St-Baruch College (6),Metrocard - Full Fare,1,0
4/24/26 11:00,23 St-Baruch College (6),Metrocard - Other,1,0
4/24/26 11:00,23 St-Baruch College (6),OMNY - Fair Fare,22,1
4/24/26 11:00,23 St-Baruch College (6),OMNY - Seniors & Disability,62,7
4/24/26 11:00,23 St-Baruch College (6),OMNY - Other,12,0
4/24/26 10:00,23 St-Baruch College (6),OMNY - Seniors & Disability,55,7
4/24/26 10:00,23 St-Baruch College (6),Metrocard - Other,2,1
4/24/26 10:00,23 St-Baruch College (6),OMNY - Full Fare,620,30
4/24/26 10:00,23 St-Baruch College (6),Metrocard - Unlimited 30-Day,1,0
4/24/26 10:00,23 St-Baruch College (6),OMNY - Fair Fare,26,4
4/24/26 10:00,23 St-Baruch College (6),OMNY - Other,6,0
4/24/26 10:00,23 St-Baruch College (6),OMNY - Students,30,1
4/24/26 9:00,23 St-Baruch College (6),OMNY - Full Fare,680,42
4/24/26 9:00,23 St-Baruch College (6),OMNY - Seniors & Disability,53,9
4/24/26 9:00,23 St-Baruch College (6),OMNY - Fair Fare,12,2
4/24/26 9:00,23 St-Baruch College (6),OMNY - Other,8,0
4/24/26 9:00,23 St-Baruch College (6),OMNY - Students,21,1
4/24/26 9:00,23 St-Baruch College (6),Metrocard - Other,4,0
4/24/26 8:00,23 St-Baruch College (6),OMNY - Seniors & Disability,37,7
4/24/26 8:00,23 St-Baruch College (6),OMNY - Full Fare,881,83
4/24/26 8:00,23 St-Baruch College (6),OMNY - Fair Fare,14,1
4/24/26 8:00,23 St-Baruch College (6),Metrocard - Other,1,0
4/24/26 8:00,23 St-Baruch College (6),OMNY - Other,10,0
4/24/26 8:00,23 St-Baruch College (6),OMNY - Students,36,3
4/24/26 7:00,23 St-Baruch College (6),Metrocard - Other,2,0
4/24/26 7:00,23 St-Baruch College (6),Metrocard - Unlimited 30-Day,2,0
4/24/26 7:00,23 St-Baruch College (6),OMNY - Seniors & Disability,21,6
4/24/26 7:00,23 St-Baruch College (6),OMNY - Students,65,3
4/24/26 7:00,23 St-Baruch College (6),OMNY - Fair Fare,10,1
4/24/26 7:00,23 St-Baruch College (6),OMNY - Full Fare,475,90
4/24/26 7:00,23 St-Baruch College (6),OMNY - Other,6,0
4/24/26 6:00,23 St-Baruch College (6),OMNY - Seniors & Disability,14,3
4/24/26 6:00,23 St-Baruch College (6),OMNY - Students,6,0
4/24/26 6:00,23 St-Baruch College (6),OMNY - Full Fare,167,38
4/24/26 6:00,23 St-Baruch College (6),OMNY - Other,6,0
4/24/26 6:00,23 St-Baruch College (6),OMNY - Fair Fare,3,0
4/24/26 5:00,23 St-Baruch College (6),OMNY - Fair Fare,2,0
4/24/26 5:00,23 St-Baruch College (6),OMNY - Full Fare,58,19
4/24/26 5:00,23 St-Baruch College (6),Metrocard - Unlimited 30-Day,1,0
4/24/26 5:00,23 St-Baruch College (6),OMNY - Seniors & Disability,4,3
4/24/26 5:00,23 St-Baruch College (6),OMNY - Other,1,0
4/24/26 4:00,23 St-Baruch College (6),OMNY - Seniors & Disability,1,0
4/24/26 4:00,23 St-Baruch College (6),OMNY - Full Fare,13,0
4/24/26 4:00,23 St-Baruch College (6),OMNY - Fair Fare,1,0
4/24/26 4:00,23 St-Baruch College (6),OMNY - Other,3,0
4/24/26 3:00,23 St-Baruch College (6),OMNY - Students,2,0
4/24/26 3:00,23 St-Baruch College (6),OMNY - Full Fare,10,0
4/24/26 2:00,23 St-Baruch College (6),OMNY - Full Fare,16,0
4/24/26 2:00,23 St-Baruch College (6),OMNY - Fair Fare,1,0
4/24/26 2:00,23 St-Baruch College (6),OMNY - Other,1,0
4/24/26 1:00,23 St-Baruch College (6),OMNY - Students,1,0
4/24/26 1:00,23 St-Baruch College (6),OMNY - Full Fare,51,0
4/24/26 1:00,23 St-Baruch College (6),OMNY - Fair Fare,2,0
4/24/26 1:00,23 St-Baruch College (6),OMNY - Other,2,0
4/24/26 0:00,23 St-Baruch College (6),OMNY - Full Fare,135,1
4/24/26 0:00,23 St-Baruch College (6),OMNY - Students,7,0
4/24/26 0:00,23 St-Baruch College (6),OMNY - Other,5,0
4/24/26 0:00,23 St-Baruch College (6),OMNY - Fair Fare,11,0
4/24/26 0:00,23 St-Baruch College (6),OMNY - Seniors & Disability,6,0
4/23/26 23:00,23 St-Baruch College (6),OMNY - Other,4,0
4/23/26 23:00,23 St-Baruch College (6),OMNY - Full Fare,347,5
4/23/26 23:00,23 St-Baruch College (6),OMNY - Fair Fare,9,0
4/23/26 23:00,23 St-Baruch College (6),Metrocard - Unlimited 30-Day,1,0
4/23/26 23:00,23 St-Baruch College (6),OMNY - Students,15,0
4/23/26 23:00,23 St-Baruch College (6),OMNY - Seniors & Disability,21,1
4/23/26 22:00,23 St-Baruch College (6),OMNY - Seniors & Disability,32,5
4/23/26 22:00,23 St-Baruch College (6),OMNY - Full Fare,589,9
4/23/26 22:00,23 St-Baruch College (6),OMNY - Fair Fare,31,0
4/23/26 22:00,23 St-Baruch College (6),OMNY - Students,25,0
4/23/26 22:00,23 St-Baruch College (6),Metrocard - Other,4,0
4/23/26 22:00,23 St-Baruch College (6),OMNY - Other,17,0
4/23/26 21:00,23 St-Baruch College (6),OMNY - Other,12,1
4/23/26 21:00,23 St-Baruch College (6),OMNY - Full Fare,683,7
4/23/26 21:00,23 St-Baruch College (6),Metrocard - Other,5,0
4/23/26 21:00,23 St-Baruch College (6),OMNY - Seniors & Disability,32,3
4/23/26 21:00,23 St-Baruch College (6),OMNY - Fair Fare,40,1
4/23/26 21:00,23 St-Baruch College (6),OMNY - Students,28,1
4/23/26 20:00,23 St-Baruch College (6),OMNY - Full Fare,"1,095",13
4/23/26 20:00,23 St-Baruch College (6),OMNY - Seniors & Disability,54,7
4/23/26 20:00,23 St-Baruch College (6),Metrocard - Unlimited 7-Day,1,0
4/23/26 20:00,23 St-Baruch College (6),Metrocard - Unlimited 30-Day,1,0
4/23/26 20:00,23 St-Baruch College (6),Metrocard - Other,8,0
4/23/26 20:00,23 St-Baruch College (6),OMNY - Fair Fare,84,1
4/23/26 20:00,23 St-Baruch College (6),OMNY - Other,11,1
4/23/26 20:00,23 St-Baruch College (6),OMNY - Students,63,2
4/23/26 19:00,23 St-Baruch College (6),OMNY - Full Fare,"1,421",31
4/23/26 19:00,23 St-Baruch College (6),OMNY - Other,10,0
4/23/26 19:00,23 St-Baruch College (6),OMNY - Students,96,0
4/23/26 19:00,23 St-Baruch College (6),Metrocard - Full Fare,1,0
4/23/26 19:00,23 St-Baruch College (6),Metrocard - Other,4,0
4/23/26 19:00,23 St-Baruch College (6),OMNY - Fair Fare,82,1
4/23/26 19:00,23 St-Baruch College (6),OMNY - Seniors & Disability,57,5
4/23/26 19:00,23 St-Baruch College (6),Metrocard - Unlimited 30-Day,2,0
4/23/26 18:00,23 St-Baruch College (6),Metrocard - Other,5,0
4/23/26 18:00,23 St-Baruch College (6),OMNY - Other,21,0
4/23/26 18:00,23 St-Baruch College (6),OMNY - Students,83,2
4/23/26 18:00,23 St-Baruch College (6),OMNY - Seniors & Disability,71,8
4/23/26 18:00,23 St-Baruch College (6),OMNY - Fair Fare,75,2
4/23/26 18:00,23 St-Baruch College (6),Metrocard - Unlimited 30-Day,2,0
4/23/26 18:00,23 St-Baruch College (6),OMNY - Full Fare,"1,734",43
4/23/26 17:00,23 St-Baruch College (6),OMNY - Full Fare,"2,530",44
4/23/26 17:00,23 St-Baruch College (6),Metrocard - Seniors & Disability,1,0
4/23/26 17:00,23 St-Baruch College (6),OMNY - Seniors & Disability,122,8
4/23/26 17:00,23 St-Baruch College (6),OMNY - Other,17,0
4/23/26 17:00,23 St-Baruch College (6),Metrocard - Other,7,0
4/23/26 17:00,23 St-Baruch College (6),Metrocard - Unlimited 30-Day,2,0
4/23/26 17:00,23 St-Baruch College (6),OMNY - Students,168,0
4/23/26 17:00,23 St-Baruch College (6),OMNY - Fair Fare,106,1
4/23/26 16:00,23 St-Baruch College (6),OMNY - Students,176,2
4/23/26 16:00,23 St-Baruch College (6),OMNY - Seniors & Disability,137,13
4/23/26 16:00,23 St-Baruch College (6),Metrocard - Other,10,0
4/23/26 16:00,23 St-Baruch College (6),Metrocard - Unlimited 7-Day,1,0
4/23/26 16:00,23 St-Baruch College (6),OMNY - Other,28,0
4/23/26 16:00,23 St-Baruch College (6),OMNY - Fair Fare,102,2
4/23/26 16:00,23 St-Baruch College (6),OMNY - Full Fare,"2,101",49
4/23/26 16:00,23 St-Baruch College (6),Metrocard - Unlimited 30-Day,1,0
4/23/26 15:00,23 St-Baruch College (6),OMNY - Seniors & Disability,137,7
4/23/26 15:00,23 St-Baruch College (6),OMNY - Full Fare,"1,740",36
4/23/26 15:00,23 St-Baruch College (6),OMNY - Fair Fare,134,1
4/23/26 15:00,23 St-Baruch College (6),OMNY - Students,350,6
4/23/26 15:00,23 St-Baruch College (6),OMNY - Other,40,0
4/23/26 15:00,23 St-Baruch College (6),Metrocard - Other,10,0
4/23/26 14:00,23 St-Baruch College (6),OMNY - Full Fare,"1,117",29
4/23/26 14:00,23 St-Baruch College (6),OMNY - Fair Fare,64,1
4/23/26 14:00,23 St-Baruch College (6),OMNY - Seniors & Disability,105,15
4/23/26 14:00,23 St-Baruch College (6),Metrocard - Unlimited 30-Day,1,0
4/23/26 14:00,23 St-Baruch College (6),Metrocard - Other,6,0
4/23/26 14:00,23 St-Baruch College (6),OMNY - Students,207,1
4/23/26 14:00,23 St-Baruch College (6),OMNY - Other,19,0
4/23/26 13:00,23 St-Baruch College (6),Metrocard - Other,5,0
4/23/26 13:00,23 St-Baruch College (6),OMNY - Fair Fare,43,3
4/23/26 13:00,23 St-Baruch College (6),OMNY - Full Fare,813,25
4/23/26 13:00,23 St-Baruch College (6),OMNY - Other,23,1
4/23/26 13:00,23 St-Baruch College (6),OMNY - Seniors & Disability,114,19
4/23/26 13:00,23 St-Baruch College (6),OMNY - Students,51,3
4/23/26 13:00,23 St-Baruch College (6),Metrocard - Unlimited 7-Day,1,0
4/23/26 13:00,23 St-Baruch College (6),Metrocard - Unlimited 30-Day,5,0
4/23/26 12:00,23 St-Baruch College (6),Metrocard - Full Fare,1,0
4/23/26 12:00,23 St-Baruch College (6),Metrocard - Unlimited 30-Day,2,0
4/23/26 12:00,23 St-Baruch College (6),OMNY - Students,88,1
4/23/26 12:00,23 St-Baruch College (6),OMNY - Other,23,0
4/23/26 12:00,23 St-Baruch College (6),Metrocard - Seniors & Disability,2,0
4/23/26 12:00,23 St-Baruch College (6),OMNY - Seniors & Disability,94,15
4/23/26 12:00,23 St-Baruch College (6),Metrocard - Other,2,0
4/23/26 12:00,23 St-Baruch College (6),OMNY - Full Fare,886,21
4/23/26 12:00,23 St-Baruch College (6),OMNY - Fair Fare,74,1
4/23/26 11:00,23 St-Baruch College (6),OMNY - Seniors & Disability,89,11
4/23/26 11:00,23 St-Baruch College (6),OMNY - Other,13,0
4/23/26 11:00,23 St-Baruch College (6),OMNY - Fair Fare,62,1
4/23/26 11:00,23 St-Baruch College (6),OMNY - Students,50,1
4/23/26 11:00,23 St-Baruch College (6),Metrocard - Unlimited 30-Day,1,0
4/23/26 11:00,23 St-Baruch College (6),OMNY - Full Fare,816,11
4/23/26 11:00,23 St-Baruch College (6),Metrocard - Other,5,0
4/23/26 10:00,23 St-Baruch College (6),OMNY - Students,42,1
4/23/26 10:00,23 St-Baruch College (6),OMNY - Other,15,0
4/23/26 10:00,23 St-Baruch College (6),OMNY - Full Fare,731,26
4/23/26 10:00,23 St-Baruch College (6),Metrocard - Other,1,0
4/23/26 10:00,23 St-Baruch College (6),OMNY - Seniors & Disability,65,11
4/23/26 10:00,23 St-Baruch College (6),OMNY - Fair Fare,28,2
4/23/26 9:00,23 St-Baruch College (6),OMNY - Students,20,0
4/23/26 9:00,23 St-Baruch College (6),Metrocard - Full Fare,1,1
4/23/26 9:00,23 St-Baruch College (6),OMNY - Fair Fare,17,1
4/23/26 9:00,23 St-Baruch College (6),OMNY - Seniors & Disability,56,7
4/23/26 9:00,23 St-Baruch College (6),Metrocard - Other,2,0
4/23/26 9:00,23 St-Baruch College (6),Metrocard - Unlimited 30-Day,1,0
4/23/26 9:00,23 St-Baruch College (6),OMNY - Full Fare,"1,025",65
4/23/26 9:00,23 St-Baruch College (6),OMNY - Other,10,0
4/23/26 8:00,23 St-Baruch College (6),OMNY - Seniors & Disability,40,6
4/23/26 8:00,23 St-Baruch College (6),Metrocard - Other,5,0
4/23/26 8:00,23 St-Baruch College (6),OMNY - Fair Fare,18,1
4/23/26 8:00,23 St-Baruch College (6),Metrocard - Unlimited 30-Day,1,0
4/23/26 8:00,23 St-Baruch College (6),OMNY - Other,13,0
4/23/26 8:00,23 St-Baruch College (6),OMNY - Full Fare,"1,493",120
4/23/26 8:00,23 St-Baruch College (6),OMNY - Students,58,4
4/23/26 7:00,23 St-Baruch College (6),OMNY - Other,5,0
4/23/26 7:00,23 St-Baruch College (6),Metrocard - Unlimited 30-Day,2,0
4/23/26 7:00,23 St-Baruch College (6),OMNY - Fair Fare,7,2
4/23/26 7:00,23 St-Baruch College (6),Metrocard - Other,5,0
4/23/26 7:00,23 St-Baruch College (6),OMNY - Students,73,2
4/23/26 7:00,23 St-Baruch College (6),OMNY - Seniors & Disability,28,8
4/23/26 7:00,23 St-Baruch College (6),OMNY - Full Fare,698,113
4/23/26 6:00,23 St-Baruch College (6),OMNY - Fair Fare,4,0
4/23/26 6:00,23 St-Baruch College (6),OMNY - Students,7,0
4/23/26 6:00,23 St-Baruch College (6),Metrocard - Other,3,0
4/23/26 6:00,23 St-Baruch College (6),OMNY - Other,6,0
4/23/26 6:00,23 St-Baruch College (6),OMNY - Seniors & Disability,17,3
4/23/26 6:00,23 St-Baruch College (6),OMNY - Full Fare,213,53
4/23/26 5:00,23 St-Baruch College (6),OMNY - Seniors & Disability,5,3
4/23/26 5:00,23 St-Baruch College (6),OMNY - Other,1,0
4/23/26 5:00,23 St-Baruch College (6),OMNY - Students,1,0
4/23/26 5:00,23 St-Baruch College (6),OMNY - Full Fare,40,12
4/23/26 5:00,23 St-Baruch College (6),OMNY - Fair Fare,3,2
4/23/26 4:00,23 St-Baruch College (6),OMNY - Full Fare,18,1
4/23/26 3:00,23 St-Baruch College (6),Metrocard - Other,1,0
4/23/26 3:00,23 St-Baruch College (6),OMNY - Fair Fare,1,0
4/23/26 3:00,23 St-Baruch College (6),OMNY - Full Fare,9,0
4/23/26 3:00,23 St-Baruch College (6),OMNY - Students,2,0
4/23/26 2:00,23 St-Baruch College (6),OMNY - Full Fare,21,0
4/23/26 2:00,23 St-Baruch College (6),OMNY - Fair Fare,1,0
4/23/26 2:00,23 St-Baruch College (6),OMNY - Students,2,0
4/23/26 1:00,23 St-Baruch College (6),OMNY - Fair Fare,2,0
4/23/26 1:00,23 St-Baruch College (6),OMNY - Full Fare,56,1
4/23/26 1:00,23 St-Baruch College (6),OMNY - Students,2,0
4/23/26 1:00,23 St-Baruch College (6),Metrocard - Other,1,0
4/23/26 1:00,23 St-Baruch College (6),OMNY - Other,2,0
4/23/26 0:00,23 St-Baruch College (6),OMNY - Full Fare,137,0
4/23/26 0:00,23 St-Baruch College (6),OMNY - Seniors & Disability,3,1
4/23/26 0:00,23 St-Baruch College (6),OMNY - Fair Fare,13,0
4/23/26 0:00,23 St-Baruch College (6),OMNY - Students,4,0
4/23/26 0:00,23 St-Baruch College (6),Metrocard - Other,2,0
4/22/26 23:00,23 St-Baruch College (6),Metrocard - Unlimited 30-Day,1,0
4/22/26 23:00,23 St-Baruch College (6),OMNY - Full Fare,324,4
4/22/26 23:00,23 St-Baruch College (6),OMNY - Seniors & Disability,15,2
4/22/26 23:00,23 St-Baruch College (6),Metrocard - Other,1,0
4/22/26 23:00,23 St-Baruch College (6),OMNY - Students,16,0
4/22/26 23:00,23 St-Baruch College (6),OMNY - Fair Fare,9,0
4/22/26 23:00,23 St-Baruch College (6),OMNY - Other,3,0
4/22/26 22:00,23 St-Baruch College (6),OMNY - Other,10,0
4/22/26 22:00,23 St-Baruch College (6),OMNY - Full Fare,464,11
4/22/26 22:00,23 St-Baruch College (6),OMNY - Fair Fare,33,0
4/22/26 22:00,23 St-Baruch College (6),OMNY - Seniors & Disability,27,2
4/22/26 22:00,23 St-Baruch College (6),OMNY - Students,17,0
4/22/26 21:00,23 St-Baruch College (6),OMNY - Other,6,0
4/22/26 21:00,23 St-Baruch College (6),OMNY - Full Fare,815,8
4/22/26 21:00,23 St-Baruch College (6),OMNY - Students,29,1
4/22/26 21:00,23 St-Baruch College (6),OMNY - Fair Fare,54,2
4/22/26 21:00,23 St-Baruch College (6),OMNY - Seniors & Disability,26,0
4/22/26 21:00,23 St-Baruch College (6),Metrocard - Other,2,0
4/22/26 21:00,23 St-Baruch College (6),Metrocard - Unlimited 30-Day,1,0
4/22/26 20:00,23 St-Baruch College (6),OMNY - Fair Fare,80,2
4/22/26 20:00,23 St-Baruch College (6),Metrocard - Unlimited 30-Day,1,0
4/22/26 20:00,23 St-Baruch College (6),OMNY - Students,66,0
4/22/26 20:00,23 St-Baruch College (6),OMNY - Full Fare,"1,146",24
4/22/26 20:00,23 St-Baruch College (6),Metrocard - Other,5,0
4/22/26 20:00,23 St-Baruch College (6),OMNY - Other,16,0
4/22/26 20:00,23 St-Baruch College (6),OMNY - Seniors & Disability,60,4
4/22/26 19:00,23 St-Baruch College (6),OMNY - Full Fare,"1,546",17
4/22/26 19:00,23 St-Baruch College (6),OMNY - Students,105,2
4/22/26 19:00,23 St-Baruch College (6),OMNY - Fair Fare,111,0
4/22/26 19:00,23 St-Baruch College (6),OMNY - Seniors & Disability,44,3
4/22/26 19:00,23 St-Baruch College (6),Metrocard - Other,4,0
4/22/26 19:00,23 St-Baruch College (6),Metrocard - Full Fare,1,0
4/22/26 19:00,23 St-Baruch College (6),OMNY - Other,12,0
4/22/26 19:00,23 St-Baruch College (6),Metrocard - Unlimited 7-Day,1,0
4/22/26 19:00,23 St-Baruch College (6),Metrocard - Unlimited 30-Day,1,0
4/22/26 18:00,23 St-Baruch College (6),OMNY - Full Fare,"1,805",36
4/22/26 18:00,23 St-Baruch College (6),Metrocard - Unlimited 30-Day,2,0
4/22/26 18:00,23 St-Baruch College (6),OMNY - Students,99,3
4/22/26 18:00,23 St-Baruch College (6),OMNY - Fair Fare,67,0
4/22/26 18:00,23 St-Baruch College (6),OMNY - Other,21,0
4/22/26 18:00,23 St-Baruch College (6),Metrocard - Other,5,0
4/22/26 18:00,23 St-Baruch College (6),OMNY - Seniors & Disability,82,9
4/22/26 18:00,23 St-Baruch College (6),Metrocard - Unlimited 7-Day,1,0
4/22/26 17:00,23 St-Baruch College (6),OMNY - Other,18,0
4/22/26 17:00,23 St-Baruch College (6),OMNY - Fair Fare,147,4
4/22/26 17:00,23 St-Baruch College (6),Metrocard - Unlimited 30-Day,2,0
4/22/26 17:00,23 St-Baruch College (6),OMNY - Seniors & Disability,103,3
4/22/26 17:00,23 St-Baruch College (6),Metrocard - Other,7,0
4/22/26 17:00,23 St-Baruch College (6),OMNY - Students,204,1
4/22/26 17:00,23 St-Baruch College (6),OMNY - Full Fare,"2,794",60
4/22/26 16:00,23 St-Baruch College (6),Metrocard - Full Fare,1,0
4/22/26 16:00,23 St-Baruch College (6),Metrocard - Other,9,0
4/22/26 16:00,23 St-Baruch College (6),OMNY - Fair Fare,121,2
4/22/26 16:00,23 St-Baruch College (6),Metrocard - Unlimited 30-Day,3,0
4/22/26 16:00,23 St-Baruch College (6),OMNY - Seniors & Disability,154,14
4/22/26 16:00,23 St-Baruch College (6),Metrocard - Unlimited 7-Day,1,0
4/22/26 16:00,23 St-Baruch College (6),OMNY - Other,27,1
4/22/26 16:00,23 St-Baruch College (6),OMNY - Full Fare,"2,175",61
4/22/26 16:00,23 St-Baruch College (6),OMNY - Students,234,7
4/22/26 15:00,23 St-Baruch College (6),OMNY - Students,313,2
4/22/26 15:00,23 St-Baruch College (6),OMNY - Full Fare,"1,650",26
4/22/26 15:00,23 St-Baruch College (6),OMNY - Fair Fare,128,5
4/22/26 15:00,23 St-Baruch College (6),OMNY - Other,34,0
4/22/26 15:00,23 St-Baruch College (6),Metrocard - Unlimited 30-Day,2,0
4/22/26 15:00,23 St-Baruch College (6),OMNY - Seniors & Disability,128,12
4/22/26 15:00,23 St-Baruch College (6),Metrocard - Other,8,0
4/22/26 14:00,23 St-Baruch College (6),OMNY - Students,218,0
4/22/26 14:00,23 St-Baruch College (6),Metrocard - Other,3,0
4/22/26 14:00,23 St-Baruch College (6),OMNY - Seniors & Disability,118,14
4/22/26 14:00,23 St-Baruch College (6),OMNY - Fair Fare,112,4
4/22/26 14:00,23 St-Baruch College (6),Metrocard - Unlimited 30-Day,1,0
4/22/26 14:00,23 St-Baruch College (6),OMNY - Full Fare,"1,261",27
4/22/26 14:00,23 St-Baruch College (6),OMNY - Other,37,0
4/22/26 13:00,23 St-Baruch College (6),OMNY - Fair Fare,63,4
4/22/26 13:00,23 St-Baruch College (6),OMNY - Seniors & Disability,82,13
4/22/26 13:00,23 St-Baruch College (6),OMNY - Students,78,3
4/22/26 13:00,23 St-Baruch College (6),Metrocard - Unlimited 30-Day,2,0
4/22/26 13:00,23 St-Baruch College (6),OMNY - Other,15,0
4/22/26 13:00,23 St-Baruch College (6),OMNY - Full Fare,827,21
4/22/26 13:00,23 St-Baruch College (6),Metrocard - Other,5,0
4/22/26 12:00,23 St-Baruch College (6),OMNY - Other,15,0
4/22/26 12:00,23 St-Baruch College (6),OMNY - Students,100,0
4/22/26 12:00,23 St-Baruch College (6),Metrocard - Other,4,0
4/22/26 12:00,23 St-Baruch College (6),OMNY - Full Fare,894,26
4/22/26 12:00,23 St-Baruch College (6),OMNY - Seniors & Disability,85,10
4/22/26 12:00,23 St-Baruch College (6),Metrocard - Seniors & Disability,1,0
4/22/26 12:00,23 St-Baruch College (6),OMNY - Fair Fare,70,2
4/22/26 11:00,23 St-Baruch College (6),Metrocard - Unlimited 7-Day,2,0
4/22/26 11:00,23 St-Baruch College (6),Metrocard - Unlimited 30-Day,2,0
4/22/26 11:00,23 St-Baruch College (6),Metrocard - Other,3,0
4/22/26 11:00,23 St-Baruch College (6),OMNY - Students,52,1
4/22/26 11:00,23 St-Baruch College (6),OMNY - Other,17,0
4/22/26 11:00,23 St-Baruch College (6),OMNY - Full Fare,749,27
4/22/26 11:00,23 St-Baruch College (6),OMNY - Fair Fare,52,1
4/22/26 11:00,23 St-Baruch College (6),OMNY - Seniors & Disability,65,10
4/22/26 10:00,23 St-Baruch College (6),OMNY - Other,8,0
4/22/26 10:00,23 St-Baruch College (6),Metrocard - Other,2,0
4/22/26 10:00,23 St-Baruch College (6),OMNY - Full Fare,745,35
4/22/26 10:00,23 St-Baruch College (6),OMNY - Fair Fare,27,2
4/22/26 10:00,23 St-Baruch College (6),OMNY - Students,29,0
4/22/26 10:00,23 St-Baruch College (6),OMNY - Seniors & Disability,68,15
4/22/26 9:00,23 St-Baruch College (6),Metrocard - Unlimited 7-Day,1,0
4/22/26 9:00,23 St-Baruch College (6),OMNY - Full Fare,"1,067",65
4/22/26 9:00,23 St-Baruch College (6),OMNY - Seniors & Disability,53,13
4/22/26 9:00,23 St-Baruch College (6),OMNY - Fair Fare,16,2
4/22/26 9:00,23 St-Baruch College (6),Metrocard - Other,1,0
4/22/26 9:00,23 St-Baruch College (6),OMNY - Other,6,0
4/22/26 9:00,23 St-Baruch College (6),OMNY - Students,12,0
4/22/26 8:00,23 St-Baruch College (6),OMNY - Other,15,0
4/22/26 8:00,23 St-Baruch College (6),OMNY - Full Fare,"1,573",119
4/22/26 8:00,23 St-Baruch College (6),OMNY - Students,41,3
4/22/26 8:00,23 St-Baruch College (6),OMNY - Fair Fare,21,2
4/22/26 8:00,23 St-Baruch College (6),OMNY - Seniors & Disability,43,11
4/22/26 8:00,23 St-Baruch College (6),Metrocard - Other,2,0
4/22/26 7:00,23 St-Baruch College (6),OMNY - Other,8,0
4/22/26 7:00,23 St-Baruch College (6),OMNY - Full Fare,730,127
4/22/26 7:00,23 St-Baruch College (6),OMNY - Students,75,3
4/22/26 7:00,23 St-Baruch College (6),OMNY - Seniors & Disability,27,6
4/22/26 7:00,23 St-Baruch College (6),OMNY - Fair Fare,7,2
4/22/26 7:00,23 St-Baruch College (6),Metrocard - Other,5,0
4/22/26 6:00,23 St-Baruch College (6),Metrocard - Other,2,0
4/22/26 6:00,23 St-Baruch College (6),OMNY - Seniors & Disability,14,5
4/22/26 6:00,23 St-Baruch College (6),Metrocard - Unlimited 30-Day,1,0
4/22/26 6:00,23 St-Baruch College (6),OMNY - Full Fare,200,36
4/22/26 6:00,23 St-Baruch College (6),OMNY - Students,3,0
4/22/26 6:00,23 St-Baruch College (6),OMNY - Other,6,0
4/22/26 6:00,23 St-Baruch College (6),OMNY - Fair Fare,5,1
4/22/26 5:00,23 St-Baruch College (6),OMNY - Fair Fare,3,1
4/22/26 5:00,23 St-Baruch College (6),Metrocard - Unlimited 30-Day,1,0
4/22/26 5:00,23 St-Baruch College (6),OMNY - Full Fare,46,16
4/22/26 5:00,23 St-Baruch College (6),OMNY - Seniors & Disability,4,0
4/22/26 5:00,23 St-Baruch College (6),OMNY - Students,1,0
4/22/26 5:00,23 St-Baruch College (6),OMNY - Other,2,0
4/22/26 4:00,23 St-Baruch College (6),OMNY - Full Fare,15,1
4/22/26 4:00,23 St-Baruch College (6),OMNY - Students,1,0
4/22/26 4:00,23 St-Baruch College (6),Metrocard - Other,1,0
4/22/26 4:00,23 St-Baruch College (6),OMNY - Fair Fare,1,0
4/22/26 4:00,23 St-Baruch College (6),OMNY - Other,1,0
4/22/26 3:00,23 St-Baruch College (6),OMNY - Full Fare,11,0
4/22/26 3:00,23 St-Baruch College (6),OMNY - Students,1,0
4/22/26 3:00,23 St-Baruch College (6),OMNY - Other,2,0
4/22/26 2:00,23 St-Baruch College (6),OMNY - Other,1,0
4/22/26 2:00,23 St-Baruch College (6),OMNY - Full Fare,10,0
4/22/26 2:00,23 St-Baruch College (6),OMNY - Students,1,0
4/22/26 2:00,23 St-Baruch College (6),OMNY - Seniors & Disability,1,0
4/22/26 1:00,23 St-Baruch College (6),OMNY - Students,4,0
4/22/26 1:00,23 St-Baruch College (6),OMNY - Other,1,0
4/22/26 1:00,23 St-Baruch College (6),OMNY - Fair Fare,3,0
4/22/26 1:00,23 St-Baruch College (6),OMNY - Full Fare,29,0
4/22/26 0:00,23 St-Baruch College (6),OMNY - Full Fare,118,2
4/22/26 0:00,23 St-Baruch College (6),OMNY - Students,3,0
4/22/26 0:00,23 St-Baruch College (6),OMNY - Other,5,0
4/22/26 0:00,23 St-Baruch College (6),OMNY - Fair Fare,9,0
4/22/26 0:00,23 St-Baruch College (6),Metrocard - Other,1,0
4/22/26 0:00,23 St-Baruch College (6),OMNY - Seniors & Disability,3,0
4/21/26 23:00,23 St-Baruch College (6),Metrocard - Other,2,0
4/21/26 23:00,23 St-Baruch College (6),OMNY - Other,6,0
4/21/26 23:00,23 St-Baruch College (6),OMNY - Seniors & Disability,12,2
4/21/26 23:00,23 St-Baruch College (6),OMNY - Fair Fare,6,0
4/21/26 23:00,23 St-Baruch College (6),OMNY - Full Fare,298,7
4/21/26 23:00,23 St-Baruch College (6),OMNY - Students,9,0
4/21/26 22:00,23 St-Baruch College (6),OMNY - Full Fare,497,5
4/21/26 22:00,23 St-Baruch College (6),OMNY - Fair Fare,22,0
4/21/26 22:00,23 St-Baruch College (6),OMNY - Students,23,0
4/21/26 22:00,23 St-Baruch College (6),Metrocard - Other,2,0
4/21/26 22:00,23 St-Baruch College (6),OMNY - Other,22,0
4/21/26 22:00,23 St-Baruch College (6),OMNY - Seniors & Disability,26,3
4/21/26 21:00,23 St-Baruch College (6),OMNY - Students,26,1
4/21/26 21:00,23 St-Baruch College (6),OMNY - Seniors & Disability,33,1
4/21/26 21:00,23 St-Baruch College (6),OMNY - Full Fare,757,3
4/21/26 21:00,23 St-Baruch College (6),Metrocard - Unlimited 7-Day,1,0
4/21/26 21:00,23 St-Baruch College (6),Metrocard - Other,2,0
4/21/26 21:00,23 St-Baruch College (6),OMNY - Fair Fare,54,0
4/21/26 21:00,23 St-Baruch College (6),Metrocard - Unlimited 30-Day,1,0
4/21/26 21:00,23 St-Baruch College (6),OMNY - Other,9,0
4/21/26 20:00,23 St-Baruch College (6),OMNY - Fair Fare,65,2
4/21/26 20:00,23 St-Baruch College (6),Metrocard - Other,10,0
4/21/26 20:00,23 St-Baruch College (6),OMNY - Students,54,0
4/21/26 20:00,23 St-Baruch College (6),Metrocard - Unlimited 30-Day,2,0
4/21/26 20:00,23 St-Baruch College (6),OMNY - Full Fare,"1,076",14
4/21/26 20:00,23 St-Baruch College (6),OMNY - Seniors & Disability,46,7
4/21/26 20:00,23 St-Baruch College (6),OMNY - Other,13,0
4/21/26 19:00,23 St-Baruch College (6),OMNY - Other,21,0
4/21/26 19:00,23 St-Baruch College (6),Metrocard - Other,2,0
4/21/26 19:00,23 St-Baruch College (6),OMNY - Full Fare,"1,518",26
4/21/26 19:00,23 St-Baruch College (6),OMNY - Seniors & Disability,62,12
4/21/26 19:00,23 St-Baruch College (6),Metrocard - Unlimited 30-Day,2,0
4/21/26 19:00,23 St-Baruch College (6),OMNY - Students,106,0
4/21/26 19:00,23 St-Baruch College (6),OMNY - Fair Fare,110,1
4/21/26 18:00,23 St-Baruch College (6),Metrocard - Unlimited 30-Day,3,0
4/21/26 18:00,23 St-Baruch College (6),OMNY - Seniors & Disability,73,7
4/21/26 18:00,23 St-Baruch College (6),OMNY - Full Fare,"1,907",36
4/21/26 18:00,23 St-Baruch College (6),OMNY - Fair Fare,78,1
4/21/26 18:00,23 St-Baruch College (6),Metrocard - Unlimited 7-Day,1,0
4/21/26 18:00,23 St-Baruch College (6),OMNY - Other,23,0
4/21/26 18:00,23 St-Baruch College (6),OMNY - Students,113,1
4/21/26 18:00,23 St-Baruch College (6),Metrocard - Other,6,0
4/21/26 17:00,23 St-Baruch College (6),OMNY - Seniors & Disability,135,7
4/21/26 17:00,23 St-Baruch College (6),OMNY - Fair Fare,126,8
4/21/26 17:00,23 St-Baruch College (6),Metrocard - Unlimited 7-Day,1,0
4/21/26 17:00,23 St-Baruch College (6),OMNY - Other,16,0
4/21/26 17:00,23 St-Baruch College (6),OMNY - Students,192,3
4/21/26 17:00,23 St-Baruch College (6),Metrocard - Other,3,0
4/21/26 17:00,23 St-Baruch College (6),Metrocard - Unlimited 30-Day,2,0
4/21/26 17:00,23 St-Baruch College (6),OMNY - Full Fare,"2,730",41
4/21/26 16:00,23 St-Baruch College (6),OMNY - Students,237,3
4/21/26 16:00,23 St-Baruch College (6),OMNY - Seniors & Disability,127,13
4/21/26 16:00,23 St-Baruch College (6),OMNY - Full Fare,"2,020",66
4/21/26 16:00,23 St-Baruch College (6),Metrocard - Unlimited 30-Day,1,0
4/21/26 16:00,23 St-Baruch College (6),OMNY - Other,23,0
4/21/26 16:00,23 St-Baruch College (6),OMNY - Fair Fare,117,1
4/21/26 16:00,23 St-Baruch College (6),Metrocard - Unlimited 7-Day,2,0
4/21/26 16:00,23 St-Baruch College (6),Metrocard - Other,10,0
4/21/26 15:00,23 St-Baruch College (6),OMNY - Fair Fare,127,2
4/21/26 15:00,23 St-Baruch College (6),OMNY - Other,40,0
4/21/26 15:00,23 St-Baruch College (6),Metrocard - Other,2,0
4/21/26 15:00,23 St-Baruch College (6),OMNY - Students,332,4
4/21/26 15:00,23 St-Baruch College (6),OMNY - Seniors & Disability,124,13
4/21/26 15:00,23 St-Baruch College (6),Metrocard - Unlimited 30-Day,1,0
4/21/26 15:00,23 St-Baruch College (6),Metrocard - Unlimited 7-Day,1,0
4/21/26 15:00,23 St-Baruch College (6),OMNY - Full Fare,"1,681",30
4/21/26 15:00,23 St-Baruch College (6),Metrocard - Seniors & Disability,1,0
4/21/26 14:00,23 St-Baruch College (6),OMNY - Fair Fare,63,0
4/21/26 14:00,23 St-Baruch College (6),OMNY - Seniors & Disability,96,7
4/21/26 14:00,23 St-Baruch College (6),Metrocard - Unlimited 30-Day,1,0
4/21/26 14:00,23 St-Baruch College (6),OMNY - Students,192,3
4/21/26 14:00,23 St-Baruch College (6),Metrocard - Other,11,0
4/21/26 14:00,23 St-Baruch College (6),OMNY - Other,22,0
4/21/26 14:00,23 St-Baruch College (6),OMNY - Full Fare,"1,069",29
4/21/26 13:00,23 St-Baruch College (6),OMNY - Full Fare,717,15
4/21/26 13:00,23 St-Baruch College (6),OMNY - Other,11,0
4/21/26 13:00,23 St-Baruch College (6),OMNY - Students,38,2
4/21/26 13:00,23 St-Baruch College (6),OMNY - Seniors & Disability,87,14
4/21/26 13:00,23 St-Baruch College (6),Metrocard - Other,1,0
4/21/26 13:00,23 St-Baruch College (6),Metrocard - Unlimited 30-Day,1,0
4/21/26 13:00,23 St-Baruch College (6),OMNY - Fair Fare,40,3
4/21/26 12:00,23 St-Baruch College (6),Metrocard - Other,5,0
4/21/26 12:00,23 St-Baruch College (6),Metrocard - Unlimited 30-Day,1,0
4/21/26 12:00,23 St-Baruch College (6),Metrocard - Seniors & Disability,1,0
4/21/26 12:00,23 St-Baruch College (6),OMNY - Students,69,0
4/21/26 12:00,23 St-Baruch College (6),OMNY - Seniors & Disability,81,6
4/21/26 12:00,23 St-Baruch College (6),OMNY - Full Fare,907,10
4/21/26 12:00,23 St-Baruch College (6),OMNY - Other,15,0
4/21/26 12:00,23 St-Baruch College (6),OMNY - Fair Fare,65,2
4/21/26 11:00,23 St-Baruch College (6),OMNY - Students,35,0
4/21/26 11:00,23 St-Baruch College (6),Metrocard - Other,3,0
4/21/26 11:00,23 St-Baruch College (6),OMNY - Full Fare,695,22
4/21/26 11:00,23 St-Baruch College (6),OMNY - Other,17,0
4/21/26 11:00,23 St-Baruch College (6),OMNY - Fair Fare,53,1
4/21/26 11:00,23 St-Baruch College (6),Metrocard - Unlimited 30-Day,3,0
4/21/26 11:00,23 St-Baruch College (6),OMNY - Seniors & Disability,59,10
4/21/26 10:00,23 St-Baruch College (6),OMNY - Students,39,2
4/21/26 10:00,23 St-Baruch College (6),Metrocard - Unlimited 30-Day,1,0
4/21/26 10:00,23 St-Baruch College (6),OMNY - Seniors & Disability,68,12
4/21/26 10:00,23 St-Baruch College (6),OMNY - Fair Fare,34,1
4/21/26 10:00,23 St-Baruch College (6),Metrocard - Other,2,0
4/21/26 10:00,23 St-Baruch College (6),OMNY - Full Fare,688,29
4/21/26 10:00,23 St-Baruch College (6),OMNY - Other,11,0
4/21/26 9:00,23 St-Baruch College (6),OMNY - Students,21,2
4/21/26 9:00,23 St-Baruch College (6),OMNY - Full Fare,"1,096",103
4/21/26 9:00,23 St-Baruch College (6),OMNY - Seniors & Disability,53,7
4/21/26 9:00,23 St-Baruch College (6),OMNY - Other,16,0
4/21/26 9:00,23 St-Baruch College (6),Metrocard - Other,4,0
4/21/26 9:00,23 St-Baruch College (6),OMNY - Fair Fare,19,3
4/21/26 9:00,23 St-Baruch College (6),Metrocard - Unlimited 30-Day,1,0
4/21/26 8:00,23 St-Baruch College (6),Metrocard - Other,2,0
4/21/26 8:00,23 St-Baruch College (6),Metrocard - Unlimited 30-Day,1,0
4/21/26 8:00,23 St-Baruch College (6),OMNY - Full Fare,"1,587",128
4/21/26 8:00,23 St-Baruch College (6),OMNY - Other,8,0
4/21/26 8:00,23 St-Baruch College (6),OMNY - Students,58,4
4/21/26 8:00,23 St-Baruch College (6),Metrocard - Full Fare,1,0
4/21/26 8:00,23 St-Baruch College (6),OMNY - Fair Fare,24,3
4/21/26 8:00,23 St-Baruch College (6),OMNY - Seniors & Disability,38,8
4/21/26 7:00,23 St-Baruch College (6),OMNY - Students,69,3
4/21/26 7:00,23 St-Baruch College (6),OMNY - Other,11,0
4/21/26 7:00,23 St-Baruch College (6),OMNY - Fair Fare,6,0
4/21/26 7:00,23 St-Baruch College (6),OMNY - Seniors & Disability,23,5
4/21/26 7:00,23 St-Baruch College (6),OMNY - Full Fare,704,97
4/21/26 7:00,23 St-Baruch College (6),Metrocard - Other,4,0
4/21/26 6:00,23 St-Baruch College (6),OMNY - Seniors & Disability,13,2
4/21/26 6:00,23 St-Baruch College (6),OMNY - Fair Fare,6,1
4/21/26 6:00,23 St-Baruch College (6),Metrocard - Other,2,0
4/21/26 6:00,23 St-Baruch College (6),OMNY - Students,4,1
4/21/26 6:00,23 St-Baruch College (6),OMNY - Other,4,0
4/21/26 6:00,23 St-Baruch College (6),OMNY - Full Fare,217,45
4/21/26 5:00,23 St-Baruch College (6),OMNY - Fair Fare,4,1
4/21/26 5:00,23 St-Baruch College (6),OMNY - Seniors & Disability,3,3
4/21/26 5:00,23 St-Baruch College (6),OMNY - Full Fare,41,10
4/21/26 5:00,23 St-Baruch College (6),OMNY - Other,1,0
4/21/26 5:00,23 St-Baruch College (6),OMNY - Students,1,0
4/21/26 4:00,23 St-Baruch College (6),OMNY - Students,1,0
4/21/26 4:00,23 St-Baruch College (6),OMNY - Full Fare,11,1
4/21/26 4:00,23 St-Baruch College (6),OMNY - Other,2,0
4/21/26 3:00,23 St-Baruch College (6),OMNY - Students,3,0
4/21/26 3:00,23 St-Baruch College (6),OMNY - Full Fare,6,0
4/21/26 3:00,23 St-Baruch College (6),Metrocard - Other,1,0
4/21/26 2:00,23 St-Baruch College (6),OMNY - Other,1,0
4/21/26 2:00,23 St-Baruch College (6),OMNY - Students,2,0
4/21/26 2:00,23 St-Baruch College (6),OMNY - Full Fare,16,0
4/21/26 2:00,23 St-Baruch College (6),OMNY - Seniors & Disability,1,0
4/21/26 2:00,23 St-Baruch College (6),OMNY - Fair Fare,1,0
4/21/26 1:00,23 St-Baruch College (6),OMNY - Full Fare,32,1
4/21/26 1:00,23 St-Baruch College (6),OMNY - Other,1,0
4/21/26 1:00,23 St-Baruch College (6),OMNY - Students,4,0
4/21/26 1:00,23 St-Baruch College (6),OMNY - Fair Fare,1,0
4/21/26 0:00,23 St-Baruch College (6),OMNY - Students,3,0
4/21/26 0:00,23 St-Baruch College (6),OMNY - Seniors & Disability,3,0
4/21/26 0:00,23 St-Baruch College (6),OMNY - Fair Fare,11,0
4/21/26 0:00,23 St-Baruch College (6),OMNY - Full Fare,143,2
4/21/26 0:00,23 St-Baruch College (6),OMNY - Other,3,0
4/20/26 23:00,23 St-Baruch College (6),OMNY - Full Fare,227,6
4/20/26 23:00,23 St-Baruch College (6),OMNY - Students,12,0
4/20/26 23:00,23 St-Baruch College (6),OMNY - Seniors & Disability,11,2
4/20/26 23:00,23 St-Baruch College (6),Metrocard - Other,1,0
4/20/26 23:00,23 St-Baruch College (6),OMNY - Fair Fare,10,1
4/20/26 23:00,23 St-Baruch College (6),OMNY - Other,7,0
4/20/26 22:00,23 St-Baruch College (6),OMNY - Students,12,0
4/20/26 22:00,23 St-Baruch College (6),OMNY - Fair Fare,24,1
4/20/26 22:00,23 St-Baruch College (6),OMNY - Seniors & Disability,20,1
4/20/26 22:00,23 St-Baruch College (6),OMNY - Other,9,0
4/20/26 22:00,23 St-Baruch College (6),OMNY - Full Fare,370,16
4/20/26 22:00,23 St-Baruch College (6),Metrocard - Unlimited 30-Day,1,0
4/20/26 21:00,23 St-Baruch College (6),OMNY - Full Fare,641,9
4/20/26 21:00,23 St-Baruch College (6),OMNY - Seniors & Disability,27,0
4/20/26 21:00,23 St-Baruch College (6),Metrocard - Other,3,0
4/20/26 21:00,23 St-Baruch College (6),Metrocard - Unlimited 30-Day,1,0
4/20/26 21:00,23 St-Baruch College (6),OMNY - Other,5,0
4/20/26 21:00,23 St-Baruch College (6),OMNY - Fair Fare,31,0
4/20/26 21:00,23 St-Baruch College (6),OMNY - Students,27,0
4/20/26 20:00,23 St-Baruch College (6),OMNY - Seniors & Disability,61,4
4/20/26 20:00,23 St-Baruch College (6),OMNY - Other,21,0
4/20/26 20:00,23 St-Baruch College (6),OMNY - Students,69,0
4/20/26 20:00,23 St-Baruch College (6),Metrocard - Other,7,0
4/20/26 20:00,23 St-Baruch College (6),OMNY - Full Fare,"1,031",11
4/20/26 20:00,23 St-Baruch College (6),OMNY - Fair Fare,63,1
4/20/26 20:00,23 St-Baruch College (6),Metrocard - Unlimited 30-Day,1,0
4/20/26 19:00,23 St-Baruch College (6),OMNY - Other,15,0
4/20/26 19:00,23 St-Baruch College (6),OMNY - Students,116,3
4/20/26 19:00,23 St-Baruch College (6),OMNY - Full Fare,"1,355",25
4/20/26 19:00,23 St-Baruch College (6),OMNY - Fair Fare,84,0
4/20/26 19:00,23 St-Baruch College (6),Metrocard - Full Fare,1,0
4/20/26 19:00,23 St-Baruch College (6),Metrocard - Other,3,0
4/20/26 19:00,23 St-Baruch College (6),OMNY - Seniors & Disability,50,1
4/20/26 18:00,23 St-Baruch College (6),Metrocard - Other,5,0
4/20/26 18:00,23 St-Baruch College (6),OMNY - Students,104,3
4/20/26 18:00,23 St-Baruch College (6),OMNY - Other,25,0
4/20/26 18:00,23 St-Baruch College (6),OMNY - Fair Fare,74,1
4/20/26 18:00,23 St-Baruch College (6),OMNY - Seniors & Disability,93,7
4/20/26 18:00,23 St-Baruch College (6),OMNY - Full Fare,"1,678",31
4/20/26 17:00,23 St-Baruch College (6),OMNY - Students,227,5
4/20/26 17:00,23 St-Baruch College (6),OMNY - Seniors & Disability,95,2
4/20/26 17:00,23 St-Baruch College (6),Metrocard - Unlimited 30-Day,5,0
4/20/26 17:00,23 St-Baruch College (6),OMNY - Full Fare,"2,422",38
4/20/26 17:00,23 St-Baruch College (6),Metrocard - Other,2,0
4/20/26 17:00,23 St-Baruch College (6),Metrocard - Seniors & Disability,1,0
4/20/26 17:00,23 St-Baruch College (6),Metrocard - Unlimited 7-Day,1,0
4/20/26 17:00,23 St-Baruch College (6),OMNY - Other,18,0
4/20/26 17:00,23 St-Baruch College (6),OMNY - Fair Fare,127,3
4/20/26 16:00,23 St-Baruch College (6),Metrocard - Unlimited 30-Day,2,0
4/20/26 16:00,23 St-Baruch College (6),OMNY - Full Fare,"1,898",54
4/20/26 16:00,23 St-Baruch College (6),Metrocard - Unlimited 7-Day,1,0
4/20/26 16:00,23 St-Baruch College (6),Metrocard - Other,8,0
4/20/26 16:00,23 St-Baruch College (6),OMNY - Students,183,4
4/20/26 16:00,23 St-Baruch College (6),OMNY - Other,20,0
4/20/26 16:00,23 St-Baruch College (6),OMNY - Seniors & Disability,125,7
4/20/26 16:00,23 St-Baruch College (6),OMNY - Fair Fare,114,3
4/20/26 15:00,23 St-Baruch College (6),OMNY - Fair Fare,104,5
4/20/26 15:00,23 St-Baruch College (6),OMNY - Seniors & Disability,109,9
4/20/26 15:00,23 St-Baruch College (6),Metrocard - Seniors & Disability,1,0
4/20/26 15:00,23 St-Baruch College (6),Metrocard - Other,8,0
4/20/26 15:00,23 St-Baruch College (6),Metrocard - Unlimited 30-Day,4,0
4/20/26 15:00,23 St-Baruch College (6),OMNY - Full Fare,"1,578",36
4/20/26 15:00,23 St-Baruch College (6),OMNY - Students,294,4
4/20/26 15:00,23 St-Baruch College (6),OMNY - Other,25,0
4/20/26 14:00,23 St-Baruch College (6),OMNY - Full Fare,"1,151",25
4/20/26 14:00,23 St-Baruch College (6),OMNY - Fair Fare,117,1
4/20/26 14:00,23 St-Baruch College (6),Metrocard - Other,4,0
4/20/26 14:00,23 St-Baruch College (6),Metrocard - Unlimited 7-Day,1,0
4/20/26 14:00,23 St-Baruch College (6),OMNY - Other,20,0
4/20/26 14:00,23 St-Baruch College (6),OMNY - Seniors & Disability,115,10
4/20/26 14:00,23 St-Baruch College (6),OMNY - Students,269,0
4/20/26 13:00,23 St-Baruch College (6),OMNY - Students,59,1
4/20/26 13:00,23 St-Baruch College (6),OMNY - Other,11,0
4/20/26 13:00,23 St-Baruch College (6),OMNY - Full Fare,772,22
4/20/26 13:00,23 St-Baruch College (6),Metrocard - Seniors & Disability,1,0
4/20/26 13:00,23 St-Baruch College (6),OMNY - Seniors & Disability,88,13
4/20/26 13:00,23 St-Baruch College (6),Metrocard - Other,2,0
4/20/26 13:00,23 St-Baruch College (6),OMNY - Fair Fare,54,1
4/20/26 13:00,23 St-Baruch College (6),Metrocard - Unlimited 30-Day,1,0
4/20/26 12:00,23 St-Baruch College (6),OMNY - Other,14,0
4/20/26 12:00,23 St-Baruch College (6),OMNY - Students,71,0
4/20/26 12:00,23 St-Baruch College (6),OMNY - Seniors & Disability,77,5
4/20/26 12:00,23 St-Baruch College (6),OMNY - Fair Fare,55,0
4/20/26 12:00,23 St-Baruch College (6),OMNY - Full Fare,898,11
4/20/26 12:00,23 St-Baruch College (6),Metrocard - Other,8,0
4/20/26 12:00,23 St-Baruch College (6),Metrocard - Unlimited 7-Day,1,0
4/20/26 11:00,23 St-Baruch College (6),OMNY - Full Fare,614,15
4/20/26 11:00,23 St-Baruch College (6),OMNY - Fair Fare,32,1
4/20/26 11:00,23 St-Baruch College (6),Metrocard - Other,2,0
4/20/26 11:00,23 St-Baruch College (6),OMNY - Other,8,0
4/20/26 11:00,23 St-Baruch College (6),OMNY - Seniors & Disability,74,8
4/20/26 11:00,23 St-Baruch College (6),OMNY - Students,34,1
4/20/26 10:00,23 St-Baruch College (6),OMNY - Fair Fare,40,2
4/20/26 10:00,23 St-Baruch College (6),Metrocard - Unlimited 7-Day,2,0
4/20/26 10:00,23 St-Baruch College (6),Metrocard - Other,2,0
4/20/26 10:00,23 St-Baruch College (6),OMNY - Full Fare,639,25
4/20/26 10:00,23 St-Baruch College (6),OMNY - Other,11,0
4/20/26 10:00,23 St-Baruch College (6),OMNY - Students,24,0
4/20/26 10:00,23 St-Baruch College (6),OMNY - Seniors & Disability,66,8
4/20/26 10:00,23 St-Baruch College (6),Metrocard - Unlimited 30-Day,3,0
4/20/26 9:00,23 St-Baruch College (6),OMNY - Seniors & Disability,56,12
4/20/26 9:00,23 St-Baruch College (6),OMNY - Full Fare,850,58
4/20/26 9:00,23 St-Baruch College (6),Metrocard - Unlimited 30-Day,1,0
4/20/26 9:00,23 St-Baruch College (6),OMNY - Fair Fare,12,2
4/20/26 9:00,23 St-Baruch College (6),Metrocard - Other,1,0
4/20/26 9:00,23 St-Baruch College (6),OMNY - Students,20,0
4/20/26 9:00,23 St-Baruch College (6),OMNY - Other,10,0
4/20/26 9:00,23 St-Baruch College (6),Metrocard - Unlimited 7-Day,1,0
4/20/26 8:00,23 St-Baruch College (6),OMNY - Fair Fare,26,2
4/20/26 8:00,23 St-Baruch College (6),Metrocard - Other,1,0
4/20/26 8:00,23 St-Baruch College (6),OMNY - Seniors & Disability,40,9
4/20/26 8:00,23 St-Baruch College (6),OMNY - Students,48,3
4/20/26 8:00,23 St-Baruch College (6),OMNY - Full Fare,"1,414",104
4/20/26 8:00,23 St-Baruch College (6),OMNY - Other,10,0
4/20/26 7:00,23 St-Baruch College (6),Metrocard - Other,1,0
4/20/26 7:00,23 St-Baruch College (6),OMNY - Other,7,0
4/20/26 7:00,23 St-Baruch College (6),OMNY - Fair Fare,7,0
4/20/26 7:00,23 St-Baruch College (6),OMNY - Students,67,3
4/20/26 7:00,23 St-Baruch College (6),OMNY - Full Fare,657,93
4/20/26 7:00,23 St-Baruch College (6),OMNY - Seniors & Disability,27,6
4/20/26 6:00,23 St-Baruch College (6),OMNY - Students,7,0
4/20/26 6:00,23 St-Baruch College (6),OMNY - Full Fare,212,43
4/20/26 6:00,23 St-Baruch College (6),Metrocard - Other,2,0
4/20/26 6:00,23 St-Baruch College (6),OMNY - Seniors & Disability,9,3
4/20/26 6:00,23 St-Baruch College (6),OMNY - Other,6,0
4/20/26 6:00,23 St-Baruch College (6),OMNY - Fair Fare,6,0
4/20/26 5:00,23 St-Baruch College (6),OMNY - Seniors & Disability,5,3
4/20/26 5:00,23 St-Baruch College (6),OMNY - Students,1,0
4/20/26 5:00,23 St-Baruch College (6),OMNY - Other,2,0
4/20/26 5:00,23 St-Baruch College (6),Metrocard - Other,1,0
4/20/26 5:00,23 St-Baruch College (6),OMNY - Full Fare,64,17
4/20/26 5:00,23 St-Baruch College (6),OMNY - Fair Fare,3,1
4/20/26 4:00,23 St-Baruch College (6),OMNY - Students,1,0
4/20/26 4:00,23 St-Baruch College (6),OMNY - Seniors & Disability,1,0
4/20/26 4:00,23 St-Baruch College (6),OMNY - Other,4,0
4/20/26 4:00,23 St-Baruch College (6),OMNY - Fair Fare,1,0
4/20/26 4:00,23 St-Baruch College (6),OMNY - Full Fare,16,0
4/20/26 3:00,23 St-Baruch College (6),OMNY - Other,1,0
4/20/26 3:00,23 St-Baruch College (6),OMNY - Students,1,0
4/20/26 3:00,23 St-Baruch College (6),OMNY - Full Fare,13,0
4/20/26 2:00,23 St-Baruch College (6),OMNY - Full Fare,7,0
4/20/26 2:00,23 St-Baruch College (6),OMNY - Other,1,0
4/20/26 1:00,23 St-Baruch College (6),OMNY - Full Fare,37,0
4/20/26 1:00,23 St-Baruch College (6),OMNY - Fair Fare,2,0
4/20/26 1:00,23 St-Baruch College (6),OMNY - Other,4,0
4/20/26 1:00,23 St-Baruch College (6),OMNY - Students,3,0
4/20/26 1:00,23 St-Baruch College (6),OMNY - Seniors & Disability,2,1
4/20/26 0:00,23 St-Baruch College (6),OMNY - Seniors & Disability,4,0
4/20/26 0:00,23 St-Baruch College (6),OMNY - Fair Fare,4,0
4/20/26 0:00,23 St-Baruch College (6),OMNY - Full Fare,113,2
4/20/26 0:00,23 St-Baruch College (6),OMNY - Students,6,0
4/20/26 0:00,23 St-Baruch College (6),OMNY - Other,2,0
4/19/26 23:00,23 St-Baruch College (6),OMNY - Full Fare,251,2
4/19/26 23:00,23 St-Baruch College (6),OMNY - Students,10,0
4/19/26 23:00,23 St-Baruch College (6),OMNY - Seniors & Disability,9,0
4/19/26 23:00,23 St-Baruch College (6),OMNY - Fair Fare,9,0
4/19/26 23:00,23 St-Baruch College (6),OMNY - Other,2,0
4/19/26 22:00,23 St-Baruch College (6),OMNY - Fair Fare,18,1
4/19/26 22:00,23 St-Baruch College (6),OMNY - Other,6,0
4/19/26 22:00,23 St-Baruch College (6),OMNY - Students,10,0
4/19/26 22:00,23 St-Baruch College (6),OMNY - Seniors & Disability,5,1
4/19/26 22:00,23 St-Baruch College (6),OMNY - Full Fare,253,6
4/19/26 21:00,23 St-Baruch College (6),OMNY - Other,4,0
4/19/26 21:00,23 St-Baruch College (6),OMNY - Seniors & Disability,7,1
4/19/26 21:00,23 St-Baruch College (6),Metrocard - Unlimited 30-Day,1,0
4/19/26 21:00,23 St-Baruch College (6),OMNY - Students,11,0
4/19/26 21:00,23 St-Baruch College (6),OMNY - Fair Fare,14,1
4/19/26 21:00,23 St-Baruch College (6),OMNY - Full Fare,269,9
4/19/26 21:00,23 St-Baruch College (6),Metrocard - Other,1,0
4/19/26 20:00,23 St-Baruch College (6),OMNY - Other,6,0
4/19/26 20:00,23 St-Baruch College (6),OMNY - Students,10,1
4/19/26 20:00,23 St-Baruch College (6),OMNY - Fair Fare,21,0
4/19/26 20:00,23 St-Baruch College (6),OMNY - Seniors & Disability,18,3
4/19/26 20:00,23 St-Baruch College (6),OMNY - Full Fare,428,11
4/19/26 19:00,23 St-Baruch College (6),OMNY - Students,17,1
4/19/26 19:00,23 St-Baruch College (6),OMNY - Other,5,0
4/19/26 19:00,23 St-Baruch College (6),OMNY - Fair Fare,11,0
4/19/26 19:00,23 St-Baruch College (6),OMNY - Full Fare,478,8
4/19/26 19:00,23 St-Baruch College (6),OMNY - Seniors & Disability,15,1
4/19/26 18:00,23 St-Baruch College (6),OMNY - Fair Fare,26,1
4/19/26 18:00,23 St-Baruch College (6),OMNY - Other,6,0
4/19/26 18:00,23 St-Baruch College (6),OMNY - Full Fare,595,17
4/19/26 18:00,23 St-Baruch College (6),OMNY - Students,21,0
4/19/26 18:00,23 St-Baruch College (6),OMNY - Seniors & Disability,23,1
4/19/26 17:00,23 St-Baruch College (6),OMNY - Fair Fare,12,1
4/19/26 17:00,23 St-Baruch College (6),OMNY - Other,15,0
4/19/26 17:00,23 St-Baruch College (6),OMNY - Full Fare,560,12
4/19/26 17:00,23 St-Baruch College (6),OMNY - Students,15,0
4/19/26 17:00,23 St-Baruch College (6),Metrocard - Other,1,0
4/19/26 17:00,23 St-Baruch College (6),OMNY - Seniors & Disability,17,1
4/19/26 16:00,23 St-Baruch College (6),OMNY - Students,27,1
4/19/26 16:00,23 St-Baruch College (6),OMNY - Seniors & Disability,29,3
4/19/26 16:00,23 St-Baruch College (6),OMNY - Fair Fare,18,0
4/19/26 16:00,23 St-Baruch College (6),OMNY - Full Fare,657,15
4/19/26 16:00,23 St-Baruch College (6),Metrocard - Other,1,0
4/19/26 16:00,23 St-Baruch College (6),OMNY - Other,13,0
4/19/26 15:00,23 St-Baruch College (6),Metrocard - Other,2,0
4/19/26 15:00,23 St-Baruch College (6),OMNY - Seniors & Disability,32,2
4/19/26 15:00,23 St-Baruch College (6),OMNY - Other,12,0
4/19/26 15:00,23 St-Baruch College (6),OMNY - Fair Fare,21,0
4/19/26 15:00,23 St-Baruch College (6),OMNY - Students,44,2
4/19/26 15:00,23 St-Baruch College (6),OMNY - Full Fare,788,7
4/19/26 14:00,23 St-Baruch College (6),Metrocard - Full Fare,1,0
4/19/26 14:00,23 St-Baruch College (6),OMNY - Seniors & Disability,39,4
4/19/26 14:00,23 St-Baruch College (6),OMNY - Students,87,3
4/19/26 14:00,23 St-Baruch College (6),OMNY - Fair Fare,12,1
4/19/26 14:00,23 St-Baruch College (6),OMNY - Full Fare,831,23
4/19/26 14:00,23 St-Baruch College (6),OMNY - Other,6,0
4/19/26 13:00,23 St-Baruch College (6),OMNY - Other,13,0
4/19/26 13:00,23 St-Baruch College (6),OMNY - Students,45,2
4/19/26 13:00,23 St-Baruch College (6),OMNY - Fair Fare,15,0
4/19/26 13:00,23 St-Baruch College (6),OMNY - Seniors & Disability,46,7
4/19/26 13:00,23 St-Baruch College (6),OMNY - Full Fare,914,21
4/19/26 12:00,23 St-Baruch College (6),OMNY - Fair Fare,17,1
4/19/26 12:00,23 St-Baruch College (6),OMNY - Full Fare,660,13
4/19/26 12:00,23 St-Baruch College (6),OMNY - Students,34,1
4/19/26 12:00,23 St-Baruch College (6),OMNY - Seniors & Disability,28,6
4/19/26 12:00,23 St-Baruch College (6),Metrocard - Other,2,0
4/19/26 12:00,23 St-Baruch College (6),OMNY - Other,11,0
4/19/26 11:00,23 St-Baruch College (6),OMNY - Other,5,0
4/19/26 11:00,23 St-Baruch College (6),OMNY - Fair Fare,7,1
4/19/26 11:00,23 St-Baruch College (6),OMNY - Seniors & Disability,18,6
4/19/26 11:00,23 St-Baruch College (6),OMNY - Students,18,0
4/19/26 11:00,23 St-Baruch College (6),Metrocard - Unlimited 30-Day,1,0
4/19/26 11:00,23 St-Baruch College (6),OMNY - Full Fare,585,9
4/19/26 10:00,23 St-Baruch College (6),OMNY - Seniors & Disability,31,6
4/19/26 10:00,23 St-Baruch College (6),OMNY - Students,11,0
4/19/26 10:00,23 St-Baruch College (6),OMNY - Full Fare,469,12
4/19/26 10:00,23 St-Baruch College (6),OMNY - Fair Fare,13,0
4/19/26 9:00,23 St-Baruch College (6),OMNY - Other,3,0
4/19/26 9:00,23 St-Baruch College (6),OMNY - Fair Fare,2,0
4/19/26 9:00,23 St-Baruch College (6),OMNY - Full Fare,236,5
4/19/26 9:00,23 St-Baruch College (6),OMNY - Students,5,0
4/19/26 9:00,23 St-Baruch College (6),Metrocard - Other,2,0
4/19/26 9:00,23 St-Baruch College (6),OMNY - Seniors & Disability,15,0
4/19/26 8:00,23 St-Baruch College (6),OMNY - Fair Fare,4,1
4/19/26 8:00,23 St-Baruch College (6),OMNY - Seniors & Disability,4,1
4/19/26 8:00,23 St-Baruch College (6),OMNY - Students,4,0
4/19/26 8:00,23 St-Baruch College (6),OMNY - Other,3,0
4/19/26 8:00,23 St-Baruch College (6),OMNY - Full Fare,140,9
4/19/26 7:00,23 St-Baruch College (6),OMNY - Other,5,0
4/19/26 7:00,23 St-Baruch College (6),OMNY - Students,2,0
4/19/26 7:00,23 St-Baruch College (6),Metrocard - Other,2,0
4/19/26 7:00,23 St-Baruch College (6),OMNY - Full Fare,116,3
4/19/26 7:00,23 St-Baruch College (6),OMNY - Seniors & Disability,9,1
4/19/26 7:00,23 St-Baruch College (6),OMNY - Fair Fare,2,0
4/19/26 6:00,23 St-Baruch College (6),OMNY - Fair Fare,4,1
4/19/26 6:00,23 St-Baruch College (6),OMNY - Seniors & Disability,1,0
4/19/26 6:00,23 St-Baruch College (6),OMNY - Full Fare,46,3
4/19/26 6:00,23 St-Baruch College (6),OMNY - Students,3,0
4/19/26 6:00,23 St-Baruch College (6),OMNY - Other,6,0
4/19/26 6:00,23 St-Baruch College (6),Metrocard - Other,1,0
4/19/26 5:00,23 St-Baruch College (6),OMNY - Other,2,0
4/19/26 5:00,23 St-Baruch College (6),OMNY - Full Fare,25,1
4/19/26 5:00,23 St-Baruch College (6),OMNY - Students,1,0
4/19/26 5:00,23 St-Baruch College (6),OMNY - Fair Fare,2,1
4/19/26 4:00,23 St-Baruch College (6),OMNY - Full Fare,38,0
4/19/26 4:00,23 St-Baruch College (6),OMNY - Other,1,0
4/19/26 4:00,23 St-Baruch College (6),OMNY - Fair Fare,1,0
4/19/26 4:00,23 St-Baruch College (6),OMNY - Students,1,0
4/19/26 4:00,23 St-Baruch College (6),OMNY - Seniors & Disability,1,0
4/19/26 3:00,23 St-Baruch College (6),OMNY - Other,1,0
4/19/26 3:00,23 St-Baruch College (6),OMNY - Full Fare,23,0
4/19/26 3:00,23 St-Baruch College (6),OMNY - Fair Fare,1,0
4/19/26 3:00,23 St-Baruch College (6),OMNY - Students,4,0
4/19/26 2:00,23 St-Baruch College (6),OMNY - Full Fare,55,0
4/19/26 2:00,23 St-Baruch College (6),OMNY - Fair Fare,4,0
4/19/26 2:00,23 St-Baruch College (6),OMNY - Other,2,0
4/19/26 1:00,23 St-Baruch College (6),OMNY - Full Fare,107,0
4/19/26 1:00,23 St-Baruch College (6),OMNY - Fair Fare,4,0
4/19/26 1:00,23 St-Baruch College (6),OMNY - Other,2,0
4/19/26 1:00,23 St-Baruch College (6),OMNY - Students,2,0
4/19/26 0:00,23 St-Baruch College (6),OMNY - Students,9,0
4/19/26 0:00,23 St-Baruch College (6),OMNY - Full Fare,238,1
4/19/26 0:00,23 St-Baruch College (6),OMNY - Seniors & Disability,5,0
4/19/26 0:00,23 St-Baruch College (6),OMNY - Fair Fare,12,0
4/18/26 23:00,23 St-Baruch College (6),OMNY - Full Fare,377,5
4/18/26 23:00,23 St-Baruch College (6),OMNY - Other,3,0
4/18/26 23:00,23 St-Baruch College (6),OMNY - Seniors & Disability,13,0
4/18/26 23:00,23 St-Baruch College (6),OMNY - Students,24,0
4/18/26 23:00,23 St-Baruch College (6),OMNY - Fair Fare,13,0
4/18/26 22:00,23 St-Baruch College (6),OMNY - Other,9,0
4/18/26 22:00,23 St-Baruch College (6),OMNY - Seniors & Disability,14,1
4/18/26 22:00,23 St-Baruch College (6),OMNY - Full Fare,519,9
4/18/26 22:00,23 St-Baruch College (6),OMNY - Fair Fare,26,1
4/18/26 22:00,23 St-Baruch College (6),OMNY - Students,15,0
4/18/26 22:00,23 St-Baruch College (6),Metrocard - Other,1,0
4/18/26 21:00,23 St-Baruch College (6),OMNY - Full Fare,532,4
4/18/26 21:00,23 St-Baruch College (6),OMNY - Students,15,0
4/18/26 21:00,23 St-Baruch College (6),OMNY - Seniors & Disability,14,0
4/18/26 21:00,23 St-Baruch College (6),OMNY - Other,6,0
4/18/26 21:00,23 St-Baruch College (6),Metrocard - Unlimited 30-Day,2,0
4/18/26 21:00,23 St-Baruch College (6),OMNY - Fair Fare,16,1
4/18/26 20:00,23 St-Baruch College (6),OMNY - Students,19,0
4/18/26 20:00,23 St-Baruch College (6),OMNY - Full Fare,582,16
4/18/26 20:00,23 St-Baruch College (6),OMNY - Fair Fare,16,2
4/18/26 20:00,23 St-Baruch College (6),OMNY - Other,10,0
4/18/26 20:00,23 St-Baruch College (6),OMNY - Seniors & Disability,31,11
4/18/26 20:00,23 St-Baruch College (6),Metrocard - Unlimited 30-Day,1,0
4/18/26 19:00,23 St-Baruch College (6),OMNY - Seniors & Disability,17,3
4/18/26 19:00,23 St-Baruch College (6),OMNY - Fair Fare,18,1
4/18/26 19:00,23 St-Baruch College (6),OMNY - Other,13,0
4/18/26 19:00,23 St-Baruch College (6),Metrocard - Other,1,0
4/18/26 19:00,23 St-Baruch College (6),Metrocard - Unlimited 7-Day,1,0
4/18/26 19:00,23 St-Baruch College (6),OMNY - Full Fare,713,15
4/18/26 19:00,23 St-Baruch College (6),OMNY - Students,32,0
4/18/26 18:00,23 St-Baruch College (6),OMNY - Other,6,0
4/18/26 18:00,23 St-Baruch College (6),OMNY - Full Fare,952,39
4/18/26 18:00,23 St-Baruch College (6),OMNY - Students,42,2
4/18/26 18:00,23 St-Baruch College (6),OMNY - Fair Fare,23,1
4/18/26 18:00,23 St-Baruch College (6),OMNY - Seniors & Disability,38,4
4/18/26 17:00,23 St-Baruch College (6),OMNY - Seniors & Disability,30,3
4/18/26 17:00,23 St-Baruch College (6),OMNY - Full Fare,913,30
4/18/26 17:00,23 St-Baruch College (6),Metrocard - Unlimited 30-Day,1,0
4/18/26 17:00,23 St-Baruch College (6),Metrocard - Other,1,0
4/18/26 17:00,23 St-Baruch College (6),OMNY - Fair Fare,20,1
4/18/26 17:00,23 St-Baruch College (6),OMNY - Students,28,3
4/18/26 17:00,23 St-Baruch College (6),OMNY - Other,11,0
4/18/26 16:00,23 St-Baruch College (6),OMNY - Seniors & Disability,45,5
4/18/26 16:00,23 St-Baruch College (6),OMNY - Students,61,2
4/18/26 16:00,23 St-Baruch College (6),OMNY - Other,16,1
4/18/26 16:00,23 St-Baruch College (6),OMNY - Full Fare,966,31
4/18/26 16:00,23 St-Baruch College (6),OMNY - Fair Fare,42,1
4/18/26 15:00,23 St-Baruch College (6),OMNY - Other,17,0
4/18/26 15:00,23 St-Baruch College (6),OMNY - Full Fare,"1,011",29
4/18/26 15:00,23 St-Baruch College (6),OMNY - Fair Fare,38,2
4/18/26 15:00,23 St-Baruch College (6),OMNY - Students,127,2
4/18/26 15:00,23 St-Baruch College (6),OMNY - Seniors & Disability,56,4
4/18/26 15:00,23 St-Baruch College (6),Metrocard - Other,1,0
4/18/26 14:00,23 St-Baruch College (6),OMNY - Full Fare,"1,002",33
4/18/26 14:00,23 St-Baruch College (6),Metrocard - Full Fare,1,0
4/18/26 14:00,23 St-Baruch College (6),Metrocard - Unlimited 30-Day,1,0
4/18/26 14:00,23 St-Baruch College (6),OMNY - Seniors & Disability,47,11
4/18/26 14:00,23 St-Baruch College (6),Metrocard - Other,3,0
4/18/26 14:00,23 St-Baruch College (6),OMNY - Students,57,3
4/18/26 14:00,23 St-Baruch College (6),OMNY - Fair Fare,38,2
4/18/26 14:00,23 St-Baruch College (6),OMNY - Other,11,0
4/18/26 13:00,23 St-Baruch College (6),OMNY - Full Fare,939,29
4/18/26 13:00,23 St-Baruch College (6),Metrocard - Other,4,0
4/18/26 13:00,23 St-Baruch College (6),OMNY - Other,8,0
4/18/26 13:00,23 St-Baruch College (6),OMNY - Students,42,2
4/18/26 13:00,23 St-Baruch College (6),OMNY - Fair Fare,32,0
4/18/26 13:00,23 St-Baruch College (6),OMNY - Seniors & Disability,42,5
4/18/26 12:00,23 St-Baruch College (6),OMNY - Seniors & Disability,31,6
4/18/26 12:00,23 St-Baruch College (6),Metrocard - Other,4,0
4/18/26 12:00,23 St-Baruch College (6),OMNY - Fair Fare,21,2
4/18/26 12:00,23 St-Baruch College (6),OMNY - Students,30,3
4/18/26 12:00,23 St-Baruch College (6),OMNY - Full Fare,905,27
4/18/26 12:00,23 St-Baruch College (6),OMNY - Other,13,0
4/18/26 11:00,23 St-Baruch College (6),OMNY - Students,35,1
4/18/26 11:00,23 St-Baruch College (6),Metrocard - Unlimited 7-Day,1,0
4/18/26 11:00,23 St-Baruch College (6),OMNY - Seniors & Disability,37,2
4/18/26 11:00,23 St-Baruch College (6),OMNY - Fair Fare,14,0
4/18/26 11:00,23 St-Baruch College (6),OMNY - Full Fare,768,19
4/18/26 11:00,23 St-Baruch College (6),Metrocard - Other,3,0
4/18/26 11:00,23 St-Baruch College (6),OMNY - Other,10,0
4/18/26 10:00,23 St-Baruch College (6),OMNY - Other,1,0
4/18/26 10:00,23 St-Baruch College (6),OMNY - Students,21,1
4/18/26 10:00,23 St-Baruch College (6),OMNY - Seniors & Disability,27,4
4/18/26 10:00,23 St-Baruch College (6),OMNY - Fair Fare,8,0
4/18/26 10:00,23 St-Baruch College (6),OMNY - Full Fare,590,9
4/18/26 9:00,23 St-Baruch College (6),OMNY - Fair Fare,9,0
4/18/26 9:00,23 St-Baruch College (6),Metrocard - Other,2,0
4/18/26 9:00,23 St-Baruch College (6),OMNY - Seniors & Disability,25,5
4/18/26 9:00,23 St-Baruch College (6),OMNY - Students,11,0
4/18/26 9:00,23 St-Baruch College (6),OMNY - Full Fare,337,18
4/18/26 9:00,23 St-Baruch College (6),OMNY - Other,5,0
4/18/26 8:00,23 St-Baruch College (6),OMNY - Full Fare,255,12
4/18/26 8:00,23 St-Baruch College (6),OMNY - Seniors & Disability,7,1
4/18/26 8:00,23 St-Baruch College (6),OMNY - Students,14,1
4/18/26 8:00,23 St-Baruch College (6),OMNY - Other,4,0
4/18/26 8:00,23 St-Baruch College (6),OMNY - Fair Fare,6,0
4/18/26 7:00,23 St-Baruch College (6),OMNY - Fair Fare,5,1
4/18/26 7:00,23 St-Baruch College (6),OMNY - Students,6,0
4/18/26 7:00,23 St-Baruch College (6),OMNY - Full Fare,123,9
4/18/26 7:00,23 St-Baruch College (6),Metrocard - Other,1,0
4/18/26 7:00,23 St-Baruch College (6),OMNY - Seniors & Disability,9,2
4/18/26 7:00,23 St-Baruch College (6),OMNY - Other,4,0
4/18/26 6:00,23 St-Baruch College (6),OMNY - Seniors & Disability,2,0
4/18/26 6:00,23 St-Baruch College (6),Metrocard - Other,1,0
4/18/26 6:00,23 St-Baruch College (6),OMNY - Fair Fare,3,0
4/18/26 6:00,23 St-Baruch College (6),OMNY - Full Fare,59,2
4/18/26 6:00,23 St-Baruch College (6),OMNY - Students,6,0
4/18/26 6:00,23 St-Baruch College (6),OMNY - Other,3,0
4/18/26 5:00,23 St-Baruch College (6),OMNY - Full Fare,30,1
4/18/26 5:00,23 St-Baruch College (6),OMNY - Seniors & Disability,1,0
4/18/26 5:00,23 St-Baruch College (6),OMNY - Students,1,0
4/18/26 5:00,23 St-Baruch College (6),OMNY - Fair Fare,2,0
4/18/26 4:00,23 St-Baruch College (6),OMNY - Other,1,0
4/18/26 4:00,23 St-Baruch College (6),OMNY - Full Fare,33,1
4/18/26 4:00,23 St-Baruch College (6),OMNY - Fair Fare,1,0
4/18/26 4:00,23 St-Baruch College (6),OMNY - Students,2,0
4/18/26 3:00,23 St-Baruch College (6),OMNY - Students,1,0
4/18/26 3:00,23 St-Baruch College (6),OMNY - Other,1,0
4/18/26 3:00,23 St-Baruch College (6),OMNY - Full Fare,28,0
4/18/26 3:00,23 St-Baruch College (6),OMNY - Fair Fare,3,0
4/18/26 2:00,23 St-Baruch College (6),OMNY - Fair Fare,2,0
4/18/26 2:00,23 St-Baruch College (6),OMNY - Other,2,0
4/18/26 2:00,23 St-Baruch College (6),OMNY - Students,1,0
4/18/26 2:00,23 St-Baruch College (6),OMNY - Full Fare,47,0
4/18/26 1:00,23 St-Baruch College (6),OMNY - Fair Fare,7,0
4/18/26 1:00,23 St-Baruch College (6),OMNY - Full Fare,122,1
4/18/26 1:00,23 St-Baruch College (6),OMNY - Students,4,0
4/18/26 0:00,23 St-Baruch College (6),OMNY - Other,5,0
4/18/26 0:00,23 St-Baruch College (6),OMNY - Fair Fare,19,1
4/18/26 0:00,23 St-Baruch College (6),OMNY - Students,12,1
4/18/26 0:00,23 St-Baruch College (6),OMNY - Full Fare,277,3
4/18/26 0:00,23 St-Baruch College (6),OMNY - Seniors & Disability,5,0
4/18/26 0:00,23 St-Baruch College (6),Metrocard - Unlimited 7-Day,1,0
4/17/26 23:00,23 St-Baruch College (6),OMNY - Seniors & Disability,15,3
4/17/26 23:00,23 St-Baruch College (6),OMNY - Other,5,0
4/17/26 23:00,23 St-Baruch College (6),Metrocard - Other,1,0
4/17/26 23:00,23 St-Baruch College (6),OMNY - Students,21,0
4/17/26 23:00,23 St-Baruch College (6),OMNY - Full Fare,421,13
4/17/26 23:00,23 St-Baruch College (6),OMNY - Fair Fare,19,0
4/17/26 22:00,23 St-Baruch College (6),OMNY - Full Fare,458,10
4/17/26 22:00,23 St-Baruch College (6),OMNY - Seniors & Disability,15,1
4/17/26 22:00,23 St-Baruch College (6),OMNY - Fair Fare,16,1
4/17/26 22:00,23 St-Baruch College (6),OMNY - Other,5,0
4/17/26 22:00,23 St-Baruch College (6),OMNY - Students,14,0
4/17/26 22:00,23 St-Baruch College (6),Metrocard - Other,2,0
4/17/26 21:00,23 St-Baruch College (6),Metrocard - Unlimited 30-Day,2,0
4/17/26 21:00,23 St-Baruch College (6),OMNY - Seniors & Disability,26,2
4/17/26 21:00,23 St-Baruch College (6),Metrocard - Other,2,0
4/17/26 21:00,23 St-Baruch College (6),OMNY - Full Fare,565,6
4/17/26 21:00,23 St-Baruch College (6),OMNY - Fair Fare,30,0
4/17/26 21:00,23 St-Baruch College (6),OMNY - Other,13,0
4/17/26 21:00,23 St-Baruch College (6),OMNY - Students,24,0
4/17/26 20:00,23 St-Baruch College (6),OMNY - Fair Fare,30,1
4/17/26 20:00,23 St-Baruch College (6),OMNY - Seniors & Disability,35,2
4/17/26 20:00,23 St-Baruch College (6),Metrocard - Unlimited 30-Day,1,0
4/17/26 20:00,23 St-Baruch College (6),Metrocard - Full Fare,1,0
4/17/26 20:00,23 St-Baruch College (6),OMNY - Students,37,0
4/17/26 20:00,23 St-Baruch College (6),Metrocard - Other,6,0
4/17/26 20:00,23 St-Baruch College (6),OMNY - Other,11,0
4/17/26 20:00,23 St-Baruch College (6),OMNY - Full Fare,681,9
4/17/26 19:00,23 St-Baruch College (6),OMNY - Other,6,0
4/17/26 19:00,23 St-Baruch College (6),OMNY - Full Fare,910,15
4/17/26 19:00,23 St-Baruch College (6),OMNY - Students,35,1
4/17/26 19:00,23 St-Baruch College (6),OMNY - Seniors & Disability,30,1
4/17/26 19:00,23 St-Baruch College (6),OMNY - Fair Fare,47,1
4/17/26 19:00,23 St-Baruch College (6),Metrocard - Other,4,0
4/17/26 18:00,23 St-Baruch College (6),OMNY - Fair Fare,48,2
4/17/26 18:00,23 St-Baruch College (6),Metrocard - Seniors & Disability,1,0
4/17/26 18:00,23 St-Baruch College (6),Metrocard - Other,7,0
4/17/26 18:00,23 St-Baruch College (6),Metrocard - Unlimited 7-Day,2,0
4/17/26 18:00,23 St-Baruch College (6),OMNY - Other,22,0
4/17/26 18:00,23 St-Baruch College (6),OMNY - Seniors & Disability,62,7
4/17/26 18:00,23 St-Baruch College (6),OMNY - Students,44,1
4/17/26 18:00,23 St-Baruch College (6),OMNY - Full Fare,"1,213",36
4/17/26 17:00,23 St-Baruch College (6),OMNY - Other,24,0
4/17/26 17:00,23 St-Baruch College (6),Metrocard - Other,1,0
4/17/26 17:00,23 St-Baruch College (6),Metrocard - Unlimited 30-Day,2,0
4/17/26 17:00,23 St-Baruch College (6),OMNY - Full Fare,"1,599",54
4/17/26 17:00,23 St-Baruch College (6),OMNY - Students,105,4
4/17/26 17:00,23 St-Baruch College (6),OMNY - Fair Fare,63,1
4/17/26 17:00,23 St-Baruch College (6),OMNY - Seniors & Disability,84,7
4/17/26 16:00,23 St-Baruch College (6),Metrocard - Other,6,0
4/17/26 16:00,23 St-Baruch College (6),Metrocard - Unlimited 30-Day,2,0
4/17/26 16:00,23 St-Baruch College (6),Metrocard - Full Fare,1,0
4/17/26 16:00,23 St-Baruch College (6),Metrocard - Unlimited 7-Day,2,0
4/17/26 16:00,23 St-Baruch College (6),OMNY - Students,140,2
4/17/26 16:00,23 St-Baruch College (6),OMNY - Other,34,0
4/17/26 16:00,23 St-Baruch College (6),OMNY - Full Fare,"1,619",56
4/17/26 16:00,23 St-Baruch College (6),OMNY - Fair Fare,98,4
4/17/26 16:00,23 St-Baruch College (6),OMNY - Seniors & Disability,112,16
4/17/26 15:00,23 St-Baruch College (6),OMNY - Seniors & Disability,104,10
4/17/26 15:00,23 St-Baruch College (6),Metrocard - Unlimited 30-Day,1,0
4/17/26 15:00,23 St-Baruch College (6),OMNY - Full Fare,"1,431",34
4/17/26 15:00,23 St-Baruch College (6),Metrocard - Seniors & Disability,1,0
4/17/26 15:00,23 St-Baruch College (6),OMNY - Other,24,0
4/17/26 15:00,23 St-Baruch College (6),OMNY - Fair Fare,74,3
4/17/26 15:00,23 St-Baruch College (6),Metrocard - Other,3,0
4/17/26 15:00,23 St-Baruch College (6),OMNY - Students,171,3
4/17/26 14:00,23 St-Baruch College (6),Metrocard - Other,4,0
4/17/26 14:00,23 St-Baruch College (6),Metrocard - Unlimited 30-Day,3,0
4/17/26 14:00,23 St-Baruch College (6),OMNY - Fair Fare,74,2
4/17/26 14:00,23 St-Baruch College (6),Metrocard - Full Fare,1,0
4/17/26 14:00,23 St-Baruch College (6),OMNY - Other,16,0
4/17/26 14:00,23 St-Baruch College (6),OMNY - Seniors & Disability,108,8
4/17/26 14:00,23 St-Baruch College (6),OMNY - Students,229,1
4/17/26 14:00,23 St-Baruch College (6),OMNY - Full Fare,"1,237",32
4/17/26 13:00,23 St-Baruch College (6),OMNY - Other,19,0
4/17/26 13:00,23 St-Baruch College (6),Metrocard - Unlimited 30-Day,1,0
4/17/26 13:00,23 St-Baruch College (6),OMNY - Full Fare,893,19
4/17/26 13:00,23 St-Baruch College (6),OMNY - Students,46,1
4/17/26 13:00,23 St-Baruch College (6),OMNY - Seniors & Disability,64,6
4/17/26 13:00,23 St-Baruch College (6),Metrocard - Other,1,0
4/17/26 13:00,23 St-Baruch College (6),OMNY - Fair Fare,41,2
4/17/26 12:00,23 St-Baruch College (6),OMNY - Full Fare,818,17
4/17/26 12:00,23 St-Baruch College (6),OMNY - Students,78,1
4/17/26 12:00,23 St-Baruch College (6),OMNY - Seniors & Disability,70,11
4/17/26 12:00,23 St-Baruch College (6),Metrocard - Other,4,0
4/17/26 12:00,23 St-Baruch College (6),OMNY - Fair Fare,56,2
4/17/26 12:00,23 St-Baruch College (6),OMNY - Other,18,0
4/17/26 12:00,23 St-Baruch College (6),Metrocard - Unlimited 30-Day,1,0
4/17/26 11:00,23 St-Baruch College (6),Metrocard - Unlimited 30-Day,1,0
4/17/26 11:00,23 St-Baruch College (6),OMNY - Students,123,1
4/17/26 11:00,23 St-Baruch College (6),OMNY - Other,6,0
4/17/26 11:00,23 St-Baruch College (6),OMNY - Full Fare,664,15
4/17/26 11:00,23 St-Baruch College (6),OMNY - Fair Fare,35,0
4/17/26 11:00,23 St-Baruch College (6),Metrocard - Other,3,0
4/17/26 11:00,23 St-Baruch College (6),Metrocard - Unlimited 7-Day,1,0
4/17/26 11:00,23 St-Baruch College (6),OMNY - Seniors & Disability,86,11
4/17/26 10:00,23 St-Baruch College (6),OMNY - Other,13,0
4/17/26 10:00,23 St-Baruch College (6),OMNY - Full Fare,575,23
4/17/26 10:00,23 St-Baruch College (6),OMNY - Students,28,1
4/17/26 10:00,23 St-Baruch College (6),Metrocard - Other,1,0
4/17/26 10:00,23 St-Baruch College (6),OMNY - Seniors & Disability,72,11
4/17/26 10:00,23 St-Baruch College (6),OMNY - Fair Fare,28,2
4/17/26 9:00,23 St-Baruch College (6),Metrocard - Other,6,0
4/17/26 9:00,23 St-Baruch College (6),OMNY - Seniors & Disability,58,12
4/17/26 9:00,23 St-Baruch College (6),Metrocard - Unlimited 30-Day,1,0
4/17/26 9:00,23 St-Baruch College (6),OMNY - Fair Fare,15,3
4/17/26 9:00,23 St-Baruch College (6),OMNY - Other,8,0
4/17/26 9:00,23 St-Baruch College (6),OMNY - Full Fare,724,49
4/17/26 9:00,23 St-Baruch College (6),OMNY - Students,18,2
4/17/26 8:00,23 St-Baruch College (6),Metrocard - Seniors & Disability,1,0
4/17/26 8:00,23 St-Baruch College (6),OMNY - Other,7,0
4/17/26 8:00,23 St-Baruch College (6),Metrocard - Other,1,0
4/17/26 8:00,23 St-Baruch College (6),OMNY - Seniors & Disability,25,5
4/17/26 8:00,23 St-Baruch College (6),OMNY - Students,42,6
4/17/26 8:00,23 St-Baruch College (6),OMNY - Full Fare,871,82
4/17/26 8:00,23 St-Baruch College (6),OMNY - Fair Fare,18,1
4/17/26 7:00,23 St-Baruch College (6),Metrocard - Other,4,0
4/17/26 7:00,23 St-Baruch College (6),OMNY - Full Fare,499,97
4/17/26 7:00,23 St-Baruch College (6),OMNY - Students,71,2
4/17/26 7:00,23 St-Baruch College (6),OMNY - Seniors & Disability,18,5
4/17/26 7:00,23 St-Baruch College (6),OMNY - Other,10,0
4/17/26 7:00,23 St-Baruch College (6),OMNY - Fair Fare,6,0
4/17/26 6:00,23 St-Baruch College (6),Metrocard - Unlimited 30-Day,2,0
4/17/26 6:00,23 St-Baruch College (6),OMNY - Fair Fare,7,0
4/17/26 6:00,23 St-Baruch College (6),OMNY - Full Fare,210,47
4/17/26 6:00,23 St-Baruch College (6),OMNY - Other,4,0
4/17/26 6:00,23 St-Baruch College (6),OMNY - Seniors & Disability,15,5
4/17/26 6:00,23 St-Baruch College (6),OMNY - Students,5,0
4/17/26 5:00,23 St-Baruch College (6),OMNY - Students,1,0
4/17/26 5:00,23 St-Baruch College (6),OMNY - Seniors & Disability,3,1
4/17/26 5:00,23 St-Baruch College (6),OMNY - Full Fare,46,16
4/17/26 5:00,23 St-Baruch College (6),OMNY - Fair Fare,3,0
4/17/26 5:00,23 St-Baruch College (6),OMNY - Other,1,0
4/17/26 4:00,23 St-Baruch College (6),OMNY - Other,3,0
4/17/26 4:00,23 St-Baruch College (6),OMNY - Students,2,0
4/17/26 4:00,23 St-Baruch College (6),OMNY - Full Fare,14,0
4/17/26 4:00,23 St-Baruch College (6),OMNY - Seniors & Disability,1,0
4/17/26 3:00,23 St-Baruch College (6),OMNY - Other,1,0
4/17/26 3:00,23 St-Baruch College (6),OMNY - Full Fare,29,0
4/17/26 3:00,23 St-Baruch College (6),OMNY - Students,1,0
4/17/26 2:00,23 St-Baruch College (6),OMNY - Fair Fare,1,0
4/17/26 2:00,23 St-Baruch College (6),OMNY - Full Fare,20,0
4/17/26 2:00,23 St-Baruch College (6),OMNY - Other,2,0
4/17/26 1:00,23 St-Baruch College (6),OMNY - Other,3,0
4/17/26 1:00,23 St-Baruch College (6),OMNY - Students,5,0
4/17/26 1:00,23 St-Baruch College (6),OMNY - Fair Fare,2,0
4/17/26 1:00,23 St-Baruch College (6),OMNY - Full Fare,69,0
4/17/26 1:00,23 St-Baruch College (6),OMNY - Seniors & Disability,1,0
4/17/26 0:00,23 St-Baruch College (6),OMNY - Full Fare,145,3
4/17/26 0:00,23 St-Baruch College (6),Metrocard - Other,1,0
4/17/26 0:00,23 St-Baruch College (6),OMNY - Students,2,0
4/17/26 0:00,23 St-Baruch College (6),OMNY - Seniors & Disability,6,0
4/17/26 0:00,23 St-Baruch College (6),OMNY - Fair Fare,14,0
4/17/26 0:00,23 St-Baruch College (6),OMNY - Other,1,0
4/16/26 23:00,23 St-Baruch College (6),OMNY - Other,7,0
4/16/26 23:00,23 St-Baruch College (6),OMNY - Full Fare,342,8
4/16/26 23:00,23 St-Baruch College (6),OMNY - Seniors & Disability,14,2
4/16/26 23:00,23 St-Baruch College (6),OMNY - Fair Fare,15,1
4/16/26 23:00,23 St-Baruch College (6),OMNY - Students,20,0
4/16/26 22:00,23 St-Baruch College (6),Metrocard - Other,3,0
4/16/26 22:00,23 St-Baruch College (6),OMNY - Fair Fare,31,0
4/16/26 22:00,23 St-Baruch College (6),OMNY - Full Fare,469,6
4/16/26 22:00,23 St-Baruch College (6),OMNY - Other,5,0
4/16/26 22:00,23 St-Baruch College (6),OMNY - Seniors & Disability,21,0
4/16/26 22:00,23 St-Baruch College (6),OMNY - Students,20,0
4/16/26 21:00,23 St-Baruch College (6),OMNY - Full Fare,705,9
4/16/26 21:00,23 St-Baruch College (6),OMNY - Fair Fare,48,0
4/16/26 21:00,23 St-Baruch College (6),OMNY - Other,7,0
4/16/26 21:00,23 St-Baruch College (6),Metrocard - Unlimited 7-Day,1,0
4/16/26 21:00,23 St-Baruch College (6),Metrocard - Other,2,0
4/16/26 21:00,23 St-Baruch College (6),OMNY - Students,34,0
4/16/26 21:00,23 St-Baruch College (6),OMNY - Seniors & Disability,23,1
4/16/26 20:00,23 St-Baruch College (6),OMNY - Other,15,0
4/16/26 20:00,23 St-Baruch College (6),OMNY - Fair Fare,84,1
4/16/26 20:00,23 St-Baruch College (6),Metrocard - Other,4,0
4/16/26 20:00,23 St-Baruch College (6),OMNY - Students,49,0
4/16/26 20:00,23 St-Baruch College (6),OMNY - Full Fare,"1,136",13
4/16/26 20:00,23 St-Baruch College (6),OMNY - Seniors & Disability,53,4
4/16/26 19:00,23 St-Baruch College (6),OMNY - Students,81,0
4/16/26 19:00,23 St-Baruch College (6),OMNY - Other,24,0
4/16/26 19:00,23 St-Baruch College (6),Metrocard - Other,6,0
4/16/26 19:00,23 St-Baruch College (6),OMNY - Full Fare,"1,472",23
4/16/26 19:00,23 St-Baruch College (6),OMNY - Seniors & Disability,45,5
4/16/26 19:00,23 St-Baruch College (6),OMNY - Fair Fare,91,1
4/16/26 19:00,23 St-Baruch College (6),Metrocard - Unlimited 30-Day,3,0
4/16/26 18:00,23 St-Baruch College (6),OMNY - Other,21,0
4/16/26 18:00,23 St-Baruch College (6),OMNY - Students,74,2
4/16/26 18:00,23 St-Baruch College (6),OMNY - Fair Fare,65,4
4/16/26 18:00,23 St-Baruch College (6),OMNY - Full Fare,"1,750",36
4/16/26 18:00,23 St-Baruch College (6),Metrocard - Unlimited 7-Day,2,0
4/16/26 18:00,23 St-Baruch College (6),Metrocard - Unlimited 30-Day,1,0
4/16/26 18:00,23 St-Baruch College (6),OMNY - Seniors & Disability,80,14
4/16/26 18:00,23 St-Baruch College (6),Metrocard - Other,6,0
4/16/26 17:00,23 St-Baruch College (6),Metrocard - Other,7,0
4/16/26 17:00,23 St-Baruch College (6),OMNY - Students,180,2
4/16/26 17:00,23 St-Baruch College (6),OMNY - Fair Fare,115,6
4/16/26 17:00,23 St-Baruch College (6),OMNY - Other,21,0
4/16/26 17:00,23 St-Baruch College (6),OMNY - Full Fare,"2,473",45
4/16/26 17:00,23 St-Baruch College (6),Metrocard - Unlimited 7-Day,1,0
4/16/26 17:00,23 St-Baruch College (6),Metrocard - Unlimited 30-Day,3,0
4/16/26 17:00,23 St-Baruch College (6),OMNY - Seniors & Disability,112,9
4/16/26 16:00,23 St-Baruch College (6),OMNY - Other,18,0
4/16/26 16:00,23 St-Baruch College (6),Metrocard - Seniors & Disability,1,0
4/16/26 16:00,23 St-Baruch College (6),OMNY - Fair Fare,126,1
4/16/26 16:00,23 St-Baruch College (6),OMNY - Full Fare,"1,937",48
4/16/26 16:00,23 St-Baruch College (6),Metrocard - Unlimited 7-Day,1,0
4/16/26 16:00,23 St-Baruch College (6),Metrocard - Unlimited 30-Day,4,0
4/16/26 16:00,23 St-Baruch College (6),OMNY - Students,167,2
4/16/26 16:00,23 St-Baruch College (6),OMNY - Seniors & Disability,123,9
4/16/26 16:00,23 St-Baruch College (6),Metrocard - Other,5,0
4/16/26 15:00,23 St-Baruch College (6),OMNY - Seniors & Disability,118,14
4/16/26 15:00,23 St-Baruch College (6),Metrocard - Unlimited 30-Day,2,0
4/16/26 15:00,23 St-Baruch College (6),OMNY - Students,226,7
4/16/26 15:00,23 St-Baruch College (6),OMNY - Fair Fare,97,3
4/16/26 15:00,23 St-Baruch College (6),Metrocard - Other,3,0
4/16/26 15:00,23 St-Baruch College (6),OMNY - Other,26,0
4/16/26 15:00,23 St-Baruch College (6),OMNY - Full Fare,"1,600",39
4/16/26 15:00,23 St-Baruch College (6),Metrocard - Unlimited 7-Day,1,0
4/16/26 14:00,23 St-Baruch College (6),OMNY - Other,23,0
4/16/26 14:00,23 St-Baruch College (6),OMNY - Full Fare,"1,046",35
4/16/26 14:00,23 St-Baruch College (6),Metrocard - Unlimited 30-Day,3,0
4/16/26 14:00,23 St-Baruch College (6),Metrocard - Unlimited 7-Day,1,0
4/16/26 14:00,23 St-Baruch College (6),OMNY - Students,164,1
4/16/26 14:00,23 St-Baruch College (6),OMNY - Seniors & Disability,104,14
4/16/26 14:00,23 St-Baruch College (6),OMNY - Fair Fare,67,1
4/16/26 14:00,23 St-Baruch College (6),Metrocard - Other,5,1
4/16/26 13:00,23 St-Baruch College (6),Metrocard - Other,6,0
4/16/26 13:00,23 St-Baruch College (6),OMNY - Fair Fare,43,1
4/16/26 13:00,23 St-Baruch College (6),OMNY - Seniors & Disability,73,14
4/16/26 13:00,23 St-Baruch College (6),OMNY - Students,62,1
4/16/26 13:00,23 St-Baruch College (6),OMNY - Other,10,0
4/16/26 13:00,23 St-Baruch College (6),OMNY - Full Fare,808,24
4/16/26 12:00,23 St-Baruch College (6),OMNY - Fair Fare,71,0
4/16/26 12:00,23 St-Baruch College (6),Metrocard - Unlimited 7-Day,4,0
4/16/26 12:00,23 St-Baruch College (6),Metrocard - Other,3,0
4/16/26 12:00,23 St-Baruch College (6),OMNY - Other,18,0
4/16/26 12:00,23 St-Baruch College (6),OMNY - Full Fare,"1,027",21
4/16/26 12:00,23 St-Baruch College (6),Metrocard - Unlimited 30-Day,1,0
4/16/26 12:00,23 St-Baruch College (6),OMNY - Students,113,1
4/16/26 12:00,23 St-Baruch College (6),OMNY - Seniors & Disability,73,12
4/16/26 11:00,23 St-Baruch College (6),OMNY - Students,136,0
4/16/26 11:00,23 St-Baruch College (6),OMNY - Other,11,0
4/16/26 11:00,23 St-Baruch College (6),OMNY - Seniors & Disability,79,10
4/16/26 11:00,23 St-Baruch College (6),Metrocard - Other,1,0
4/16/26 11:00,23 St-Baruch College (6),Metrocard - Unlimited 7-Day,2,0
4/16/26 11:00,23 St-Baruch College (6),OMNY - Fair Fare,63,0
4/16/26 11:00,23 St-Baruch College (6),OMNY - Full Fare,772,23
4/16/26 10:00,23 St-Baruch College (6),Metrocard - Full Fare,1,0
4/16/26 10:00,23 St-Baruch College (6),OMNY - Other,6,0
4/16/26 10:00,23 St-Baruch College (6),Metrocard - Other,1,0
4/16/26 10:00,23 St-Baruch College (6),OMNY - Full Fare,730,24
4/16/26 10:00,23 St-Baruch College (6),Metrocard - Unlimited 30-Day,1,0
4/16/26 10:00,23 St-Baruch College (6),OMNY - Students,41,0
4/16/26 10:00,23 St-Baruch College (6),Metrocard - Seniors & Disability,1,0
4/16/26 10:00,23 St-Baruch College (6),OMNY - Fair Fare,31,1
4/16/26 10:00,23 St-Baruch College (6),OMNY - Seniors & Disability,60,11
4/16/26 10:00,23 St-Baruch College (6),Metrocard - Unlimited 7-Day,1,0
4/16/26 9:00,23 St-Baruch College (6),Metrocard - Unlimited 30-Day,1,0
4/16/26 9:00,23 St-Baruch College (6),Metrocard - Other,5,0
4/16/26 9:00,23 St-Baruch College (6),OMNY - Full Fare,"1,050",72
4/16/26 9:00,23 St-Baruch College (6),OMNY - Other,12,0
4/16/26 9:00,23 St-Baruch College (6),OMNY - Fair Fare,13,4
4/16/26 9:00,23 St-Baruch College (6),OMNY - Students,16,0
4/16/26 9:00,23 St-Baruch College (6),OMNY - Seniors & Disability,45,9
4/16/26 8:00,23 St-Baruch College (6),OMNY - Other,11,0
4/16/26 8:00,23 St-Baruch College (6),Metrocard - Other,1,0
4/16/26 8:00,23 St-Baruch College (6),OMNY - Full Fare,"1,410",101
4/16/26 8:00,23 St-Baruch College (6),OMNY - Seniors & Disability,39,8
4/16/26 8:00,23 St-Baruch College (6),OMNY - Fair Fare,18,2
4/16/26 8:00,23 St-Baruch College (6),OMNY - Students,43,2
4/16/26 7:00,23 St-Baruch College (6),OMNY - Fair Fare,9,1
4/16/26 7:00,23 St-Baruch College (6),OMNY - Students,69,2
4/16/26 7:00,23 St-Baruch College (6),OMNY - Seniors & Disability,18,9
4/16/26 7:00,23 St-Baruch College (6),OMNY - Other,6,0
4/16/26 7:00,23 St-Baruch College (6),OMNY - Full Fare,680,111
4/16/26 7:00,23 St-Baruch College (6),Metrocard - Other,3,0
4/16/26 6:00,23 St-Baruch College (6),OMNY - Seniors & Disability,15,3
4/16/26 6:00,23 St-Baruch College (6),OMNY - Full Fare,201,42
4/16/26 6:00,23 St-Baruch College (6),Metrocard - Other,1,0
4/16/26 6:00,23 St-Baruch College (6),OMNY - Students,6,0
4/16/26 6:00,23 St-Baruch College (6),OMNY - Fair Fare,3,0
4/16/26 6:00,23 St-Baruch College (6),OMNY - Other,7,0
4/16/26 6:00,23 St-Baruch College (6),Metrocard - Unlimited 30-Day,1,0
4/16/26 5:00,23 St-Baruch College (6),OMNY - Full Fare,54,15
4/16/26 5:00,23 St-Baruch College (6),OMNY - Other,2,0
4/16/26 5:00,23 St-Baruch College (6),OMNY - Seniors & Disability,3,1
4/16/26 5:00,23 St-Baruch College (6),OMNY - Students,2,0
4/16/26 5:00,23 St-Baruch College (6),OMNY - Fair Fare,3,0
4/16/26 4:00,23 St-Baruch College (6),Metrocard - Other,2,0
4/16/26 4:00,23 St-Baruch College (6),OMNY - Full Fare,17,0
4/16/26 4:00,23 St-Baruch College (6),OMNY - Other,2,0
4/16/26 4:00,23 St-Baruch College (6),OMNY - Students,3,0
4/16/26 3:00,23 St-Baruch College (6),OMNY - Full Fare,8,0
4/16/26 3:00,23 St-Baruch College (6),OMNY - Seniors & Disability,1,0
4/16/26 2:00,23 St-Baruch College (6),OMNY - Full Fare,19,0
4/16/26 2:00,23 St-Baruch College (6),OMNY - Fair Fare,2,0
4/16/26 2:00,23 St-Baruch College (6),OMNY - Other,1,0
4/16/26 1:00,23 St-Baruch College (6),OMNY - Students,4,0
4/16/26 1:00,23 St-Baruch College (6),OMNY - Full Fare,45,0
4/16/26 1:00,23 St-Baruch College (6),OMNY - Fair Fare,1,0
4/16/26 1:00,23 St-Baruch College (6),OMNY - Other,3,0
4/16/26 0:00,23 St-Baruch College (6),OMNY - Seniors & Disability,4,0
4/16/26 0:00,23 St-Baruch College (6),Metrocard - Unlimited 30-Day,1,0
4/16/26 0:00,23 St-Baruch College (6),OMNY - Full Fare,146,3
4/16/26 0:00,23 St-Baruch College (6),OMNY - Students,8,0
4/16/26 0:00,23 St-Baruch College (6),OMNY - Fair Fare,18,0
4/16/26 0:00,23 St-Baruch College (6),Metrocard - Other,6,0
4/16/26 0:00,23 St-Baruch College (6),OMNY - Other,2,0
4/15/26 23:00,23 St-Baruch College (6),OMNY - Other,1,0
4/15/26 23:00,23 St-Baruch College (6),Metrocard - Unlimited 30-Day,1,0
4/15/26 23:00,23 St-Baruch College (6),OMNY - Seniors & Disability,17,2
4/15/26 23:00,23 St-Baruch College (6),Metrocard - Other,2,0
4/15/26 23:00,23 St-Baruch College (6),OMNY - Fair Fare,12,0
4/15/26 23:00,23 St-Baruch College (6),OMNY - Students,9,0
4/15/26 23:00,23 St-Baruch College (6),OMNY - Full Fare,250,5
4/15/26 22:00,23 St-Baruch College (6),Metrocard - Other,3,0
4/15/26 22:00,23 St-Baruch College (6),OMNY - Students,15,0
4/15/26 22:00,23 St-Baruch College (6),OMNY - Seniors & Disability,20,1
4/15/26 22:00,23 St-Baruch College (6),OMNY - Fair Fare,23,0
4/15/26 22:00,23 St-Baruch College (6),Metrocard - Unlimited 30-Day,1,0
4/15/26 22:00,23 St-Baruch College (6),OMNY - Full Fare,383,6
4/15/26 22:00,23 St-Baruch College (6),OMNY - Other,12,0
4/15/26 21:00,23 St-Baruch College (6),Metrocard - Unlimited 30-Day,1,0
4/15/26 21:00,23 St-Baruch College (6),OMNY - Students,35,0
4/15/26 21:00,23 St-Baruch College (6),OMNY - Fair Fare,45,0
4/15/26 21:00,23 St-Baruch College (6),OMNY - Seniors & Disability,16,0
4/15/26 21:00,23 St-Baruch College (6),OMNY - Full Fare,688,6
4/15/26 21:00,23 St-Baruch College (6),OMNY - Other,9,0
4/15/26 20:00,23 St-Baruch College (6),OMNY - Seniors & Disability,55,3
4/15/26 20:00,23 St-Baruch College (6),Metrocard - Unlimited 30-Day,1,0
4/15/26 20:00,23 St-Baruch College (6),OMNY - Full Fare,"1,079",18
4/15/26 20:00,23 St-Baruch College (6),OMNY - Students,61,0
4/15/26 20:00,23 St-Baruch College (6),Metrocard - Other,7,0
4/15/26 20:00,23 St-Baruch College (6),OMNY - Fair Fare,79,0
4/15/26 20:00,23 St-Baruch College (6),OMNY - Other,16,0
4/15/26 19:00,23 St-Baruch College (6),Metrocard - Other,5,0
4/15/26 19:00,23 St-Baruch College (6),Metrocard - Unlimited 7-Day,2,0
4/15/26 19:00,23 St-Baruch College (6),OMNY - Seniors & Disability,61,2
4/15/26 19:00,23 St-Baruch College (6),OMNY - Students,114,3
4/15/26 19:00,23 St-Baruch College (6),OMNY - Fair Fare,84,3
4/15/26 19:00,23 St-Baruch College (6),Metrocard - Unlimited 30-Day,2,0
4/15/26 19:00,23 St-Baruch College (6),OMNY - Other,21,0
4/15/26 19:00,23 St-Baruch College (6),OMNY - Full Fare,"1,466",21
4/15/26 18:00,23 St-Baruch College (6),OMNY - Students,83,0
4/15/26 18:00,23 St-Baruch College (6),OMNY - Other,24,0
4/15/26 18:00,23 St-Baruch College (6),Metrocard - Other,4,0
4/15/26 18:00,23 St-Baruch College (6),Metrocard - Full Fare,1,0
4/15/26 18:00,23 St-Baruch College (6),OMNY - Fair Fare,76,1
4/15/26 18:00,23 St-Baruch College (6),OMNY - Seniors & Disability,75,6
4/15/26 18:00,23 St-Baruch College (6),OMNY - Full Fare,"1,736",35
4/15/26 17:00,23 St-Baruch College (6),OMNY - Full Fare,"2,715",39
4/15/26 17:00,23 St-Baruch College (6),OMNY - Other,28,0
4/15/26 17:00,23 St-Baruch College (6),Metrocard - Seniors & Disability,1,0
4/15/26 17:00,23 St-Baruch College (6),OMNY - Fair Fare,125,6
4/15/26 17:00,23 St-Baruch College (6),Metrocard - Unlimited 30-Day,4,0
4/15/26 17:00,23 St-Baruch College (6),Metrocard - Other,3,0
4/15/26 17:00,23 St-Baruch College (6),Metrocard - Unlimited 7-Day,1,0
4/15/26 17:00,23 St-Baruch College (6),OMNY - Seniors & Disability,113,5
4/15/26 17:00,23 St-Baruch College (6),OMNY - Students,206,0
4/15/26 16:00,23 St-Baruch College (6),OMNY - Other,28,0
4/15/26 16:00,23 St-Baruch College (6),OMNY - Fair Fare,135,3
4/15/26 16:00,23 St-Baruch College (6),Metrocard - Unlimited 30-Day,2,0
4/15/26 16:00,23 St-Baruch College (6),OMNY - Students,200,5
4/15/26 16:00,23 St-Baruch College (6),OMNY - Seniors & Disability,127,13
4/15/26 16:00,23 St-Baruch College (6),OMNY - Full Fare,"2,011",59
4/15/26 16:00,23 St-Baruch College (6),Metrocard - Other,7,0
4/15/26 16:00,23 St-Baruch College (6),Metrocard - Unlimited 7-Day,1,0
4/15/26 15:00,23 St-Baruch College (6),OMNY - Other,32,0
4/15/26 15:00,23 St-Baruch College (6),OMNY - Seniors & Disability,111,16
4/15/26 15:00,23 St-Baruch College (6),Metrocard - Other,4,0
4/15/26 15:00,23 St-Baruch College (6),OMNY - Full Fare,"1,667",38
4/15/26 15:00,23 St-Baruch College (6),Metrocard - Full Fare,1,0
4/15/26 15:00,23 St-Baruch College (6),OMNY - Fair Fare,112,3
4/15/26 15:00,23 St-Baruch College (6),OMNY - Students,341,4
4/15/26 15:00,23 St-Baruch College (6),Metrocard - Unlimited 30-Day,2,0
4/15/26 15:00,23 St-Baruch College (6),Metrocard - Seniors & Disability,1,0
4/15/26 14:00,23 St-Baruch College (6),OMNY - Students,227,1
4/15/26 14:00,23 St-Baruch College (6),Metrocard - Other,4,0
4/15/26 14:00,23 St-Baruch College (6),OMNY - Seniors & Disability,124,17
4/15/26 14:00,23 St-Baruch College (6),OMNY - Other,20,0
4/15/26 14:00,23 St-Baruch College (6),OMNY - Full Fare,"1,332",28
4/15/26 14:00,23 St-Baruch College (6),OMNY - Fair Fare,103,1
4/15/26 13:00,23 St-Baruch College (6),OMNY - Other,25,0
4/15/26 13:00,23 St-Baruch College (6),OMNY - Seniors & Disability,79,9
4/15/26 13:00,23 St-Baruch College (6),OMNY - Students,45,1
4/15/26 13:00,23 St-Baruch College (6),Metrocard - Other,5,0
4/15/26 13:00,23 St-Baruch College (6),OMNY - Fair Fare,52,3
4/15/26 13:00,23 St-Baruch College (6),OMNY - Full Fare,778,21
4/15/26 12:00,23 St-Baruch College (6),OMNY - Seniors & Disability,93,14
4/15/26 12:00,23 St-Baruch College (6),Metrocard - Other,5,0
4/15/26 12:00,23 St-Baruch College (6),Metrocard - Unlimited 7-Day,1,0
4/15/26 12:00,23 St-Baruch College (6),Metrocard - Unlimited 30-Day,2,0
4/15/26 12:00,23 St-Baruch College (6),OMNY - Fair Fare,59,2
4/15/26 12:00,23 St-Baruch College (6),Metrocard - Seniors & Disability,2,0
4/15/26 12:00,23 St-Baruch College (6),OMNY - Full Fare,828,17
4/15/26 12:00,23 St-Baruch College (6),OMNY - Other,20,0
4/15/26 12:00,23 St-Baruch College (6),OMNY - Students,68,0
4/15/26 11:00,23 St-Baruch College (6),Metrocard - Other,8,0
4/15/26 11:00,23 St-Baruch College (6),OMNY - Seniors & Disability,74,12
4/15/26 11:00,23 St-Baruch College (6),OMNY - Students,53,0
4/15/26 11:00,23 St-Baruch College (6),OMNY - Fair Fare,60,0
4/15/26 11:00,23 St-Baruch College (6),Metrocard - Unlimited 30-Day,3,0
4/15/26 11:00,23 St-Baruch College (6),OMNY - Full Fare,743,21
4/15/26 11:00,23 St-Baruch College (6),OMNY - Other,12,0
4/15/26 10:00,23 St-Baruch College (6),Metrocard - Unlimited 7-Day,1,0
4/15/26 10:00,23 St-Baruch College (6),OMNY - Full Fare,663,36
4/15/26 10:00,23 St-Baruch College (6),OMNY - Seniors & Disability,56,7
4/15/26 10:00,23 St-Baruch College (6),OMNY - Fair Fare,36,0
4/15/26 10:00,23 St-Baruch College (6),OMNY - Other,8,0
4/15/26 10:00,23 St-Baruch College (6),Metrocard - Other,4,0
4/15/26 10:00,23 St-Baruch College (6),OMNY - Students,44,1
4/15/26 10:00,23 St-Baruch College (6),Metrocard - Unlimited 30-Day,1,0
4/15/26 9:00,23 St-Baruch College (6),OMNY - Seniors & Disability,72,12
4/15/26 9:00,23 St-Baruch College (6),OMNY - Fair Fare,15,2
4/15/26 9:00,23 St-Baruch College (6),OMNY - Other,13,0
4/15/26 9:00,23 St-Baruch College (6),OMNY - Students,24,1
4/15/26 9:00,23 St-Baruch College (6),Metrocard - Other,2,0
4/15/26 9:00,23 St-Baruch College (6),OMNY - Full Fare,"1,021",69
4/15/26 8:00,23 St-Baruch College (6),Metrocard - Other,1,0
4/15/26 8:00,23 St-Baruch College (6),OMNY - Fair Fare,23,5
4/15/26 8:00,23 St-Baruch College (6),OMNY - Other,6,0
4/15/26 8:00,23 St-Baruch College (6),OMNY - Seniors & Disability,33,8
4/15/26 8:00,23 St-Baruch College (6),OMNY - Students,45,2
4/15/26 8:00,23 St-Baruch College (6),OMNY - Full Fare,"1,520",125
4/15/26 7:00,23 St-Baruch College (6),OMNY - Full Fare,738,119
4/15/26 7:00,23 St-Baruch College (6),OMNY - Fair Fare,11,3
4/15/26 7:00,23 St-Baruch College (6),OMNY - Students,80,6
4/15/26 7:00,23 St-Baruch College (6),OMNY - Seniors & Disability,27,7
4/15/26 7:00,23 St-Baruch College (6),Metrocard - Other,1,0
4/15/26 7:00,23 St-Baruch College (6),OMNY - Other,12,0
4/15/26 6:00,23 St-Baruch College (6),OMNY - Students,5,0
4/15/26 6:00,23 St-Baruch College (6),Metrocard - Unlimited 30-Day,1,0
4/15/26 6:00,23 St-Baruch College (6),OMNY - Fair Fare,3,0
4/15/26 6:00,23 St-Baruch College (6),Metrocard - Other,3,0
4/15/26 6:00,23 St-Baruch College (6),OMNY - Seniors & Disability,16,5
4/15/26 6:00,23 St-Baruch College (6),OMNY - Other,3,0
4/15/26 6:00,23 St-Baruch College (6),OMNY - Full Fare,183,46
4/15/26 5:00,23 St-Baruch College (6),Metrocard - Other,1,0
4/15/26 5:00,23 St-Baruch College (6),OMNY - Full Fare,54,17
4/15/26 5:00,23 St-Baruch College (6),OMNY - Seniors & Disability,4,3
4/15/26 5:00,23 St-Baruch College (6),OMNY - Students,2,0
4/15/26 5:00,23 St-Baruch College (6),OMNY - Fair Fare,3,1
4/15/26 4:00,23 St-Baruch College (6),OMNY - Full Fare,15,0
4/15/26 4:00,23 St-Baruch College (6),OMNY - Students,1,0
4/15/26 4:00,23 St-Baruch College (6),OMNY - Other,1,0
4/15/26 3:00,23 St-Baruch College (6),OMNY - Other,1,0
4/15/26 3:00,23 St-Baruch College (6),OMNY - Full Fare,11,1
4/15/26 2:00,23 St-Baruch College (6),OMNY - Seniors & Disability,1,0
4/15/26 2:00,23 St-Baruch College (6),OMNY - Fair Fare,3,0
4/15/26 2:00,23 St-Baruch College (6),OMNY - Full Fare,16,0
4/15/26 2:00,23 St-Baruch College (6),OMNY - Other,6,0
4/15/26 2:00,23 St-Baruch College (6),Metrocard - Other,1,0
4/15/26 1:00,23 St-Baruch College (6),OMNY - Students,4,1
4/15/26 1:00,23 St-Baruch College (6),OMNY - Fair Fare,4,0
4/15/26 1:00,23 St-Baruch College (6),OMNY - Full Fare,42,4
4/15/26 0:00,23 St-Baruch College (6),Metrocard - Other,1,0
4/15/26 0:00,23 St-Baruch College (6),OMNY - Students,8,0
4/15/26 0:00,23 St-Baruch College (6),OMNY - Fair Fare,10,0
4/15/26 0:00,23 St-Baruch College (6),OMNY - Full Fare,117,7
4/15/26 0:00,23 St-Baruch College (6),OMNY - Other,4,0
4/15/26 0:00,23 St-Baruch College (6),OMNY - Seniors & Disability,5,0
4/14/26 23:00,23 St-Baruch College (6),OMNY - Students,10,0
4/14/26 23:00,23 St-Baruch College (6),OMNY - Other,3,0
4/14/26 23:00,23 St-Baruch College (6),OMNY - Full Fare,237,9
4/14/26 23:00,23 St-Baruch College (6),OMNY - Fair Fare,9,0
4/14/26 23:00,23 St-Baruch College (6),Metrocard - Unlimited 30-Day,1,0
4/14/26 23:00,23 St-Baruch College (6),OMNY - Seniors & Disability,11,1
4/14/26 22:00,23 St-Baruch College (6),OMNY - Other,7,0
4/14/26 22:00,23 St-Baruch College (6),OMNY - Full Fare,422,12
4/14/26 22:00,23 St-Baruch College (6),OMNY - Fair Fare,21,1
4/14/26 22:00,23 St-Baruch College (6),OMNY - Students,23,1
4/14/26 22:00,23 St-Baruch College (6),Metrocard - Other,2,0
4/14/26 22:00,23 St-Baruch College (6),OMNY - Seniors & Disability,18,2
4/14/26 21:00,23 St-Baruch College (6),OMNY - Full Fare,661,7
4/14/26 21:00,23 St-Baruch College (6),OMNY - Students,28,0
4/14/26 21:00,23 St-Baruch College (6),OMNY - Seniors & Disability,29,0
4/14/26 21:00,23 St-Baruch College (6),Metrocard - Unlimited 30-Day,1,0
4/14/26 21:00,23 St-Baruch College (6),OMNY - Fair Fare,57,1
4/14/26 21:00,23 St-Baruch College (6),OMNY - Other,14,0
4/14/26 21:00,23 St-Baruch College (6),Metrocard - Other,3,0
4/14/26 20:00,23 St-Baruch College (6),OMNY - Full Fare,"1,094",13
4/14/26 20:00,23 St-Baruch College (6),OMNY - Students,79,0
4/14/26 20:00,23 St-Baruch College (6),OMNY - Fair Fare,71,1
4/14/26 20:00,23 St-Baruch College (6),OMNY - Other,24,0
4/14/26 20:00,23 St-Baruch College (6),Metrocard - Other,10,0
4/14/26 20:00,23 St-Baruch College (6),Metrocard - Unlimited 30-Day,3,0
4/14/26 20:00,23 St-Baruch College (6),OMNY - Seniors & Disability,48,5
4/14/26 19:00,23 St-Baruch College (6),OMNY - Seniors & Disability,37,2
4/14/26 19:00,23 St-Baruch College (6),OMNY - Other,19,0
4/14/26 19:00,23 St-Baruch College (6),Metrocard - Unlimited 30-Day,1,0
4/14/26 19:00,23 St-Baruch College (6),OMNY - Fair Fare,118,0
4/14/26 19:00,23 St-Baruch College (6),Metrocard - Unlimited 7-Day,2,0
4/14/26 19:00,23 St-Baruch College (6),OMNY - Students,92,1
4/14/26 19:00,23 St-Baruch College (6),Metrocard - Other,6,0
4/14/26 19:00,23 St-Baruch College (6),OMNY - Full Fare,"1,451",15
4/14/26 18:00,23 St-Baruch College (6),OMNY - Students,89,2
4/14/26 18:00,23 St-Baruch College (6),OMNY - Full Fare,"1,814",37
4/14/26 18:00,23 St-Baruch College (6),OMNY - Fair Fare,81,1
4/14/26 18:00,23 St-Baruch College (6),OMNY - Other,18,0
4/14/26 18:00,23 St-Baruch College (6),OMNY - Seniors & Disability,76,8
4/14/26 18:00,23 St-Baruch College (6),Metrocard - Other,6,0
4/14/26 17:00,23 St-Baruch College (6),OMNY - Fair Fare,138,1
4/14/26 17:00,23 St-Baruch College (6),Metrocard - Unlimited 7-Day,2,0
4/14/26 17:00,23 St-Baruch College (6),Metrocard - Unlimited 30-Day,2,0
4/14/26 17:00,23 St-Baruch College (6),OMNY - Full Fare,"2,561",40
4/14/26 17:00,23 St-Baruch College (6),OMNY - Students,187,1
4/14/26 17:00,23 St-Baruch College (6),OMNY - Seniors & Disability,128,11
4/14/26 17:00,23 St-Baruch College (6),OMNY - Other,25,0
4/14/26 17:00,23 St-Baruch College (6),Metrocard - Other,7,0
4/14/26 16:00,23 St-Baruch College (6),Metrocard - Unlimited 7-Day,1,0
4/14/26 16:00,23 St-Baruch College (6),OMNY - Full Fare,"1,958",56
4/14/26 16:00,23 St-Baruch College (6),OMNY - Fair Fare,133,7
4/14/26 16:00,23 St-Baruch College (6),Metrocard - Other,7,0
4/14/26 16:00,23 St-Baruch College (6),OMNY - Students,191,4
4/14/26 16:00,23 St-Baruch College (6),OMNY - Seniors & Disability,127,19
4/14/26 16:00,23 St-Baruch College (6),Metrocard - Unlimited 30-Day,1,0
4/14/26 16:00,23 St-Baruch College (6),OMNY - Other,19,0
4/14/26 15:00,23 St-Baruch College (6),Metrocard - Other,3,0
4/14/26 15:00,23 St-Baruch College (6),OMNY - Full Fare,"1,529",39
4/14/26 15:00,23 St-Baruch College (6),OMNY - Other,21,1
4/14/26 15:00,23 St-Baruch College (6),OMNY - Students,324,7
4/14/26 15:00,23 St-Baruch College (6),Metrocard - Unlimited 30-Day,3,0
4/14/26 15:00,23 St-Baruch College (6),OMNY - Seniors & Disability,106,10
4/14/26 15:00,23 St-Baruch College (6),OMNY - Fair Fare,130,7
4/14/26 15:00,23 St-Baruch College (6),Metrocard - Unlimited 7-Day,1,0
4/14/26 14:00,23 St-Baruch College (6),Metrocard - Unlimited 30-Day,2,0
4/14/26 14:00,23 St-Baruch College (6),Metrocard - Other,10,0
4/14/26 14:00,23 St-Baruch College (6),OMNY - Fair Fare,77,1
4/14/26 14:00,23 St-Baruch College (6),Metrocard - Unlimited 7-Day,1,0
4/14/26 14:00,23 St-Baruch College (6),OMNY - Seniors & Disability,85,11
4/14/26 14:00,23 St-Baruch College (6),OMNY - Other,17,0
4/14/26 14:00,23 St-Baruch College (6),OMNY - Students,209,0
4/14/26 14:00,23 St-Baruch College (6),OMNY - Full Fare,"1,026",24
4/14/26 13:00,23 St-Baruch College (6),OMNY - Seniors & Disability,92,14
4/14/26 13:00,23 St-Baruch College (6),OMNY - Fair Fare,56,2
4/14/26 13:00,23 St-Baruch College (6),Metrocard - Other,1,0
4/14/26 13:00,23 St-Baruch College (6),Metrocard - Seniors & Disability,1,0
4/14/26 13:00,23 St-Baruch College (6),OMNY - Full Fare,735,13
4/14/26 13:00,23 St-Baruch College (6),Metrocard - Unlimited 30-Day,1,0
4/14/26 13:00,23 St-Baruch College (6),OMNY - Students,64,4
4/14/26 13:00,23 St-Baruch College (6),OMNY - Other,34,0
4/14/26 12:00,23 St-Baruch College (6),Metrocard - Unlimited 30-Day,3,0
4/14/26 12:00,23 St-Baruch College (6),OMNY - Other,25,0
4/14/26 12:00,23 St-Baruch College (6),OMNY - Students,85,1
4/14/26 12:00,23 St-Baruch College (6),OMNY - Fair Fare,65,3
4/14/26 12:00,23 St-Baruch College (6),Metrocard - Seniors & Disability,1,0
4/14/26 12:00,23 St-Baruch College (6),OMNY - Seniors & Disability,88,15
4/14/26 12:00,23 St-Baruch College (6),Metrocard - Other,4,0
4/14/26 12:00,23 St-Baruch College (6),OMNY - Full Fare,878,16
4/14/26 11:00,23 St-Baruch College (6),OMNY - Fair Fare,50,0
4/14/26 11:00,23 St-Baruch College (6),Metrocard - Other,7,0
4/14/26 11:00,23 St-Baruch College (6),OMNY - Seniors & Disability,78,11
4/14/26 11:00,23 St-Baruch College (6),OMNY - Other,13,0
4/14/26 11:00,23 St-Baruch College (6),OMNY - Students,35,0
4/14/26 11:00,23 St-Baruch College (6),OMNY - Full Fare,749,27
4/14/26 11:00,23 St-Baruch College (6),Metrocard - Unlimited 30-Day,2,0
4/14/26 10:00,23 St-Baruch College (6),OMNY - Students,32,1
4/14/26 10:00,23 St-Baruch College (6),OMNY - Fair Fare,38,2
4/14/26 10:00,23 St-Baruch College (6),Metrocard - Unlimited 30-Day,1,0
4/14/26 10:00,23 St-Baruch College (6),OMNY - Seniors & Disability,51,10
4/14/26 10:00,23 St-Baruch College (6),Metrocard - Other,1,0
4/14/26 10:00,23 St-Baruch College (6),OMNY - Full Fare,640,35
4/14/26 10:00,23 St-Baruch College (6),Metrocard - Unlimited 7-Day,1,0
4/14/26 10:00,23 St-Baruch College (6),OMNY - Other,15,0
4/14/26 9:00,23 St-Baruch College (6),OMNY - Students,18,1
4/14/26 9:00,23 St-Baruch College (6),Metrocard - Unlimited 30-Day,1,0
4/14/26 9:00,23 St-Baruch College (6),Metrocard - Other,3,0
4/14/26 9:00,23 St-Baruch College (6),OMNY - Full Fare,"1,093",75
4/14/26 9:00,23 St-Baruch College (6),OMNY - Other,15,0
4/14/26 9:00,23 St-Baruch College (6),OMNY - Fair Fare,14,1
4/14/26 9:00,23 St-Baruch College (6),OMNY - Seniors & Disability,57,9
4/14/26 8:00,23 St-Baruch College (6),OMNY - Full Fare,"1,532",130
4/14/26 8:00,23 St-Baruch College (6),OMNY - Other,6,0
4/14/26 8:00,23 St-Baruch College (6),OMNY - Seniors & Disability,33,10
4/14/26 8:00,23 St-Baruch College (6),Metrocard - Other,7,1
4/14/26 8:00,23 St-Baruch College (6),OMNY - Fair Fare,26,5
4/14/26 8:00,23 St-Baruch College (6),OMNY - Students,39,2
4/14/26 7:00,23 St-Baruch College (6),OMNY - Fair Fare,5,1
4/14/26 7:00,23 St-Baruch College (6),Metrocard - Other,1,0
4/14/26 7:00,23 St-Baruch College (6),OMNY - Full Fare,743,110
4/14/26 7:00,23 St-Baruch College (6),OMNY - Other,8,0
4/14/26 7:00,23 St-Baruch College (6),OMNY - Students,81,4
4/14/26 7:00,23 St-Baruch College (6),OMNY - Seniors & Disability,29,7
4/14/26 6:00,23 St-Baruch College (6),OMNY - Other,4,0
4/14/26 6:00,23 St-Baruch College (6),OMNY - Full Fare,208,49
4/14/26 6:00,23 St-Baruch College (6),Metrocard - Other,3,0
4/14/26 6:00,23 St-Baruch College (6),OMNY - Fair Fare,2,0
4/14/26 6:00,23 St-Baruch College (6),OMNY - Students,4,0
4/14/26 6:00,23 St-Baruch College (6),OMNY - Seniors & Disability,8,2
4/14/26 5:00,23 St-Baruch College (6),OMNY - Seniors & Disability,1,1
4/14/26 5:00,23 St-Baruch College (6),OMNY - Full Fare,52,15
4/14/26 5:00,23 St-Baruch College (6),OMNY - Fair Fare,2,1
4/14/26 5:00,23 St-Baruch College (6),OMNY - Other,1,0
4/14/26 4:00,23 St-Baruch College (6),OMNY - Other,3,0
4/14/26 4:00,23 St-Baruch College (6),OMNY - Students,1,0
4/14/26 4:00,23 St-Baruch College (6),OMNY - Full Fare,13,0
4/14/26 4:00,23 St-Baruch College (6),Metrocard - Other,2,0
4/14/26 3:00,23 St-Baruch College (6),OMNY - Other,3,0
4/14/26 3:00,23 St-Baruch College (6),OMNY - Full Fare,9,0
4/14/26 2:00,23 St-Baruch College (6),OMNY - Other,1,0
4/14/26 2:00,23 St-Baruch College (6),OMNY - Fair Fare,1,0
4/14/26 2:00,23 St-Baruch College (6),OMNY - Full Fare,11,0
4/14/26 1:00,23 St-Baruch College (6),OMNY - Other,5,0
4/14/26 1:00,23 St-Baruch College (6),OMNY - Fair Fare,2,0
4/14/26 1:00,23 St-Baruch College (6),OMNY - Full Fare,38,1
4/14/26 1:00,23 St-Baruch College (6),OMNY - Students,1,0
4/14/26 1:00,23 St-Baruch College (6),OMNY - Seniors & Disability,2,0
4/14/26 1:00,23 St-Baruch College (6),Metrocard - Other,1,0
4/14/26 0:00,23 St-Baruch College (6),OMNY - Students,3,0
4/14/26 0:00,23 St-Baruch College (6),OMNY - Fair Fare,14,0
4/14/26 0:00,23 St-Baruch College (6),OMNY - Other,3,0
4/14/26 0:00,23 St-Baruch College (6),Metrocard - Other,1,0
4/14/26 0:00,23 St-Baruch College (6),OMNY - Full Fare,94,1
4/14/26 0:00,23 St-Baruch College (6),OMNY - Seniors & Disability,8,0
4/13/26 23:00,23 St-Baruch College (6),OMNY - Students,10,0
4/13/26 23:00,23 St-Baruch College (6),OMNY - Fair Fare,10,0
4/13/26 23:00,23 St-Baruch College (6),OMNY - Seniors & Disability,8,0
4/13/26 23:00,23 St-Baruch College (6),OMNY - Other,7,0
4/13/26 23:00,23 St-Baruch College (6),OMNY - Full Fare,208,5
4/13/26 22:00,23 St-Baruch College (6),OMNY - Full Fare,329,5
4/13/26 22:00,23 St-Baruch College (6),Metrocard - Unlimited 30-Day,1,0
4/13/26 22:00,23 St-Baruch College (6),OMNY - Fair Fare,20,0
4/13/26 22:00,23 St-Baruch College (6),OMNY - Other,11,0
4/13/26 22:00,23 St-Baruch College (6),OMNY - Students,16,0
4/13/26 22:00,23 St-Baruch College (6),OMNY - Seniors & Disability,26,3
4/13/26 21:00,23 St-Baruch College (6),OMNY - Other,5,0
4/13/26 21:00,23 St-Baruch College (6),Metrocard - Unlimited 30-Day,1,0
4/13/26 21:00,23 St-Baruch College (6),OMNY - Full Fare,529,9
4/13/26 21:00,23 St-Baruch College (6),OMNY - Students,29,2
4/13/26 21:00,23 St-Baruch College (6),OMNY - Fair Fare,33,0
4/13/26 21:00,23 St-Baruch College (6),OMNY - Seniors & Disability,16,0
4/13/26 21:00,23 St-Baruch College (6),Metrocard - Other,4,0
4/13/26 20:00,23 St-Baruch College (6),OMNY - Full Fare,899,7
4/13/26 20:00,23 St-Baruch College (6),Metrocard - Unlimited 30-Day,1,0
4/13/26 20:00,23 St-Baruch College (6),OMNY - Students,65,0
4/13/26 20:00,23 St-Baruch College (6),Metrocard - Other,5,0
4/13/26 20:00,23 St-Baruch College (6),OMNY - Fair Fare,74,0
4/13/26 20:00,23 St-Baruch College (6),Metrocard - Unlimited 7-Day,1,0
4/13/26 20:00,23 St-Baruch College (6),OMNY - Other,13,1
4/13/26 20:00,23 St-Baruch College (6),OMNY - Seniors & Disability,39,3
4/13/26 19:00,23 St-Baruch College (6),OMNY - Full Fare,"1,239",15
4/13/26 19:00,23 St-Baruch College (6),OMNY - Students,120,2
4/13/26 19:00,23 St-Baruch College (6),OMNY - Seniors & Disability,50,4
4/13/26 19:00,23 St-Baruch College (6),OMNY - Fair Fare,101,2
4/13/26 19:00,23 St-Baruch College (6),Metrocard - Unlimited 30-Day,1,0
4/13/26 19:00,23 St-Baruch College (6),Metrocard - Unlimited 7-Day,1,0
4/13/26 19:00,23 St-Baruch College (6),Metrocard - Other,3,0
4/13/26 19:00,23 St-Baruch College (6),OMNY - Other,23,0
4/13/26 18:00,23 St-Baruch College (6),Metrocard - Seniors & Disability,1,0
4/13/26 18:00,23 St-Baruch College (6),OMNY - Full Fare,"1,532",31
4/13/26 18:00,23 St-Baruch College (6),OMNY - Students,108,4
4/13/26 18:00,23 St-Baruch College (6),OMNY - Fair Fare,77,0
4/13/26 18:00,23 St-Baruch College (6),OMNY - Other,33,0
4/13/26 18:00,23 St-Baruch College (6),Metrocard - Other,4,0
4/13/26 18:00,23 St-Baruch College (6),OMNY - Seniors & Disability,64,1
4/13/26 17:00,23 St-Baruch College (6),OMNY - Seniors & Disability,117,9
4/13/26 17:00,23 St-Baruch College (6),OMNY - Full Fare,"2,369",59
4/13/26 17:00,23 St-Baruch College (6),Metrocard - Other,8,0
4/13/26 17:00,23 St-Baruch College (6),OMNY - Students,190,1
4/13/26 17:00,23 St-Baruch College (6),Metrocard - Unlimited 30-Day,3,0
4/13/26 17:00,23 St-Baruch College (6),OMNY - Fair Fare,132,3
4/13/26 17:00,23 St-Baruch College (6),OMNY - Other,33,0
4/13/26 16:00,23 St-Baruch College (6),OMNY - Other,21,0
4/13/26 16:00,23 St-Baruch College (6),Metrocard - Other,10,0
4/13/26 16:00,23 St-Baruch College (6),OMNY - Students,203,4
4/13/26 16:00,23 St-Baruch College (6),Metrocard - Unlimited 7-Day,1,0
4/13/26 16:00,23 St-Baruch College (6),OMNY - Full Fare,"1,705",37
4/13/26 16:00,23 St-Baruch College (6),OMNY - Seniors & Disability,105,10
4/13/26 16:00,23 St-Baruch College (6),OMNY - Fair Fare,115,1
4/13/26 16:00,23 St-Baruch College (6),Metrocard - Unlimited 30-Day,2,0
4/13/26 15:00,23 St-Baruch College (6),OMNY - Full Fare,"1,593",39
4/13/26 15:00,23 St-Baruch College (6),OMNY - Students,332,3
4/13/26 15:00,23 St-Baruch College (6),Metrocard - Unlimited 30-Day,2,0
4/13/26 15:00,23 St-Baruch College (6),OMNY - Fair Fare,114,1
4/13/26 15:00,23 St-Baruch College (6),OMNY - Other,26,0
4/13/26 15:00,23 St-Baruch College (6),Metrocard - Seniors & Disability,1,0
4/13/26 15:00,23 St-Baruch College (6),OMNY - Seniors & Disability,103,9
4/13/26 15:00,23 St-Baruch College (6),Metrocard - Other,4,0
4/13/26 14:00,23 St-Baruch College (6),Metrocard - Other,4,0
4/13/26 14:00,23 St-Baruch College (6),OMNY - Students,262,1
4/13/26 14:00,23 St-Baruch College (6),OMNY - Seniors & Disability,107,8
4/13/26 14:00,23 St-Baruch College (6),OMNY - Other,20,0
4/13/26 14:00,23 St-Baruch College (6),Metrocard - Unlimited 7-Day,1,0
4/13/26 14:00,23 St-Baruch College (6),OMNY - Full Fare,"1,189",17
4/13/26 14:00,23 St-Baruch College (6),OMNY - Fair Fare,129,2
4/13/26 13:00,23 St-Baruch College (6),Metrocard - Other,4,0
4/13/26 13:00,23 St-Baruch College (6),OMNY - Full Fare,600,20
4/13/26 13:00,23 St-Baruch College (6),Metrocard - Unlimited 30-Day,5,0
4/13/26 13:00,23 St-Baruch College (6),OMNY - Students,38,2
4/13/26 13:00,23 St-Baruch College (6),OMNY - Seniors & Disability,64,4
4/13/26 13:00,23 St-Baruch College (6),OMNY - Other,9,0
4/13/26 13:00,23 St-Baruch College (6),OMNY - Fair Fare,68,2
4/13/26 12:00,23 St-Baruch College (6),OMNY - Other,16,0
4/13/26 12:00,23 St-Baruch College (6),OMNY - Seniors & Disability,81,9
4/13/26 12:00,23 St-Baruch College (6),OMNY - Full Fare,764,8
4/13/26 12:00,23 St-Baruch College (6),Metrocard - Unlimited 30-Day,2,0
4/13/26 12:00,23 St-Baruch College (6),OMNY - Students,73,0
4/13/26 12:00,23 St-Baruch College (6),OMNY - Fair Fare,58,2
4/13/26 12:00,23 St-Baruch College (6),Metrocard - Other,4,0
4/13/26 11:00,23 St-Baruch College (6),OMNY - Fair Fare,50,1
4/13/26 11:00,23 St-Baruch College (6),OMNY - Other,1,0
4/13/26 11:00,23 St-Baruch College (6),OMNY - Full Fare,602,9
4/13/26 11:00,23 St-Baruch College (6),OMNY - Students,35,0
4/13/26 11:00,23 St-Baruch College (6),Metrocard - Other,4,0
4/13/26 11:00,23 St-Baruch College (6),Metrocard - Unlimited 30-Day,1,0
4/13/26 11:00,23 St-Baruch College (6),OMNY - Seniors & Disability,68,9
4/13/26 10:00,23 St-Baruch College (6),Metrocard - Unlimited 30-Day,1,0
4/13/26 10:00,23 St-Baruch College (6),Metrocard - Unlimited 7-Day,1,0
4/13/26 10:00,23 St-Baruch College (6),OMNY - Students,25,0
4/13/26 10:00,23 St-Baruch College (6),OMNY - Other,3,0
4/13/26 10:00,23 St-Baruch College (6),OMNY - Fair Fare,33,1
4/13/26 10:00,23 St-Baruch College (6),Metrocard - Other,2,0
4/13/26 10:00,23 St-Baruch College (6),OMNY - Full Fare,566,30
4/13/26 10:00,23 St-Baruch College (6),OMNY - Seniors & Disability,57,13
4/13/26 9:00,23 St-Baruch College (6),OMNY - Other,6,0
4/13/26 9:00,23 St-Baruch College (6),OMNY - Full Fare,837,51
4/13/26 9:00,23 St-Baruch College (6),Metrocard - Other,1,0
4/13/26 9:00,23 St-Baruch College (6),OMNY - Seniors & Disability,50,8
4/13/26 9:00,23 St-Baruch College (6),OMNY - Students,22,1
4/13/26 9:00,23 St-Baruch College (6),OMNY - Fair Fare,15,1
4/13/26 8:00,23 St-Baruch College (6),Metrocard - Other,2,0
4/13/26 8:00,23 St-Baruch College (6),OMNY - Other,7,0
4/13/26 8:00,23 St-Baruch College (6),OMNY - Seniors & Disability,40,9
4/13/26 8:00,23 St-Baruch College (6),OMNY - Full Fare,"1,343",104
4/13/26 8:00,23 St-Baruch College (6),OMNY - Fair Fare,24,3
4/13/26 8:00,23 St-Baruch College (6),OMNY - Students,53,3
4/13/26 7:00,23 St-Baruch College (6),OMNY - Students,65,5
4/13/26 7:00,23 St-Baruch College (6),OMNY - Seniors & Disability,22,5
4/13/26 7:00,23 St-Baruch College (6),OMNY - Full Fare,649,100
4/13/26 7:00,23 St-Baruch College (6),Metrocard - Other,1,0
4/13/26 7:00,23 St-Baruch College (6),OMNY - Fair Fare,5,0
4/13/26 7:00,23 St-Baruch College (6),OMNY - Other,12,0
4/13/26 6:00,23 St-Baruch College (6),OMNY - Seniors & Disability,15,4
4/13/26 6:00,23 St-Baruch College (6),OMNY - Students,5,0
4/13/26 6:00,23 St-Baruch College (6),OMNY - Fair Fare,2,0
4/13/26 6:00,23 St-Baruch College (6),OMNY - Full Fare,177,41
4/13/26 6:00,23 St-Baruch College (6),OMNY - Other,6,0
4/13/26 6:00,23 St-Baruch College (6),Metrocard - Other,2,0
4/13/26 5:00,23 St-Baruch College (6),OMNY - Students,1,0
4/13/26 5:00,23 St-Baruch College (6),OMNY - Fair Fare,3,1
4/13/26 5:00,23 St-Baruch College (6),OMNY - Other,4,0
4/13/26 5:00,23 St-Baruch College (6),OMNY - Seniors & Disability,2,2
4/13/26 5:00,23 St-Baruch College (6),OMNY - Full Fare,46,15
4/13/26 4:00,23 St-Baruch College (6),OMNY - Full Fare,10,0
4/13/26 3:00,23 St-Baruch College (6),OMNY - Students,1,0
4/13/26 3:00,23 St-Baruch College (6),OMNY - Full Fare,12,0
4/13/26 3:00,23 St-Baruch College (6),OMNY - Fair Fare,2,0
4/13/26 2:00,23 St-Baruch College (6),Metrocard - Other,1,0
4/13/26 2:00,23 St-Baruch College (6),OMNY - Other,2,0
4/13/26 2:00,23 St-Baruch College (6),OMNY - Full Fare,9,0
4/13/26 1:00,23 St-Baruch College (6),OMNY - Full Fare,30,2
4/13/26 1:00,23 St-Baruch College (6),OMNY - Other,5,0
4/13/26 1:00,23 St-Baruch College (6),Metrocard - Other,1,0
4/13/26 1:00,23 St-Baruch College (6),OMNY - Students,2,0
4/13/26 1:00,23 St-Baruch College (6),OMNY - Fair Fare,2,0
4/13/26 0:00,23 St-Baruch College (6),OMNY - Full Fare,66,1
4/13/26 0:00,23 St-Baruch College (6),OMNY - Seniors & Disability,3,0
4/13/26 0:00,23 St-Baruch College (6),Metrocard - Other,1,0
4/13/26 0:00,23 St-Baruch College (6),OMNY - Fair Fare,6,0
4/13/26 0:00,23 St-Baruch College (6),OMNY - Students,6,0
4/12/26 23:00,23 St-Baruch College (6),OMNY - Other,5,0
4/12/26 23:00,23 St-Baruch College (6),OMNY - Full Fare,146,1
4/12/26 23:00,23 St-Baruch College (6),OMNY - Fair Fare,8,0
4/12/26 23:00,23 St-Baruch College (6),OMNY - Students,12,0
4/12/26 23:00,23 St-Baruch College (6),OMNY - Seniors & Disability,5,0
4/12/26 22:00,23 St-Baruch College (6),OMNY - Seniors & Disability,1,0
4/12/26 22:00,23 St-Baruch College (6),OMNY - Students,5,1
4/12/26 22:00,23 St-Baruch College (6),OMNY - Full Fare,209,7
4/12/26 22:00,23 St-Baruch College (6),OMNY - Other,7,0
4/12/26 22:00,23 St-Baruch College (6),OMNY - Fair Fare,17,0
4/12/26 21:00,23 St-Baruch College (6),OMNY - Full Fare,250,5
4/12/26 21:00,23 St-Baruch College (6),OMNY - Students,4,0
4/12/26 21:00,23 St-Baruch College (6),OMNY - Fair Fare,19,2
4/12/26 21:00,23 St-Baruch College (6),OMNY - Seniors & Disability,5,1
4/12/26 20:00,23 St-Baruch College (6),OMNY - Fair Fare,20,0
4/12/26 20:00,23 St-Baruch College (6),OMNY - Other,6,0
4/12/26 20:00,23 St-Baruch College (6),OMNY - Students,11,0
4/12/26 20:00,23 St-Baruch College (6),OMNY - Full Fare,343,3
4/12/26 20:00,23 St-Baruch College (6),Metrocard - Seniors & Disability,1,0
4/12/26 20:00,23 St-Baruch College (6),OMNY - Seniors & Disability,12,1
4/12/26 19:00,23 St-Baruch College (6),Metrocard - Unlimited 30-Day,1,0
4/12/26 19:00,23 St-Baruch College (6),OMNY - Fair Fare,14,0
4/12/26 19:00,23 St-Baruch College (6),OMNY - Students,21,1
4/12/26 19:00,23 St-Baruch College (6),OMNY - Full Fare,478,11
4/12/26 19:00,23 St-Baruch College (6),Metrocard - Unlimited 7-Day,1,0
4/12/26 19:00,23 St-Baruch College (6),OMNY - Seniors & Disability,21,1
4/12/26 19:00,23 St-Baruch College (6),OMNY - Other,4,0
4/12/26 18:00,23 St-Baruch College (6),OMNY - Fair Fare,18,1
4/12/26 18:00,23 St-Baruch College (6),OMNY - Full Fare,480,12
4/12/26 18:00,23 St-Baruch College (6),OMNY - Students,22,0
4/12/26 18:00,23 St-Baruch College (6),OMNY - Seniors & Disability,13,0
4/12/26 18:00,23 St-Baruch College (6),Metrocard - Other,1,0
4/12/26 18:00,23 St-Baruch College (6),OMNY - Other,5,0
4/12/26 17:00,23 St-Baruch College (6),OMNY - Full Fare,609,20
4/12/26 17:00,23 St-Baruch College (6),OMNY - Fair Fare,17,2
4/12/26 17:00,23 St-Baruch College (6),OMNY - Seniors & Disability,30,3
4/12/26 17:00,23 St-Baruch College (6),Metrocard - Other,2,0
4/12/26 17:00,23 St-Baruch College (6),OMNY - Other,6,0
4/12/26 17:00,23 St-Baruch College (6),OMNY - Students,31,0
4/12/26 16:00,23 St-Baruch College (6),OMNY - Students,22,0
4/12/26 16:00,23 St-Baruch College (6),OMNY - Full Fare,710,17
4/12/26 16:00,23 St-Baruch College (6),OMNY - Other,6,0
4/12/26 16:00,23 St-Baruch College (6),OMNY - Fair Fare,16,1
4/12/26 16:00,23 St-Baruch College (6),OMNY - Seniors & Disability,27,2
4/12/26 15:00,23 St-Baruch College (6),OMNY - Other,13,0
4/12/26 15:00,23 St-Baruch College (6),OMNY - Fair Fare,18,1
4/12/26 15:00,23 St-Baruch College (6),OMNY - Students,25,0
4/12/26 15:00,23 St-Baruch College (6),Metrocard - Other,1,0
4/12/26 15:00,23 St-Baruch College (6),OMNY - Seniors & Disability,31,2
4/12/26 15:00,23 St-Baruch College (6),OMNY - Full Fare,660,13
4/12/26 15:00,23 St-Baruch College (6),Metrocard - Unlimited 30-Day,1,0
4/12/26 14:00,23 St-Baruch College (6),OMNY - Other,3,0
4/12/26 14:00,23 St-Baruch College (6),OMNY - Full Fare,705,12
4/12/26 14:00,23 St-Baruch College (6),OMNY - Fair Fare,10,1
4/12/26 14:00,23 St-Baruch College (6),OMNY - Students,17,0
4/12/26 14:00,23 St-Baruch College (6),OMNY - Seniors & Disability,43,0
4/12/26 14:00,23 St-Baruch College (6),Metrocard - Other,1,0
4/12/26 13:00,23 St-Baruch College (6),OMNY - Fair Fare,17,1
4/12/26 13:00,23 St-Baruch College (6),OMNY - Students,18,2
4/12/26 13:00,23 St-Baruch College (6),OMNY - Full Fare,682,17
4/12/26 13:00,23 St-Baruch College (6),OMNY - Other,9,0
4/12/26 13:00,23 St-Baruch College (6),Metrocard - Other,1,0
4/12/26 13:00,23 St-Baruch College (6),Metrocard - Unlimited 7-Day,1,0
4/12/26 13:00,23 St-Baruch College (6),OMNY - Seniors & Disability,22,1
4/12/26 12:00,23 St-Baruch College (6),OMNY - Full Fare,653,21
4/12/26 12:00,23 St-Baruch College (6),Metrocard - Unlimited 30-Day,1,0
4/12/26 12:00,23 St-Baruch College (6),OMNY - Seniors & Disability,26,2
4/12/26 12:00,23 St-Baruch College (6),OMNY - Fair Fare,14,1
4/12/26 12:00,23 St-Baruch College (6),OMNY - Students,22,1
4/12/26 12:00,23 St-Baruch College (6),OMNY - Other,7,0
4/12/26 11:00,23 St-Baruch College (6),OMNY - Other,3,0
4/12/26 11:00,23 St-Baruch College (6),OMNY - Seniors & Disability,19,2
4/12/26 11:00,23 St-Baruch College (6),Metrocard - Other,1,0
4/12/26 11:00,23 St-Baruch College (6),OMNY - Full Fare,531,16
4/12/26 11:00,23 St-Baruch College (6),OMNY - Fair Fare,7,1
4/12/26 11:00,23 St-Baruch College (6),OMNY - Students,16,2
4/12/26 10:00,23 St-Baruch College (6),OMNY - Other,2,0
4/12/26 10:00,23 St-Baruch College (6),OMNY - Full Fare,408,13
4/12/26 10:00,23 St-Baruch College (6),OMNY - Fair Fare,5,1
4/12/26 10:00,23 St-Baruch College (6),OMNY - Students,11,2
4/12/26 10:00,23 St-Baruch College (6),OMNY - Seniors & Disability,23,5
4/12/26 9:00,23 St-Baruch College (6),OMNY - Other,2,0
4/12/26 9:00,23 St-Baruch College (6),OMNY - Fair Fare,3,0
4/12/26 9:00,23 St-Baruch College (6),OMNY - Seniors & Disability,19,4
4/12/26 9:00,23 St-Baruch College (6),OMNY - Students,3,0
4/12/26 9:00,23 St-Baruch College (6),OMNY - Full Fare,255,9
4/12/26 8:00,23 St-Baruch College (6),OMNY - Full Fare,134,8
4/12/26 8:00,23 St-Baruch College (6),OMNY - Seniors & Disability,8,2
4/12/26 8:00,23 St-Baruch College (6),OMNY - Fair Fare,2,1
4/12/26 8:00,23 St-Baruch College (6),OMNY - Students,2,0
4/12/26 8:00,23 St-Baruch College (6),OMNY - Other,6,0
4/12/26 7:00,23 St-Baruch College (6),OMNY - Seniors & Disability,10,0
4/12/26 7:00,23 St-Baruch College (6),OMNY - Fair Fare,4,0
4/12/26 7:00,23 St-Baruch College (6),OMNY - Other,2,0
4/12/26 7:00,23 St-Baruch College (6),OMNY - Full Fare,106,2
4/12/26 7:00,23 St-Baruch College (6),OMNY - Students,2,0
4/12/26 6:00,23 St-Baruch College (6),Metrocard - Other,1,0
4/12/26 6:00,23 St-Baruch College (6),OMNY - Students,1,0
4/12/26 6:00,23 St-Baruch College (6),OMNY - Full Fare,43,2
4/12/26 6:00,23 St-Baruch College (6),OMNY - Seniors & Disability,1,0
4/12/26 6:00,23 St-Baruch College (6),OMNY - Other,2,0
4/12/26 6:00,23 St-Baruch College (6),OMNY - Fair Fare,4,0
4/12/26 5:00,23 St-Baruch College (6),OMNY - Full Fare,18,0
4/12/26 5:00,23 St-Baruch College (6),Metrocard - Seniors & Disability,1,0
4/12/26 5:00,23 St-Baruch College (6),OMNY - Other,1,0
4/12/26 5:00,23 St-Baruch College (6),OMNY - Fair Fare,2,0
4/12/26 4:00,23 St-Baruch College (6),OMNY - Full Fare,26,1
4/12/26 4:00,23 St-Baruch College (6),OMNY - Students,1,0
4/12/26 4:00,23 St-Baruch College (6),OMNY - Other,2,0
4/12/26 3:00,23 St-Baruch College (6),OMNY - Fair Fare,3,0
4/12/26 3:00,23 St-Baruch College (6),OMNY - Other,1,0
4/12/26 3:00,23 St-Baruch College (6),OMNY - Students,1,0
4/12/26 3:00,23 St-Baruch College (6),OMNY - Full Fare,24,1
4/12/26 2:00,23 St-Baruch College (6),OMNY - Seniors & Disability,1,0
4/12/26 2:00,23 St-Baruch College (6),OMNY - Students,2,0
4/12/26 2:00,23 St-Baruch College (6),OMNY - Fair Fare,2,0
4/12/26 2:00,23 St-Baruch College (6),OMNY - Full Fare,61,1
4/12/26 2:00,23 St-Baruch College (6),Metrocard - Other,2,0
4/12/26 1:00,23 St-Baruch College (6),OMNY - Full Fare,96,2
4/12/26 1:00,23 St-Baruch College (6),OMNY - Students,2,0
4/12/26 1:00,23 St-Baruch College (6),OMNY - Fair Fare,5,0
4/12/26 1:00,23 St-Baruch College (6),OMNY - Seniors & Disability,2,0
4/12/26 0:00,23 St-Baruch College (6),OMNY - Full Fare,210,1
4/12/26 0:00,23 St-Baruch College (6),OMNY - Other,3,0
4/12/26 0:00,23 St-Baruch College (6),OMNY - Fair Fare,4,0
4/12/26 0:00,23 St-Baruch College (6),OMNY - Seniors & Disability,4,1
4/12/26 0:00,23 St-Baruch College (6),OMNY - Students,7,0
4/11/26 23:00,23 St-Baruch College (6),OMNY - Fair Fare,15,0
4/11/26 23:00,23 St-Baruch College (6),OMNY - Students,13,0
4/11/26 23:00,23 St-Baruch College (6),OMNY - Full Fare,368,5
4/11/26 23:00,23 St-Baruch College (6),OMNY - Seniors & Disability,11,0
4/11/26 23:00,23 St-Baruch College (6),OMNY - Other,5,0
4/11/26 22:00,23 St-Baruch College (6),OMNY - Fair Fare,21,0
4/11/26 22:00,23 St-Baruch College (6),OMNY - Full Fare,407,8
4/11/26 22:00,23 St-Baruch College (6),OMNY - Seniors & Disability,14,1
4/11/26 22:00,23 St-Baruch College (6),OMNY - Other,9,0
4/11/26 22:00,23 St-Baruch College (6),OMNY - Students,15,0
4/11/26 21:00,23 St-Baruch College (6),OMNY - Fair Fare,10,1
4/11/26 21:00,23 St-Baruch College (6),OMNY - Other,5,0
4/11/26 21:00,23 St-Baruch College (6),Metrocard - Unlimited 30-Day,1,0
4/11/26 21:00,23 St-Baruch College (6),OMNY - Students,14,0
4/11/26 21:00,23 St-Baruch College (6),OMNY - Full Fare,500,13
4/11/26 21:00,23 St-Baruch College (6),Metrocard - Other,2,0
4/11/26 21:00,23 St-Baruch College (6),OMNY - Seniors & Disability,23,1
4/11/26 20:00,23 St-Baruch College (6),Metrocard - Unlimited 30-Day,1,0
4/11/26 20:00,23 St-Baruch College (6),OMNY - Fair Fare,20,2
4/11/26 20:00,23 St-Baruch College (6),OMNY - Full Fare,497,14
4/11/26 20:00,23 St-Baruch College (6),OMNY - Seniors & Disability,24,3
4/11/26 20:00,23 St-Baruch College (6),OMNY - Other,7,0
4/11/26 20:00,23 St-Baruch College (6),OMNY - Students,22,0
4/11/26 19:00,23 St-Baruch College (6),OMNY - Other,4,0
4/11/26 19:00,23 St-Baruch College (6),OMNY - Seniors & Disability,33,6
4/11/26 19:00,23 St-Baruch College (6),Metrocard - Other,1,0
4/11/26 19:00,23 St-Baruch College (6),OMNY - Fair Fare,14,1
4/11/26 19:00,23 St-Baruch College (6),OMNY - Students,30,0
4/11/26 19:00,23 St-Baruch College (6),Metrocard - Unlimited 30-Day,2,0
4/11/26 19:00,23 St-Baruch College (6),OMNY - Full Fare,652,18
4/11/26 18:00,23 St-Baruch College (6),OMNY - Full Fare,769,24
4/11/26 18:00,23 St-Baruch College (6),OMNY - Seniors & Disability,33,6
4/11/26 18:00,23 St-Baruch College (6),OMNY - Students,38,0
4/11/26 18:00,23 St-Baruch College (6),OMNY - Other,6,0
4/11/26 18:00,23 St-Baruch College (6),OMNY - Fair Fare,25,1
4/11/26 18:00,23 St-Baruch College (6),Metrocard - Unlimited 30-Day,1,0
4/11/26 17:00,23 St-Baruch College (6),OMNY - Other,5,0
4/11/26 17:00,23 St-Baruch College (6),OMNY - Students,29,2
4/11/26 17:00,23 St-Baruch College (6),OMNY - Full Fare,864,34
4/11/26 17:00,23 St-Baruch College (6),Metrocard - Other,1,0
4/11/26 17:00,23 St-Baruch College (6),OMNY - Seniors & Disability,31,6
4/11/26 17:00,23 St-Baruch College (6),OMNY - Fair Fare,27,2
4/11/26 16:00,23 St-Baruch College (6),OMNY - Seniors & Disability,42,3
4/11/26 16:00,23 St-Baruch College (6),OMNY - Students,46,2
4/11/26 16:00,23 St-Baruch College (6),OMNY - Fair Fare,25,2
4/11/26 16:00,23 St-Baruch College (6),Metrocard - Seniors & Disability,1,0
4/11/26 16:00,23 St-Baruch College (6),OMNY - Other,12,2
4/11/26 16:00,23 St-Baruch College (6),OMNY - Full Fare,935,29
4/11/26 15:00,23 St-Baruch College (6),OMNY - Other,18,0
4/11/26 15:00,23 St-Baruch College (6),Metrocard - Other,2,0
4/11/26 15:00,23 St-Baruch College (6),OMNY - Seniors & Disability,50,7
4/11/26 15:00,23 St-Baruch College (6),OMNY - Students,28,0
4/11/26 15:00,23 St-Baruch College (6),OMNY - Full Fare,931,32
4/11/26 15:00,23 St-Baruch College (6),OMNY - Fair Fare,32,2
4/11/26 14:00,23 St-Baruch College (6),Metrocard - Other,1,0
4/11/26 14:00,23 St-Baruch College (6),OMNY - Students,40,2
4/11/26 14:00,23 St-Baruch College (6),Metrocard - Unlimited 7-Day,1,0
4/11/26 14:00,23 St-Baruch College (6),OMNY - Other,16,1
4/11/26 14:00,23 St-Baruch College (6),OMNY - Full Fare,942,22
4/11/26 14:00,23 St-Baruch College (6),OMNY - Fair Fare,32,4
4/11/26 14:00,23 St-Baruch College (6),OMNY - Seniors & Disability,43,3
4/11/26 13:00,23 St-Baruch College (6),OMNY - Seniors & Disability,45,3
4/11/26 13:00,23 St-Baruch College (6),OMNY - Fair Fare,26,1
4/11/26 13:00,23 St-Baruch College (6),OMNY - Full Fare,951,26
4/11/26 13:00,23 St-Baruch College (6),OMNY - Students,32,0
4/11/26 13:00,23 St-Baruch College (6),OMNY - Other,9,0
4/11/26 12:00,23 St-Baruch College (6),OMNY - Students,41,1
4/11/26 12:00,23 St-Baruch College (6),OMNY - Full Fare,780,27
4/11/26 12:00,23 St-Baruch College (6),OMNY - Fair Fare,17,0
4/11/26 12:00,23 St-Baruch College (6),OMNY - Other,8,0
4/11/26 12:00,23 St-Baruch College (6),Metrocard - Seniors & Disability,2,0
4/11/26 12:00,23 St-Baruch College (6),OMNY - Seniors & Disability,43,11
4/11/26 11:00,23 St-Baruch College (6),OMNY - Full Fare,729,15
4/11/26 11:00,23 St-Baruch College (6),OMNY - Other,4,0
4/11/26 11:00,23 St-Baruch College (6),OMNY - Fair Fare,17,1
4/11/26 11:00,23 St-Baruch College (6),OMNY - Seniors & Disability,29,6
4/11/26 11:00,23 St-Baruch College (6),OMNY - Students,38,1
4/11/26 10:00,23 St-Baruch College (6),Metrocard - Other,1,0
4/11/26 10:00,23 St-Baruch College (6),OMNY - Full Fare,509,15
4/11/26 10:00,23 St-Baruch College (6),OMNY - Seniors & Disability,26,6
4/11/26 10:00,23 St-Baruch College (6),OMNY - Other,3,0
4/11/26 10:00,23 St-Baruch College (6),OMNY - Fair Fare,10,0
4/11/26 10:00,23 St-Baruch College (6),OMNY - Students,17,1
4/11/26 9:00,23 St-Baruch College (6),OMNY - Seniors & Disability,18,3
4/11/26 9:00,23 St-Baruch College (6),OMNY - Students,15,0
4/11/26 9:00,23 St-Baruch College (6),OMNY - Other,5,0
4/11/26 9:00,23 St-Baruch College (6),OMNY - Full Fare,339,14
4/11/26 9:00,23 St-Baruch College (6),OMNY - Fair Fare,8,0
4/11/26 8:00,23 St-Baruch College (6),OMNY - Other,1,0
4/11/26 8:00,23 St-Baruch College (6),OMNY - Students,8,0
4/11/26 8:00,23 St-Baruch College (6),OMNY - Full Fare,221,10
4/11/26 8:00,23 St-Baruch College (6),OMNY - Seniors & Disability,15,2
4/11/26 8:00,23 St-Baruch College (6),Metrocard - Other,1,0
4/11/26 8:00,23 St-Baruch College (6),Metrocard - Full Fare,1,0
4/11/26 8:00,23 St-Baruch College (6),OMNY - Fair Fare,4,1
4/11/26 7:00,23 St-Baruch College (6),OMNY - Fair Fare,4,0
4/11/26 7:00,23 St-Baruch College (6),OMNY - Seniors & Disability,8,2
4/11/26 7:00,23 St-Baruch College (6),OMNY - Full Fare,106,6
4/11/26 7:00,23 St-Baruch College (6),OMNY - Other,2,0
4/11/26 7:00,23 St-Baruch College (6),OMNY - Students,1,0
4/11/26 7:00,23 St-Baruch College (6),Metrocard - Other,1,0
4/11/26 6:00,23 St-Baruch College (6),OMNY - Students,2,0
4/11/26 6:00,23 St-Baruch College (6),OMNY - Other,3,0
4/11/26 6:00,23 St-Baruch College (6),OMNY - Seniors & Disability,3,0
4/11/26 6:00,23 St-Baruch College (6),OMNY - Fair Fare,2,0
4/11/26 6:00,23 St-Baruch College (6),Metrocard - Other,1,0
4/11/26 6:00,23 St-Baruch College (6),OMNY - Full Fare,60,4
4/11/26 5:00,23 St-Baruch College (6),OMNY - Other,3,0
4/11/26 5:00,23 St-Baruch College (6),OMNY - Full Fare,30,3
4/11/26 5:00,23 St-Baruch College (6),OMNY - Seniors & Disability,1,0
4/11/26 5:00,23 St-Baruch College (6),Metrocard - Unlimited 30-Day,1,0
4/11/26 5:00,23 St-Baruch College (6),OMNY - Fair Fare,3,0
4/11/26 4:00,23 St-Baruch College (6),OMNY - Full Fare,19,0
4/11/26 4:00,23 St-Baruch College (6),OMNY - Fair Fare,3,0
4/11/26 4:00,23 St-Baruch College (6),OMNY - Other,2,0
4/11/26 4:00,23 St-Baruch College (6),OMNY - Seniors & Disability,2,1
4/11/26 4:00,23 St-Baruch College (6),OMNY - Students,3,0
4/11/26 3:00,23 St-Baruch College (6),OMNY - Students,1,0
4/11/26 3:00,23 St-Baruch College (6),OMNY - Full Fare,37,0
4/11/26 3:00,23 St-Baruch College (6),OMNY - Other,1,0
4/11/26 3:00,23 St-Baruch College (6),OMNY - Fair Fare,1,0
4/11/26 2:00,23 St-Baruch College (6),OMNY - Students,3,0
4/11/26 2:00,23 St-Baruch College (6),OMNY - Fair Fare,2,0
4/11/26 2:00,23 St-Baruch College (6),OMNY - Other,2,0
4/11/26 2:00,23 St-Baruch College (6),OMNY - Full Fare,31,0
4/11/26 1:00,23 St-Baruch College (6),Metrocard - Other,1,0
4/11/26 1:00,23 St-Baruch College (6),OMNY - Fair Fare,6,0
4/11/26 1:00,23 St-Baruch College (6),OMNY - Students,2,0
4/11/26 1:00,23 St-Baruch College (6),OMNY - Other,5,0
4/11/26 1:00,23 St-Baruch College (6),OMNY - Full Fare,130,3
4/11/26 0:00,23 St-Baruch College (6),OMNY - Seniors & Disability,9,0
4/11/26 0:00,23 St-Baruch College (6),OMNY - Students,15,0
4/11/26 0:00,23 St-Baruch College (6),OMNY - Fair Fare,13,0
4/11/26 0:00,23 St-Baruch College (6),OMNY - Full Fare,262,3
4/11/26 0:00,23 St-Baruch College (6),OMNY - Other,2,0
4/10/26 23:00,23 St-Baruch College (6),Metrocard - Other,1,0
4/10/26 23:00,23 St-Baruch College (6),OMNY - Fair Fare,15,0
4/10/26 23:00,23 St-Baruch College (6),Metrocard - Unlimited 7-Day,1,0
4/10/26 23:00,23 St-Baruch College (6),OMNY - Other,3,0
4/10/26 23:00,23 St-Baruch College (6),OMNY - Full Fare,383,7
4/10/26 23:00,23 St-Baruch College (6),OMNY - Seniors & Disability,13,3
4/10/26 23:00,23 St-Baruch College (6),OMNY - Students,17,0
4/10/26 22:00,23 St-Baruch College (6),OMNY - Fair Fare,23,0
4/10/26 22:00,23 St-Baruch College (6),OMNY - Full Fare,371,9
4/10/26 22:00,23 St-Baruch College (6),OMNY - Students,15,0
4/10/26 22:00,23 St-Baruch College (6),OMNY - Other,12,0
4/10/26 22:00,23 St-Baruch College (6),OMNY - Seniors & Disability,11,0
4/10/26 21:00,23 St-Baruch College (6),OMNY - Fair Fare,18,2
4/10/26 21:00,23 St-Baruch College (6),Metrocard - Unlimited 30-Day,1,0
4/10/26 21:00,23 St-Baruch College (6),OMNY - Seniors & Disability,17,0
4/10/26 21:00,23 St-Baruch College (6),OMNY - Students,19,1
4/10/26 21:00,23 St-Baruch College (6),Metrocard - Seniors & Disability,1,0
4/10/26 21:00,23 St-Baruch College (6),OMNY - Other,10,0
4/10/26 21:00,23 St-Baruch College (6),OMNY - Full Fare,572,7
4/10/26 21:00,23 St-Baruch College (6),Metrocard - Other,5,0
4/10/26 20:00,23 St-Baruch College (6),OMNY - Students,28,0
4/10/26 20:00,23 St-Baruch College (6),OMNY - Seniors & Disability,39,2
4/10/26 20:00,23 St-Baruch College (6),OMNY - Other,13,0
4/10/26 20:00,23 St-Baruch College (6),OMNY - Fair Fare,26,0
4/10/26 20:00,23 St-Baruch College (6),Metrocard - Other,4,0
4/10/26 20:00,23 St-Baruch College (6),Metrocard - Unlimited 30-Day,1,0
4/10/26 20:00,23 St-Baruch College (6),OMNY - Full Fare,724,7
4/10/26 19:00,23 St-Baruch College (6),OMNY - Students,32,1
4/10/26 19:00,23 St-Baruch College (6),OMNY - Full Fare,903,22
4/10/26 19:00,23 St-Baruch College (6),Metrocard - Unlimited 7-Day,1,0
4/10/26 19:00,23 St-Baruch College (6),Metrocard - Other,3,0
4/10/26 19:00,23 St-Baruch College (6),OMNY - Other,15,0
4/10/26 19:00,23 St-Baruch College (6),OMNY - Fair Fare,53,2
4/10/26 19:00,23 St-Baruch College (6),OMNY - Seniors & Disability,26,1
4/10/26 18:00,23 St-Baruch College (6),OMNY - Full Fare,"1,227",31
4/10/26 18:00,23 St-Baruch College (6),Metrocard - Other,13,0
4/10/26 18:00,23 St-Baruch College (6),OMNY - Other,16,0
4/10/26 18:00,23 St-Baruch College (6),OMNY - Students,37,2
4/10/26 18:00,23 St-Baruch College (6),OMNY - Fair Fare,46,1
4/10/26 18:00,23 St-Baruch College (6),OMNY - Seniors & Disability,53,6
4/10/26 17:00,23 St-Baruch College (6),OMNY - Other,24,0
4/10/26 17:00,23 St-Baruch College (6),OMNY - Fair Fare,62,1
4/10/26 17:00,23 St-Baruch College (6),OMNY - Seniors & Disability,90,9
4/10/26 17:00,23 St-Baruch College (6),OMNY - Students,70,2
4/10/26 17:00,23 St-Baruch College (6),Metrocard - Unlimited 30-Day,4,0
4/10/26 17:00,23 St-Baruch College (6),OMNY - Full Fare,"1,642",43
4/10/26 16:00,23 St-Baruch College (6),Metrocard - Unlimited 7-Day,1,0
4/10/26 16:00,23 St-Baruch College (6),OMNY - Students,109,4
4/10/26 16:00,23 St-Baruch College (6),OMNY - Full Fare,"1,565",43
4/10/26 16:00,23 St-Baruch College (6),OMNY - Other,16,0
4/10/26 16:00,23 St-Baruch College (6),Metrocard - Other,5,0
4/10/26 16:00,23 St-Baruch College (6),OMNY - Seniors & Disability,98,4
4/10/26 16:00,23 St-Baruch College (6),OMNY - Fair Fare,83,2
4/10/26 15:00,23 St-Baruch College (6),Metrocard - Unlimited 7-Day,1,0
4/10/26 15:00,23 St-Baruch College (6),OMNY - Seniors & Disability,85,7
4/10/26 15:00,23 St-Baruch College (6),OMNY - Students,109,2
4/10/26 15:00,23 St-Baruch College (6),OMNY - Other,36,0
4/10/26 15:00,23 St-Baruch College (6),OMNY - Full Fare,"1,308",36
4/10/26 15:00,23 St-Baruch College (6),OMNY - Fair Fare,75,2
4/10/26 15:00,23 St-Baruch College (6),Metrocard - Other,4,0
4/10/26 14:00,23 St-Baruch College (6),OMNY - Full Fare,"1,015",31
4/10/26 14:00,23 St-Baruch College (6),OMNY - Other,17,0
4/10/26 14:00,23 St-Baruch College (6),Metrocard - Full Fare,1,0
4/10/26 14:00,23 St-Baruch College (6),Metrocard - Other,3,0
4/10/26 14:00,23 St-Baruch College (6),OMNY - Students,64,1
4/10/26 14:00,23 St-Baruch College (6),OMNY - Fair Fare,64,1
4/10/26 14:00,23 St-Baruch College (6),OMNY - Seniors & Disability,102,11
4/10/26 13:00,23 St-Baruch College (6),Metrocard - Other,1,0
4/10/26 13:00,23 St-Baruch College (6),OMNY - Students,67,1
4/10/26 13:00,23 St-Baruch College (6),OMNY - Seniors & Disability,73,10
4/10/26 13:00,23 St-Baruch College (6),OMNY - Fair Fare,62,3
4/10/26 13:00,23 St-Baruch College (6),OMNY - Other,14,0
4/10/26 13:00,23 St-Baruch College (6),OMNY - Full Fare,768,16
4/10/26 13:00,23 St-Baruch College (6),Metrocard - Unlimited 30-Day,1,0
4/10/26 12:00,23 St-Baruch College (6),OMNY - Full Fare,759,16
4/10/26 12:00,23 St-Baruch College (6),Metrocard - Other,7,0
4/10/26 12:00,23 St-Baruch College (6),OMNY - Other,12,0
4/10/26 12:00,23 St-Baruch College (6),OMNY - Students,46,0
4/10/26 12:00,23 St-Baruch College (6),OMNY - Fair Fare,47,2
4/10/26 12:00,23 St-Baruch College (6),Metrocard - Unlimited 7-Day,1,0
4/10/26 12:00,23 St-Baruch College (6),OMNY - Seniors & Disability,56,12
4/10/26 11:00,23 St-Baruch College (6),OMNY - Fair Fare,48,0
4/10/26 11:00,23 St-Baruch College (6),OMNY - Other,8,0
4/10/26 11:00,23 St-Baruch College (6),Metrocard - Other,4,1
4/10/26 11:00,23 St-Baruch College (6),OMNY - Students,39,0
4/10/26 11:00,23 St-Baruch College (6),OMNY - Full Fare,652,19
4/10/26 11:00,23 St-Baruch College (6),Metrocard - Unlimited 30-Day,1,0
4/10/26 11:00,23 St-Baruch College (6),OMNY - Seniors & Disability,57,9
4/10/26 10:00,23 St-Baruch College (6),OMNY - Fair Fare,25,1
4/10/26 10:00,23 St-Baruch College (6),OMNY - Students,26,1
4/10/26 10:00,23 St-Baruch College (6),Metrocard - Other,2,1
4/10/26 10:00,23 St-Baruch College (6),OMNY - Seniors & Disability,52,14
4/10/26 10:00,23 St-Baruch College (6),OMNY - Other,5,0
4/10/26 10:00,23 St-Baruch College (6),OMNY - Full Fare,590,29
4/10/26 9:00,23 St-Baruch College (6),OMNY - Students,16,0
4/10/26 9:00,23 St-Baruch College (6),OMNY - Seniors & Disability,48,9
4/10/26 9:00,23 St-Baruch College (6),OMNY - Fair Fare,15,1
4/10/26 9:00,23 St-Baruch College (6),OMNY - Full Fare,707,43
4/10/26 9:00,23 St-Baruch College (6),OMNY - Other,13,0
4/10/26 9:00,23 St-Baruch College (6),Metrocard - Unlimited 30-Day,1,0
4/10/26 8:00,23 St-Baruch College (6),OMNY - Fair Fare,9,2
4/10/26 8:00,23 St-Baruch College (6),OMNY - Seniors & Disability,32,6
4/10/26 8:00,23 St-Baruch College (6),OMNY - Students,19,1
4/10/26 8:00,23 St-Baruch College (6),OMNY - Full Fare,834,75
4/10/26 8:00,23 St-Baruch College (6),OMNY - Other,10,0
4/10/26 8:00,23 St-Baruch College (6),Metrocard - Other,1,0
4/10/26 7:00,23 St-Baruch College (6),OMNY - Seniors & Disability,18,3
4/10/26 7:00,23 St-Baruch College (6),OMNY - Other,11,0
4/10/26 7:00,23 St-Baruch College (6),OMNY - Full Fare,484,73
4/10/26 7:00,23 St-Baruch College (6),OMNY - Students,37,3
4/10/26 7:00,23 St-Baruch College (6),Metrocard - Other,3,0
4/10/26 7:00,23 St-Baruch College (6),OMNY - Fair Fare,15,1
4/10/26 6:00,23 St-Baruch College (6),OMNY - Full Fare,177,46
4/10/26 6:00,23 St-Baruch College (6),OMNY - Students,3,1
4/10/26 6:00,23 St-Baruch College (6),OMNY - Seniors & Disability,13,3
4/10/26 6:00,23 St-Baruch College (6),OMNY - Fair Fare,2,0
4/10/26 6:00,23 St-Baruch College (6),OMNY - Other,3,0
4/10/26 5:00,23 St-Baruch College (6),Metrocard - Unlimited 30-Day,1,0
4/10/26 5:00,23 St-Baruch College (6),OMNY - Fair Fare,3,1
4/10/26 5:00,23 St-Baruch College (6),OMNY - Other,3,0
4/10/26 5:00,23 St-Baruch College (6),OMNY - Full Fare,40,16
4/10/26 5:00,23 St-Baruch College (6),OMNY - Seniors & Disability,2,1
4/10/26 4:00,23 St-Baruch College (6),OMNY - Students,3,0
4/10/26 4:00,23 St-Baruch College (6),OMNY - Full Fare,9,0
4/10/26 4:00,23 St-Baruch College (6),OMNY - Fair Fare,1,0
4/10/26 3:00,23 St-Baruch College (6),Metrocard - Other,1,0
4/10/26 3:00,23 St-Baruch College (6),OMNY - Other,2,0
4/10/26 3:00,23 St-Baruch College (6),OMNY - Fair Fare,1,0
4/10/26 3:00,23 St-Baruch College (6),OMNY - Full Fare,20,0
4/10/26 2:00,23 St-Baruch College (6),OMNY - Full Fare,22,2
4/10/26 2:00,23 St-Baruch College (6),OMNY - Fair Fare,3,0
4/10/26 2:00,23 St-Baruch College (6),OMNY - Other,1,0
4/10/26 1:00,23 St-Baruch College (6),OMNY - Full Fare,39,0
4/10/26 1:00,23 St-Baruch College (6),OMNY - Fair Fare,1,0
4/10/26 1:00,23 St-Baruch College (6),OMNY - Other,1,0
4/10/26 1:00,23 St-Baruch College (6),OMNY - Students,3,0
4/10/26 0:00,23 St-Baruch College (6),OMNY - Seniors & Disability,4,0
4/10/26 0:00,23 St-Baruch College (6),OMNY - Full Fare,142,0
4/10/26 0:00,23 St-Baruch College (6),OMNY - Fair Fare,11,0
4/10/26 0:00,23 St-Baruch College (6),OMNY - Students,4,0
4/10/26 0:00,23 St-Baruch College (6),OMNY - Other,2,0
4/9/26 23:00,23 St-Baruch College (6),OMNY - Full Fare,316,8
4/9/26 23:00,23 St-Baruch College (6),OMNY - Seniors & Disability,17,1
4/9/26 23:00,23 St-Baruch College (6),Metrocard - Unlimited 30-Day,1,0
4/9/26 23:00,23 St-Baruch College (6),OMNY - Fair Fare,20,0
4/9/26 23:00,23 St-Baruch College (6),Metrocard - Other,3,0
4/9/26 23:00,23 St-Baruch College (6),OMNY - Other,3,0
4/9/26 23:00,23 St-Baruch College (6),OMNY - Students,12,0
4/9/26 22:00,23 St-Baruch College (6),OMNY - Other,9,0
4/9/26 22:00,23 St-Baruch College (6),OMNY - Fair Fare,27,1
4/9/26 22:00,23 St-Baruch College (6),OMNY - Students,13,0
4/9/26 22:00,23 St-Baruch College (6),OMNY - Seniors & Disability,27,1
4/9/26 22:00,23 St-Baruch College (6),Metrocard - Other,2,0
4/9/26 22:00,23 St-Baruch College (6),OMNY - Full Fare,390,3
4/9/26 22:00,23 St-Baruch College (6),Metrocard - Full Fare,1,0
4/9/26 21:00,23 St-Baruch College (6),OMNY - Fair Fare,28,0
4/9/26 21:00,23 St-Baruch College (6),OMNY - Seniors & Disability,22,2
4/9/26 21:00,23 St-Baruch College (6),OMNY - Full Fare,529,4
4/9/26 21:00,23 St-Baruch College (6),Metrocard - Unlimited 7-Day,1,0
4/9/26 21:00,23 St-Baruch College (6),OMNY - Other,5,0
4/9/26 21:00,23 St-Baruch College (6),OMNY - Students,13,1
4/9/26 21:00,23 St-Baruch College (6),Metrocard - Unlimited 30-Day,1,0
4/9/26 21:00,23 St-Baruch College (6),Metrocard - Other,4,0
4/9/26 20:00,23 St-Baruch College (6),OMNY - Full Fare,789,11
4/9/26 20:00,23 St-Baruch College (6),Metrocard - Other,4,0
4/9/26 20:00,23 St-Baruch College (6),OMNY - Students,25,1
4/9/26 20:00,23 St-Baruch College (6),OMNY - Other,15,0
4/9/26 20:00,23 St-Baruch College (6),OMNY - Seniors & Disability,48,6
4/9/26 20:00,23 St-Baruch College (6),OMNY - Fair Fare,30,1
4/9/26 19:00,23 St-Baruch College (6),OMNY - Full Fare,"1,096",28
4/9/26 19:00,23 St-Baruch College (6),OMNY - Other,16,0
4/9/26 19:00,23 St-Baruch College (6),OMNY - Students,25,0
4/9/26 19:00,23 St-Baruch College (6),OMNY - Fair Fare,37,1
4/9/26 19:00,23 St-Baruch College (6),Metrocard - Other,8,0
4/9/26 19:00,23 St-Baruch College (6),OMNY - Seniors & Disability,45,4
4/9/26 18:00,23 St-Baruch College (6),Metrocard - Unlimited 7-Day,1,0
4/9/26 18:00,23 St-Baruch College (6),OMNY - Seniors & Disability,76,9
4/9/26 18:00,23 St-Baruch College (6),Metrocard - Unlimited 30-Day,1,0
4/9/26 18:00,23 St-Baruch College (6),Metrocard - Other,7,0
4/9/26 18:00,23 St-Baruch College (6),OMNY - Full Fare,"1,626",51
4/9/26 18:00,23 St-Baruch College (6),OMNY - Other,19,0
4/9/26 18:00,23 St-Baruch College (6),OMNY - Students,33,2
4/9/26 18:00,23 St-Baruch College (6),OMNY - Fair Fare,40,3
4/9/26 17:00,23 St-Baruch College (6),Metrocard - Other,1,0
4/9/26 17:00,23 St-Baruch College (6),OMNY - Other,15,0
4/9/26 17:00,23 St-Baruch College (6),OMNY - Students,46,1
4/9/26 17:00,23 St-Baruch College (6),OMNY - Full Fare,"2,145",42
4/9/26 17:00,23 St-Baruch College (6),Metrocard - Unlimited 30-Day,3,0
4/9/26 17:00,23 St-Baruch College (6),OMNY - Seniors & Disability,92,11
4/9/26 17:00,23 St-Baruch College (6),OMNY - Fair Fare,75,2
4/9/26 16:00,23 St-Baruch College (6),OMNY - Other,25,0
4/9/26 16:00,23 St-Baruch College (6),OMNY - Seniors & Disability,103,16
4/9/26 16:00,23 St-Baruch College (6),Metrocard - Unlimited 7-Day,1,0
4/9/26 16:00,23 St-Baruch College (6),Metrocard - Other,8,0
4/9/26 16:00,23 St-Baruch College (6),OMNY - Fair Fare,69,4
4/9/26 16:00,23 St-Baruch College (6),OMNY - Students,88,2
4/9/26 16:00,23 St-Baruch College (6),Metrocard - Unlimited 30-Day,2,0
4/9/26 16:00,23 St-Baruch College (6),OMNY - Full Fare,"1,712",50
4/9/26 15:00,23 St-Baruch College (6),OMNY - Seniors & Disability,85,7
4/9/26 15:00,23 St-Baruch College (6),OMNY - Other,17,0
4/9/26 15:00,23 St-Baruch College (6),OMNY - Fair Fare,71,1
4/9/26 15:00,23 St-Baruch College (6),Metrocard - Seniors & Disability,1,0
4/9/26 15:00,23 St-Baruch College (6),Metrocard - Other,6,0
4/9/26 15:00,23 St-Baruch College (6),OMNY - Full Fare,"1,251",27
4/9/26 15:00,23 St-Baruch College (6),OMNY - Students,117,1
4/9/26 15:00,23 St-Baruch College (6),Metrocard - Unlimited 7-Day,1,0
4/9/26 15:00,23 St-Baruch College (6),Metrocard - Unlimited 30-Day,1,0
4/9/26 14:00,23 St-Baruch College (6),OMNY - Full Fare,871,19
4/9/26 14:00,23 St-Baruch College (6),OMNY - Other,14,0
4/9/26 14:00,23 St-Baruch College (6),OMNY - Seniors & Disability,92,5
4/9/26 14:00,23 St-Baruch College (6),OMNY - Fair Fare,39,2
4/9/26 14:00,23 St-Baruch College (6),Metrocard - Unlimited 30-Day,1,0
4/9/26 14:00,23 St-Baruch College (6),OMNY - Students,58,1
4/9/26 14:00,23 St-Baruch College (6),Metrocard - Other,5,0
4/9/26 13:00,23 St-Baruch College (6),Metrocard - Unlimited 30-Day,1,0
4/9/26 13:00,23 St-Baruch College (6),OMNY - Full Fare,742,30
4/9/26 13:00,23 St-Baruch College (6),OMNY - Students,30,2
4/9/26 13:00,23 St-Baruch College (6),OMNY - Other,15,0
4/9/26 13:00,23 St-Baruch College (6),OMNY - Seniors & Disability,76,12
4/9/26 13:00,23 St-Baruch College (6),Metrocard - Other,4,1
4/9/26 13:00,23 St-Baruch College (6),OMNY - Fair Fare,32,5
4/9/26 12:00,23 St-Baruch College (6),Metrocard - Unlimited 7-Day,1,0
4/9/26 12:00,23 St-Baruch College (6),OMNY - Other,6,0
4/9/26 12:00,23 St-Baruch College (6),OMNY - Students,22,2
4/9/26 12:00,23 St-Baruch College (6),OMNY - Full Fare,676,13
4/9/26 12:00,23 St-Baruch College (6),Metrocard - Other,3,0
4/9/26 12:00,23 St-Baruch College (6),OMNY - Fair Fare,40,3
4/9/26 12:00,23 St-Baruch College (6),OMNY - Seniors & Disability,73,10
4/9/26 11:00,23 St-Baruch College (6),OMNY - Seniors & Disability,58,6
4/9/26 11:00,23 St-Baruch College (6),OMNY - Students,26,1
4/9/26 11:00,23 St-Baruch College (6),Metrocard - Unlimited 7-Day,1,0
4/9/26 11:00,23 St-Baruch College (6),OMNY - Full Fare,615,19
4/9/26 11:00,23 St-Baruch College (6),OMNY - Other,9,0
4/9/26 11:00,23 St-Baruch College (6),OMNY - Fair Fare,32,1
4/9/26 10:00,23 St-Baruch College (6),OMNY - Students,16,1
4/9/26 10:00,23 St-Baruch College (6),OMNY - Fair Fare,14,0
4/9/26 10:00,23 St-Baruch College (6),OMNY - Other,11,0
4/9/26 10:00,23 St-Baruch College (6),OMNY - Seniors & Disability,56,7
4/9/26 10:00,23 St-Baruch College (6),OMNY - Full Fare,645,29
4/9/26 9:00,23 St-Baruch College (6),Metrocard - Other,1,0
4/9/26 9:00,23 St-Baruch College (6),OMNY - Students,14,1
4/9/26 9:00,23 St-Baruch College (6),OMNY - Full Fare,"1,010",58
4/9/26 9:00,23 St-Baruch College (6),OMNY - Seniors & Disability,47,7
4/9/26 9:00,23 St-Baruch College (6),Metrocard - Unlimited 30-Day,1,0
4/9/26 9:00,23 St-Baruch College (6),OMNY - Other,6,0
4/9/26 9:00,23 St-Baruch College (6),OMNY - Fair Fare,14,2
4/9/26 8:00,23 St-Baruch College (6),OMNY - Other,8,0
4/9/26 8:00,23 St-Baruch College (6),Metrocard - Other,1,0
4/9/26 8:00,23 St-Baruch College (6),OMNY - Students,25,1
4/9/26 8:00,23 St-Baruch College (6),OMNY - Seniors & Disability,39,6
4/9/26 8:00,23 St-Baruch College (6),OMNY - Fair Fare,20,2
4/9/26 8:00,23 St-Baruch College (6),OMNY - Full Fare,"1,355",90
4/9/26 8:00,23 St-Baruch College (6),Metrocard - Unlimited 30-Day,1,0
4/9/26 7:00,23 St-Baruch College (6),OMNY - Seniors & Disability,23,4
4/9/26 7:00,23 St-Baruch College (6),OMNY - Students,35,6
4/9/26 7:00,23 St-Baruch College (6),OMNY - Fair Fare,11,1
4/9/26 7:00,23 St-Baruch College (6),Metrocard - Other,2,0
4/9/26 7:00,23 St-Baruch College (6),OMNY - Full Fare,658,96
4/9/26 7:00,23 St-Baruch College (6),OMNY - Other,4,0
4/9/26 6:00,23 St-Baruch College (6),OMNY - Full Fare,207,45
4/9/26 6:00,23 St-Baruch College (6),OMNY - Students,2,0
4/9/26 6:00,23 St-Baruch College (6),OMNY - Fair Fare,4,0
4/9/26 6:00,23 St-Baruch College (6),OMNY - Seniors & Disability,14,2
4/9/26 6:00,23 St-Baruch College (6),OMNY - Other,2,0
4/9/26 6:00,23 St-Baruch College (6),Metrocard - Other,2,0
4/9/26 5:00,23 St-Baruch College (6),OMNY - Fair Fare,4,1
4/9/26 5:00,23 St-Baruch College (6),OMNY - Other,2,0
4/9/26 5:00,23 St-Baruch College (6),OMNY - Full Fare,44,14
4/9/26 5:00,23 St-Baruch College (6),OMNY - Seniors & Disability,3,2
4/9/26 5:00,23 St-Baruch College (6),Metrocard - Unlimited 30-Day,1,0
4/9/26 4:00,23 St-Baruch College (6),OMNY - Full Fare,20,0
4/9/26 4:00,23 St-Baruch College (6),Metrocard - Other,1,0
4/9/26 4:00,23 St-Baruch College (6),OMNY - Students,1,0
4/9/26 4:00,23 St-Baruch College (6),OMNY - Other,1,0
4/9/26 3:00,23 St-Baruch College (6),OMNY - Fair Fare,1,0
4/9/26 3:00,23 St-Baruch College (6),OMNY - Students,2,0
4/9/26 3:00,23 St-Baruch College (6),OMNY - Full Fare,7,0
4/9/26 2:00,23 St-Baruch College (6),OMNY - Full Fare,11,0
4/9/26 2:00,23 St-Baruch College (6),OMNY - Fair Fare,4,0
4/9/26 1:00,23 St-Baruch College (6),OMNY - Students,2,0
4/9/26 1:00,23 St-Baruch College (6),OMNY - Fair Fare,3,0
4/9/26 1:00,23 St-Baruch College (6),OMNY - Other,2,0
4/9/26 1:00,23 St-Baruch College (6),Metrocard - Unlimited 30-Day,1,0
4/9/26 1:00,23 St-Baruch College (6),OMNY - Full Fare,42,0
4/9/26 0:00,23 St-Baruch College (6),OMNY - Seniors & Disability,2,0
4/9/26 0:00,23 St-Baruch College (6),OMNY - Fair Fare,13,0
4/9/26 0:00,23 St-Baruch College (6),OMNY - Students,7,0
4/9/26 0:00,23 St-Baruch College (6),OMNY - Other,1,0
4/9/26 0:00,23 St-Baruch College (6),Metrocard - Unlimited 30-Day,1,0
4/9/26 0:00,23 St-Baruch College (6),OMNY - Full Fare,134,1
4/9/26 0:00,23 St-Baruch College (6),Metrocard - Other,1,0
4/8/26 23:00,23 St-Baruch College (6),OMNY - Full Fare,284,1
4/8/26 23:00,23 St-Baruch College (6),Metrocard - Full Fare,1,0
4/8/26 23:00,23 St-Baruch College (6),OMNY - Seniors & Disability,17,2
4/8/26 23:00,23 St-Baruch College (6),OMNY - Other,4,0
4/8/26 23:00,23 St-Baruch College (6),Metrocard - Other,1,0
4/8/26 23:00,23 St-Baruch College (6),OMNY - Fair Fare,17,0
4/8/26 23:00,23 St-Baruch College (6),OMNY - Students,17,0
4/8/26 23:00,23 St-Baruch College (6),Metrocard - Unlimited 30-Day,1,0
4/8/26 22:00,23 St-Baruch College (6),OMNY - Students,8,0
4/8/26 22:00,23 St-Baruch College (6),OMNY - Fair Fare,21,1
4/8/26 22:00,23 St-Baruch College (6),OMNY - Full Fare,381,12
4/8/26 22:00,23 St-Baruch College (6),OMNY - Other,10,0
4/8/26 22:00,23 St-Baruch College (6),OMNY - Seniors & Disability,17,1
4/8/26 21:00,23 St-Baruch College (6),OMNY - Fair Fare,23,1
4/8/26 21:00,23 St-Baruch College (6),Metrocard - Other,4,0
4/8/26 21:00,23 St-Baruch College (6),OMNY - Seniors & Disability,17,0
4/8/26 21:00,23 St-Baruch College (6),OMNY - Students,21,0
4/8/26 21:00,23 St-Baruch College (6),Metrocard - Unlimited 30-Day,2,0
4/8/26 21:00,23 St-Baruch College (6),OMNY - Other,8,0
4/8/26 21:00,23 St-Baruch College (6),OMNY - Full Fare,571,12
4/8/26 20:00,23 St-Baruch College (6),OMNY - Other,6,0
4/8/26 20:00,23 St-Baruch College (6),OMNY - Students,28,1
4/8/26 20:00,23 St-Baruch College (6),Metrocard - Full Fare,1,0
4/8/26 20:00,23 St-Baruch College (6),Metrocard - Other,5,0
4/8/26 20:00,23 St-Baruch College (6),OMNY - Full Fare,818,12
4/8/26 20:00,23 St-Baruch College (6),Metrocard - Unlimited 30-Day,1,0
4/8/26 20:00,23 St-Baruch College (6),OMNY - Fair Fare,24,2
4/8/26 20:00,23 St-Baruch College (6),OMNY - Seniors & Disability,43,2
4/8/26 19:00,23 St-Baruch College (6),OMNY - Students,27,2
4/8/26 19:00,23 St-Baruch College (6),OMNY - Seniors & Disability,39,7
4/8/26 19:00,23 St-Baruch College (6),Metrocard - Other,3,0
4/8/26 19:00,23 St-Baruch College (6),OMNY - Fair Fare,31,1
4/8/26 19:00,23 St-Baruch College (6),Metrocard - Unlimited 7-Day,1,0
4/8/26 19:00,23 St-Baruch College (6),OMNY - Other,10,0
4/8/26 19:00,23 St-Baruch College (6),OMNY - Full Fare,"1,054",23
4/8/26 18:00,23 St-Baruch College (6),OMNY - Other,23,0
4/8/26 18:00,23 St-Baruch College (6),OMNY - Fair Fare,44,0
4/8/26 18:00,23 St-Baruch College (6),OMNY - Students,49,3
4/8/26 18:00,23 St-Baruch College (6),OMNY - Seniors & Disability,67,4
4/8/26 18:00,23 St-Baruch College (6),Metrocard - Other,6,0
4/8/26 18:00,23 St-Baruch College (6),OMNY - Full Fare,"1,725",36
4/8/26 17:00,23 St-Baruch College (6),OMNY - Fair Fare,57,4
4/8/26 17:00,23 St-Baruch College (6),OMNY - Seniors & Disability,108,9
4/8/26 17:00,23 St-Baruch College (6),OMNY - Other,23,0
4/8/26 17:00,23 St-Baruch College (6),OMNY - Students,56,0
4/8/26 17:00,23 St-Baruch College (6),OMNY - Full Fare,"2,380",43
4/8/26 17:00,23 St-Baruch College (6),Metrocard - Other,9,0
4/8/26 17:00,23 St-Baruch College (6),Metrocard - Unlimited 30-Day,2,0
4/8/26 16:00,23 St-Baruch College (6),OMNY - Students,86,3
4/8/26 16:00,23 St-Baruch College (6),OMNY - Fair Fare,65,3
4/8/26 16:00,23 St-Baruch College (6),OMNY - Full Fare,"1,648",45
4/8/26 16:00,23 St-Baruch College (6),OMNY - Seniors & Disability,102,12
4/8/26 16:00,23 St-Baruch College (6),Metrocard - Unlimited 30-Day,3,0
4/8/26 16:00,23 St-Baruch College (6),Metrocard - Other,6,0
4/8/26 16:00,23 St-Baruch College (6),OMNY - Other,15,0
4/8/26 15:00,23 St-Baruch College (6),OMNY - Full Fare,"1,288",26
4/8/26 15:00,23 St-Baruch College (6),Metrocard - Seniors & Disability,1,0
4/8/26 15:00,23 St-Baruch College (6),Metrocard - Other,4,0
4/8/26 15:00,23 St-Baruch College (6),OMNY - Other,20,1
4/8/26 15:00,23 St-Baruch College (6),OMNY - Fair Fare,77,3
4/8/26 15:00,23 St-Baruch College (6),OMNY - Seniors & Disability,89,7
4/8/26 15:00,23 St-Baruch College (6),Metrocard - Unlimited 30-Day,5,0
4/8/26 15:00,23 St-Baruch College (6),OMNY - Students,82,5
4/8/26 14:00,23 St-Baruch College (6),Metrocard - Other,5,0
4/8/26 14:00,23 St-Baruch College (6),OMNY - Fair Fare,45,1
4/8/26 14:00,23 St-Baruch College (6),OMNY - Students,47,1
4/8/26 14:00,23 St-Baruch College (6),Metrocard - Unlimited 30-Day,1,0
4/8/26 14:00,23 St-Baruch College (6),OMNY - Seniors & Disability,82,17
4/8/26 14:00,23 St-Baruch College (6),OMNY - Full Fare,889,21
4/8/26 14:00,23 St-Baruch College (6),Metrocard - Unlimited 7-Day,1,0
4/8/26 14:00,23 St-Baruch College (6),OMNY - Other,16,0
4/8/26 13:00,23 St-Baruch College (6),Metrocard - Full Fare,1,0
4/8/26 13:00,23 St-Baruch College (6),OMNY - Seniors & Disability,82,8
4/8/26 13:00,23 St-Baruch College (6),OMNY - Other,14,0
4/8/26 13:00,23 St-Baruch College (6),Metrocard - Other,5,0
4/8/26 13:00,23 St-Baruch College (6),Metrocard - Unlimited 7-Day,1,0
4/8/26 13:00,23 St-Baruch College (6),OMNY - Full Fare,678,21
4/8/26 13:00,23 St-Baruch College (6),OMNY - Students,31,0
4/8/26 13:00,23 St-Baruch College (6),OMNY - Fair Fare,20,1
4/8/26 12:00,23 St-Baruch College (6),OMNY - Fair Fare,35,4
4/8/26 12:00,23 St-Baruch College (6),OMNY - Students,24,1
4/8/26 12:00,23 St-Baruch College (6),OMNY - Full Fare,689,19
4/8/26 12:00,23 St-Baruch College (6),OMNY - Other,8,1
4/8/26 12:00,23 St-Baruch College (6),Metrocard - Other,3,0
4/8/26 12:00,23 St-Baruch College (6),OMNY - Seniors & Disability,67,13
4/8/26 12:00,23 St-Baruch College (6),Metrocard - Unlimited 30-Day,2,0
4/8/26 11:00,23 St-Baruch College (6),OMNY - Students,20,1
4/8/26 11:00,23 St-Baruch College (6),Metrocard - Unlimited 30-Day,1,0
4/8/26 11:00,23 St-Baruch College (6),Metrocard - Other,1,0
4/8/26 11:00,23 St-Baruch College (6),OMNY - Seniors & Disability,59,9
4/8/26 11:00,23 St-Baruch College (6),OMNY - Other,14,0
4/8/26 11:00,23 St-Baruch College (6),OMNY - Full Fare,596,19
4/8/26 11:00,23 St-Baruch College (6),OMNY - Fair Fare,25,0
4/8/26 10:00,23 St-Baruch College (6),OMNY - Fair Fare,20,1
4/8/26 10:00,23 St-Baruch College (6),Metrocard - Other,3,0
4/8/26 10:00,23 St-Baruch College (6),OMNY - Full Fare,597,33
4/8/26 10:00,23 St-Baruch College (6),OMNY - Students,12,2
4/8/26 10:00,23 St-Baruch College (6),OMNY - Seniors & Disability,55,9
4/8/26 10:00,23 St-Baruch College (6),OMNY - Other,6,0
4/8/26 9:00,23 St-Baruch College (6),OMNY - Students,12,1
4/8/26 9:00,23 St-Baruch College (6),OMNY - Seniors & Disability,62,13
4/8/26 9:00,23 St-Baruch College (6),OMNY - Fair Fare,7,1
4/8/26 9:00,23 St-Baruch College (6),OMNY - Full Fare,"1,110",65
4/8/26 9:00,23 St-Baruch College (6),OMNY - Other,20,0
4/8/26 9:00,23 St-Baruch College (6),Metrocard - Unlimited 30-Day,1,0
4/8/26 9:00,23 St-Baruch College (6),Metrocard - Other,2,0
4/8/26 8:00,23 St-Baruch College (6),OMNY - Seniors & Disability,35,7
4/8/26 8:00,23 St-Baruch College (6),OMNY - Students,19,1
4/8/26 8:00,23 St-Baruch College (6),OMNY - Full Fare,"1,510",105
4/8/26 8:00,23 St-Baruch College (6),OMNY - Other,3,0
4/8/26 8:00,23 St-Baruch College (6),OMNY - Fair Fare,22,3
4/8/26 7:00,23 St-Baruch College (6),Metrocard - Other,2,0
4/8/26 7:00,23 St-Baruch College (6),OMNY - Fair Fare,8,2
4/8/26 7:00,23 St-Baruch College (6),OMNY - Seniors & Disability,23,6
4/8/26 7:00,23 St-Baruch College (6),OMNY - Students,38,3
4/8/26 7:00,23 St-Baruch College (6),OMNY - Full Fare,702,117
4/8/26 7:00,23 St-Baruch College (6),OMNY - Other,7,0
4/8/26 6:00,23 St-Baruch College (6),Metrocard - Other,2,0
4/8/26 6:00,23 St-Baruch College (6),OMNY - Fair Fare,2,0
4/8/26 6:00,23 St-Baruch College (6),OMNY - Seniors & Disability,7,1
4/8/26 6:00,23 St-Baruch College (6),OMNY - Full Fare,203,48
4/8/26 6:00,23 St-Baruch College (6),OMNY - Students,5,0
4/8/26 6:00,23 St-Baruch College (6),OMNY - Other,1,0
4/8/26 5:00,23 St-Baruch College (6),OMNY - Seniors & Disability,2,1
4/8/26 5:00,23 St-Baruch College (6),OMNY - Fair Fare,3,1
4/8/26 5:00,23 St-Baruch College (6),OMNY - Full Fare,37,14
4/8/26 5:00,23 St-Baruch College (6),Metrocard - Unlimited 30-Day,2,0
4/8/26 4:00,23 St-Baruch College (6),OMNY - Other,1,0
4/8/26 4:00,23 St-Baruch College (6),OMNY - Full Fare,11,1
4/8/26 4:00,23 St-Baruch College (6),Metrocard - Seniors & Disability,1,0
4/8/26 4:00,23 St-Baruch College (6),OMNY - Students,1,0
4/8/26 4:00,23 St-Baruch College (6),Metrocard - Other,1,0
4/8/26 4:00,23 St-Baruch College (6),OMNY - Fair Fare,1,0
4/8/26 3:00,23 St-Baruch College (6),OMNY - Fair Fare,1,0
4/8/26 3:00,23 St-Baruch College (6),OMNY - Other,3,0
4/8/26 3:00,23 St-Baruch College (6),OMNY - Full Fare,8,0
4/8/26 2:00,23 St-Baruch College (6),OMNY - Full Fare,19,0
4/8/26 2:00,23 St-Baruch College (6),OMNY - Other,1,0
4/8/26 1:00,23 St-Baruch College (6),OMNY - Full Fare,35,0
4/8/26 1:00,23 St-Baruch College (6),OMNY - Students,3,0
4/8/26 1:00,23 St-Baruch College (6),OMNY - Other,4,0
4/8/26 1:00,23 St-Baruch College (6),OMNY - Fair Fare,3,0
4/8/26 0:00,23 St-Baruch College (6),OMNY - Fair Fare,14,0
4/8/26 0:00,23 St-Baruch College (6),OMNY - Students,5,0
4/8/26 0:00,23 St-Baruch College (6),OMNY - Seniors & Disability,3,0
4/8/26 0:00,23 St-Baruch College (6),OMNY - Other,4,0
4/8/26 0:00,23 St-Baruch College (6),OMNY - Full Fare,120,0
4/7/26 23:00,23 St-Baruch College (6),Metrocard - Unlimited 30-Day,1,0
4/7/26 23:00,23 St-Baruch College (6),OMNY - Fair Fare,11,0
4/7/26 23:00,23 St-Baruch College (6),Metrocard - Other,2,0
4/7/26 23:00,23 St-Baruch College (6),Metrocard - Seniors & Disability,1,0
4/7/26 23:00,23 St-Baruch College (6),OMNY - Other,2,0
4/7/26 23:00,23 St-Baruch College (6),OMNY - Full Fare,227,3
4/7/26 23:00,23 St-Baruch College (6),OMNY - Students,12,0
4/7/26 23:00,23 St-Baruch College (6),OMNY - Seniors & Disability,10,1
4/7/26 22:00,23 St-Baruch College (6),OMNY - Fair Fare,19,0
4/7/26 22:00,23 St-Baruch College (6),Metrocard - Other,1,0
4/7/26 22:00,23 St-Baruch College (6),OMNY - Other,8,0
4/7/26 22:00,23 St-Baruch College (6),OMNY - Students,8,0
4/7/26 22:00,23 St-Baruch College (6),OMNY - Full Fare,355,5
4/7/26 22:00,23 St-Baruch College (6),OMNY - Seniors & Disability,19,0
4/7/26 21:00,23 St-Baruch College (6),OMNY - Seniors & Disability,21,0
4/7/26 21:00,23 St-Baruch College (6),Metrocard - Other,3,0
4/7/26 21:00,23 St-Baruch College (6),OMNY - Full Fare,606,8
4/7/26 21:00,23 St-Baruch College (6),OMNY - Fair Fare,32,1
4/7/26 21:00,23 St-Baruch College (6),Metrocard - Unlimited 30-Day,1,0
4/7/26 21:00,23 St-Baruch College (6),OMNY - Students,13,0
4/7/26 21:00,23 St-Baruch College (6),OMNY - Other,13,0
4/7/26 20:00,23 St-Baruch College (6),OMNY - Seniors & Disability,37,7
4/7/26 20:00,23 St-Baruch College (6),OMNY - Fair Fare,34,0
4/7/26 20:00,23 St-Baruch College (6),OMNY - Students,32,2
4/7/26 20:00,23 St-Baruch College (6),Metrocard - Unlimited 30-Day,1,0
4/7/26 20:00,23 St-Baruch College (6),Metrocard - Other,8,0
4/7/26 20:00,23 St-Baruch College (6),OMNY - Full Fare,754,11
4/7/26 20:00,23 St-Baruch College (6),OMNY - Other,19,0
4/7/26 19:00,23 St-Baruch College (6),Metrocard - Other,2,0
4/7/26 19:00,23 St-Baruch College (6),OMNY - Students,34,0
4/7/26 19:00,23 St-Baruch College (6),OMNY - Seniors & Disability,37,4
4/7/26 19:00,23 St-Baruch College (6),OMNY - Full Fare,964,26
4/7/26 19:00,23 St-Baruch College (6),OMNY - Fair Fare,30,1
4/7/26 19:00,23 St-Baruch College (6),OMNY - Other,30,0
4/7/26 18:00,23 St-Baruch College (6),OMNY - Fair Fare,49,1
4/7/26 18:00,23 St-Baruch College (6),OMNY - Seniors & Disability,62,7
4/7/26 18:00,23 St-Baruch College (6),OMNY - Students,55,1
4/7/26 18:00,23 St-Baruch College (6),Metrocard - Other,10,0
4/7/26 18:00,23 St-Baruch College (6),OMNY - Other,18,1
4/7/26 18:00,23 St-Baruch College (6),OMNY - Full Fare,"1,726",37
4/7/26 18:00,23 St-Baruch College (6),Metrocard - Unlimited 30-Day,2,0
4/7/26 17:00,23 St-Baruch College (6),Metrocard - Unlimited 30-Day,2,0
4/7/26 17:00,23 St-Baruch College (6),OMNY - Fair Fare,60,1
4/7/26 17:00,23 St-Baruch College (6),Metrocard - Other,2,0
4/7/26 17:00,23 St-Baruch College (6),OMNY - Students,58,3
4/7/26 17:00,23 St-Baruch College (6),OMNY - Other,15,0
4/7/26 17:00,23 St-Baruch College (6),OMNY - Full Fare,"2,284",45
4/7/26 17:00,23 St-Baruch College (6),OMNY - Seniors & Disability,95,12
4/7/26 16:00,23 St-Baruch College (6),Metrocard - Unlimited 7-Day,1,0
4/7/26 16:00,23 St-Baruch College (6),OMNY - Students,98,2
4/7/26 16:00,23 St-Baruch College (6),Metrocard - Full Fare,1,0
4/7/26 16:00,23 St-Baruch College (6),Metrocard - Other,8,0
4/7/26 16:00,23 St-Baruch College (6),OMNY - Seniors & Disability,101,11
4/7/26 16:00,23 St-Baruch College (6),OMNY - Other,17,0
4/7/26 16:00,23 St-Baruch College (6),OMNY - Fair Fare,78,1
4/7/26 16:00,23 St-Baruch College (6),Metrocard - Unlimited 30-Day,2,0
4/7/26 16:00,23 St-Baruch College (6),OMNY - Full Fare,"1,704",51
4/7/26 15:00,23 St-Baruch College (6),Metrocard - Unlimited 30-Day,2,0
4/7/26 15:00,23 St-Baruch College (6),Metrocard - Unlimited 7-Day,2,0
4/7/26 15:00,23 St-Baruch College (6),OMNY - Seniors & Disability,99,12
4/7/26 15:00,23 St-Baruch College (6),OMNY - Other,25,0
4/7/26 15:00,23 St-Baruch College (6),Metrocard - Seniors & Disability,1,0
4/7/26 15:00,23 St-Baruch College (6),OMNY - Full Fare,"1,254",29
4/7/26 15:00,23 St-Baruch College (6),Metrocard - Other,3,0
4/7/26 15:00,23 St-Baruch College (6),OMNY - Students,90,5
4/7/26 15:00,23 St-Baruch College (6),OMNY - Fair Fare,69,1
4/7/26 14:00,23 St-Baruch College (6),OMNY - Fair Fare,37,1
4/7/26 14:00,23 St-Baruch College (6),Metrocard - Other,11,0
4/7/26 14:00,23 St-Baruch College (6),OMNY - Other,20,0
4/7/26 14:00,23 St-Baruch College (6),Metrocard - Unlimited 30-Day,1,0
4/7/26 14:00,23 St-Baruch College (6),OMNY - Students,31,0
4/7/26 14:00,23 St-Baruch College (6),OMNY - Seniors & Disability,92,13
4/7/26 14:00,23 St-Baruch College (6),OMNY - Full Fare,927,20
4/7/26 13:00,23 St-Baruch College (6),OMNY - Full Fare,647,22
4/7/26 13:00,23 St-Baruch College (6),OMNY - Fair Fare,34,0
4/7/26 13:00,23 St-Baruch College (6),OMNY - Seniors & Disability,89,14
4/7/26 13:00,23 St-Baruch College (6),OMNY - Other,12,1
4/7/26 13:00,23 St-Baruch College (6),Metrocard - Unlimited 30-Day,1,0
4/7/26 13:00,23 St-Baruch College (6),Metrocard - Other,2,0
4/7/26 13:00,23 St-Baruch College (6),OMNY - Students,30,3
4/7/26 12:00,23 St-Baruch College (6),OMNY - Full Fare,600,19
4/7/26 12:00,23 St-Baruch College (6),OMNY - Other,15,0
4/7/26 12:00,23 St-Baruch College (6),Metrocard - Full Fare,1,0
4/7/26 12:00,23 St-Baruch College (6),OMNY - Students,28,1
4/7/26 12:00,23 St-Baruch College (6),Metrocard - Other,2,0
4/7/26 12:00,23 St-Baruch College (6),OMNY - Fair Fare,26,1
4/7/26 12:00,23 St-Baruch College (6),OMNY - Seniors & Disability,76,12
4/7/26 11:00,23 St-Baruch College (6),OMNY - Other,11,0
4/7/26 11:00,23 St-Baruch College (6),OMNY - Fair Fare,18,2
4/7/26 11:00,23 St-Baruch College (6),Metrocard - Other,6,0
4/7/26 11:00,23 St-Baruch College (6),OMNY - Seniors & Disability,76,7
4/7/26 11:00,23 St-Baruch College (6),OMNY - Students,21,0
4/7/26 11:00,23 St-Baruch College (6),OMNY - Full Fare,588,19
4/7/26 10:00,23 St-Baruch College (6),OMNY - Seniors & Disability,56,13
4/7/26 10:00,23 St-Baruch College (6),OMNY - Other,4,0
4/7/26 10:00,23 St-Baruch College (6),Metrocard - Unlimited 30-Day,1,0
4/7/26 10:00,23 St-Baruch College (6),Metrocard - Other,4,1
4/7/26 10:00,23 St-Baruch College (6),OMNY - Students,12,0
4/7/26 10:00,23 St-Baruch College (6),OMNY - Fair Fare,21,1
4/7/26 10:00,23 St-Baruch College (6),OMNY - Full Fare,569,24
4/7/26 9:00,23 St-Baruch College (6),Metrocard - Other,1,0
4/7/26 9:00,23 St-Baruch College (6),OMNY - Full Fare,"1,038",63
4/7/26 9:00,23 St-Baruch College (6),OMNY - Fair Fare,11,2
4/7/26 9:00,23 St-Baruch College (6),OMNY - Students,17,0
4/7/26 9:00,23 St-Baruch College (6),Metrocard - Unlimited 30-Day,1,0
4/7/26 9:00,23 St-Baruch College (6),OMNY - Other,7,0
4/7/26 9:00,23 St-Baruch College (6),OMNY - Seniors & Disability,55,10
4/7/26 8:00,23 St-Baruch College (6),OMNY - Other,13,0
4/7/26 8:00,23 St-Baruch College (6),Metrocard - Other,2,0
4/7/26 8:00,23 St-Baruch College (6),OMNY - Fair Fare,17,5
4/7/26 8:00,23 St-Baruch College (6),OMNY - Students,23,2
4/7/26 8:00,23 St-Baruch College (6),OMNY - Seniors & Disability,41,11
4/7/26 8:00,23 St-Baruch College (6),OMNY - Full Fare,"1,460",97
4/7/26 7:00,23 St-Baruch College (6),OMNY - Full Fare,694,98
4/7/26 7:00,23 St-Baruch College (6),OMNY - Fair Fare,4,0
4/7/26 7:00,23 St-Baruch College (6),OMNY - Students,35,1
4/7/26 7:00,23 St-Baruch College (6),OMNY - Seniors & Disability,31,7
4/7/26 7:00,23 St-Baruch College (6),OMNY - Other,10,0
4/7/26 7:00,23 St-Baruch College (6),Metrocard - Other,6,0
4/7/26 6:00,23 St-Baruch College (6),OMNY - Fair Fare,4,0
4/7/26 6:00,23 St-Baruch College (6),OMNY - Seniors & Disability,10,4
4/7/26 6:00,23 St-Baruch College (6),OMNY - Students,3,0
4/7/26 6:00,23 St-Baruch College (6),Metrocard - Other,3,0
4/7/26 6:00,23 St-Baruch College (6),OMNY - Full Fare,189,43
4/7/26 6:00,23 St-Baruch College (6),OMNY - Other,2,0
4/7/26 5:00,23 St-Baruch College (6),OMNY - Seniors & Disability,3,1
4/7/26 5:00,23 St-Baruch College (6),OMNY - Fair Fare,3,1
4/7/26 5:00,23 St-Baruch College (6),OMNY - Full Fare,46,14
4/7/26 5:00,23 St-Baruch College (6),Metrocard - Unlimited 30-Day,1,0
4/7/26 4:00,23 St-Baruch College (6),OMNY - Students,1,0
4/7/26 4:00,23 St-Baruch College (6),OMNY - Other,1,0
4/7/26 4:00,23 St-Baruch College (6),OMNY - Full Fare,15,1
4/7/26 3:00,23 St-Baruch College (6),OMNY - Full Fare,8,0
4/7/26 3:00,23 St-Baruch College (6),OMNY - Other,2,0
4/7/26 3:00,23 St-Baruch College (6),OMNY - Seniors & Disability,1,0
4/7/26 3:00,23 St-Baruch College (6),OMNY - Fair Fare,1,0
4/7/26 2:00,23 St-Baruch College (6),OMNY - Full Fare,18,0
4/7/26 2:00,23 St-Baruch College (6),OMNY - Fair Fare,1,0
4/7/26 2:00,23 St-Baruch College (6),OMNY - Seniors & Disability,1,0
4/7/26 2:00,23 St-Baruch College (6),OMNY - Other,3,0
4/7/26 1:00,23 St-Baruch College (6),OMNY - Full Fare,47,0
4/7/26 1:00,23 St-Baruch College (6),OMNY - Students,4,0
4/7/26 0:00,23 St-Baruch College (6),OMNY - Other,1,0
4/7/26 0:00,23 St-Baruch College (6),OMNY - Seniors & Disability,2,0
4/7/26 0:00,23 St-Baruch College (6),OMNY - Full Fare,111,1
4/7/26 0:00,23 St-Baruch College (6),OMNY - Fair Fare,10,0
4/7/26 0:00,23 St-Baruch College (6),OMNY - Students,6,0
4/6/26 23:00,23 St-Baruch College (6),OMNY - Full Fare,227,2
4/6/26 23:00,23 St-Baruch College (6),OMNY - Students,10,0
4/6/26 23:00,23 St-Baruch College (6),OMNY - Other,6,0
4/6/26 23:00,23 St-Baruch College (6),OMNY - Fair Fare,13,0
4/6/26 23:00,23 St-Baruch College (6),Metrocard - Other,1,0
4/6/26 23:00,23 St-Baruch College (6),OMNY - Seniors & Disability,8,0
4/6/26 22:00,23 St-Baruch College (6),OMNY - Other,9,0
4/6/26 22:00,23 St-Baruch College (6),OMNY - Students,9,0
4/6/26 22:00,23 St-Baruch College (6),OMNY - Fair Fare,21,0
4/6/26 22:00,23 St-Baruch College (6),OMNY - Full Fare,284,3
4/6/26 22:00,23 St-Baruch College (6),OMNY - Seniors & Disability,14,0
4/6/26 21:00,23 St-Baruch College (6),OMNY - Students,22,0
4/6/26 21:00,23 St-Baruch College (6),Metrocard - Other,2,0
4/6/26 21:00,23 St-Baruch College (6),OMNY - Seniors & Disability,22,1
4/6/26 21:00,23 St-Baruch College (6),Metrocard - Unlimited 30-Day,1,0
4/6/26 21:00,23 St-Baruch College (6),OMNY - Full Fare,453,9
4/6/26 21:00,23 St-Baruch College (6),OMNY - Other,8,0
4/6/26 21:00,23 St-Baruch College (6),OMNY - Fair Fare,22,0
4/6/26 20:00,23 St-Baruch College (6),Metrocard - Other,5,0
4/6/26 20:00,23 St-Baruch College (6),OMNY - Full Fare,644,12
4/6/26 20:00,23 St-Baruch College (6),OMNY - Students,20,0
4/6/26 20:00,23 St-Baruch College (6),OMNY - Seniors & Disability,31,3
4/6/26 20:00,23 St-Baruch College (6),OMNY - Other,8,0
4/6/26 20:00,23 St-Baruch College (6),Metrocard - Unlimited 30-Day,1,0
4/6/26 20:00,23 St-Baruch College (6),OMNY - Fair Fare,37,0
4/6/26 19:00,23 St-Baruch College (6),OMNY - Fair Fare,31,1
4/6/26 19:00,23 St-Baruch College (6),Metrocard - Other,3,0
4/6/26 19:00,23 St-Baruch College (6),OMNY - Students,33,1
4/6/26 19:00,23 St-Baruch College (6),OMNY - Other,9,0
4/6/26 19:00,23 St-Baruch College (6),OMNY - Seniors & Disability,35,5
4/6/26 19:00,23 St-Baruch College (6),OMNY - Full Fare,781,15
4/6/26 18:00,23 St-Baruch College (6),OMNY - Other,14,0
4/6/26 18:00,23 St-Baruch College (6),Metrocard - Unlimited 30-Day,3,0
4/6/26 18:00,23 St-Baruch College (6),OMNY - Fair Fare,32,1
4/6/26 18:00,23 St-Baruch College (6),OMNY - Full Fare,"1,341",31
4/6/26 18:00,23 St-Baruch College (6),OMNY - Seniors & Disability,54,5
4/6/26 18:00,23 St-Baruch College (6),OMNY - Students,39,1
4/6/26 18:00,23 St-Baruch College (6),Metrocard - Other,10,0
4/6/26 17:00,23 St-Baruch College (6),OMNY - Seniors & Disability,71,6
4/6/26 17:00,23 St-Baruch College (6),OMNY - Fair Fare,55,4
4/6/26 17:00,23 St-Baruch College (6),OMNY - Students,66,0
4/6/26 17:00,23 St-Baruch College (6),OMNY - Other,16,0
4/6/26 17:00,23 St-Baruch College (6),OMNY - Full Fare,"1,796",38
4/6/26 17:00,23 St-Baruch College (6),Metrocard - Unlimited 30-Day,2,0
4/6/26 17:00,23 St-Baruch College (6),Metrocard - Other,3,0
4/6/26 16:00,23 St-Baruch College (6),OMNY - Students,79,1
4/6/26 16:00,23 St-Baruch College (6),OMNY - Other,14,0
4/6/26 16:00,23 St-Baruch College (6),OMNY - Full Fare,"1,455",41
4/6/26 16:00,23 St-Baruch College (6),Metrocard - Other,8,1
4/6/26 16:00,23 St-Baruch College (6),OMNY - Fair Fare,70,3
4/6/26 16:00,23 St-Baruch College (6),OMNY - Seniors & Disability,97,7
4/6/26 16:00,23 St-Baruch College (6),Metrocard - Unlimited 7-Day,2,0
4/6/26 15:00,23 St-Baruch College (6),OMNY - Fair Fare,66,4
4/6/26 15:00,23 St-Baruch College (6),Metrocard - Other,3,0
4/6/26 15:00,23 St-Baruch College (6),OMNY - Seniors & Disability,73,6
4/6/26 15:00,23 St-Baruch College (6),Metrocard - Seniors & Disability,1,0
4/6/26 15:00,23 St-Baruch College (6),Metrocard - Unlimited 30-Day,1,0
4/6/26 15:00,23 St-Baruch College (6),OMNY - Students,88,3
4/6/26 15:00,23 St-Baruch College (6),OMNY - Full Fare,"1,107",28
4/6/26 15:00,23 St-Baruch College (6),OMNY - Other,11,0
4/6/26 14:00,23 St-Baruch College (6),OMNY - Full Fare,748,24
4/6/26 14:00,23 St-Baruch College (6),OMNY - Other,23,0
4/6/26 14:00,23 St-Baruch College (6),Metrocard - Unlimited 30-Day,1,0
4/6/26 14:00,23 St-Baruch College (6),OMNY - Students,36,2
4/6/26 14:00,23 St-Baruch College (6),OMNY - Seniors & Disability,87,10
4/6/26 14:00,23 St-Baruch College (6),OMNY - Fair Fare,39,0
4/6/26 14:00,23 St-Baruch College (6),Metrocard - Other,5,0
4/6/26 13:00,23 St-Baruch College (6),Metrocard - Seniors & Disability,1,0
4/6/26 13:00,23 St-Baruch College (6),OMNY - Full Fare,588,17
4/6/26 13:00,23 St-Baruch College (6),OMNY - Students,31,3
4/6/26 13:00,23 St-Baruch College (6),Metrocard - Full Fare,1,0
4/6/26 13:00,23 St-Baruch College (6),Metrocard - Unlimited 30-Day,1,0
4/6/26 13:00,23 St-Baruch College (6),OMNY - Fair Fare,33,3
4/6/26 13:00,23 St-Baruch College (6),OMNY - Seniors & Disability,60,5
4/6/26 13:00,23 St-Baruch College (6),Metrocard - Other,4,0
4/6/26 13:00,23 St-Baruch College (6),OMNY - Other,10,0
4/6/26 12:00,23 St-Baruch College (6),OMNY - Students,26,2
4/6/26 12:00,23 St-Baruch College (6),Metrocard - Unlimited 7-Day,1,0
4/6/26 12:00,23 St-Baruch College (6),OMNY - Seniors & Disability,66,8
4/6/26 12:00,23 St-Baruch College (6),Metrocard - Other,4,0
4/6/26 12:00,23 St-Baruch College (6),OMNY - Other,17,1
4/6/26 12:00,23 St-Baruch College (6),OMNY - Fair Fare,25,1
4/6/26 12:00,23 St-Baruch College (6),Metrocard - Unlimited 30-Day,1,0
4/6/26 12:00,23 St-Baruch College (6),OMNY - Full Fare,552,16
4/6/26 11:00,23 St-Baruch College (6),OMNY - Other,10,0
4/6/26 11:00,23 St-Baruch College (6),OMNY - Seniors & Disability,55,6
4/6/26 11:00,23 St-Baruch College (6),Metrocard - Other,4,0
4/6/26 11:00,23 St-Baruch College (6),OMNY - Fair Fare,18,3
4/6/26 11:00,23 St-Baruch College (6),Metrocard - Unlimited 30-Day,1,0
4/6/26 11:00,23 St-Baruch College (6),OMNY - Students,12,0
4/6/26 11:00,23 St-Baruch College (6),OMNY - Full Fare,488,16
4/6/26 10:00,23 St-Baruch College (6),OMNY - Fair Fare,20,1
4/6/26 10:00,23 St-Baruch College (6),OMNY - Students,15,2
4/6/26 10:00,23 St-Baruch College (6),OMNY - Seniors & Disability,56,12
4/6/26 10:00,23 St-Baruch College (6),Metrocard - Other,1,0
4/6/26 10:00,23 St-Baruch College (6),OMNY - Full Fare,530,23
4/6/26 10:00,23 St-Baruch College (6),OMNY - Other,6,0
4/6/26 9:00,23 St-Baruch College (6),Metrocard - Other,1,0
4/6/26 9:00,23 St-Baruch College (6),OMNY - Students,14,0
4/6/26 9:00,23 St-Baruch College (6),OMNY - Full Fare,831,44
4/6/26 9:00,23 St-Baruch College (6),OMNY - Seniors & Disability,42,10
4/6/26 9:00,23 St-Baruch College (6),OMNY - Other,9,0
4/6/26 9:00,23 St-Baruch College (6),OMNY - Fair Fare,9,0
4/6/26 8:00,23 St-Baruch College (6),OMNY - Fair Fare,12,2
4/6/26 8:00,23 St-Baruch College (6),Metrocard - Other,1,0
4/6/26 8:00,23 St-Baruch College (6),OMNY - Seniors & Disability,34,5
4/6/26 8:00,23 St-Baruch College (6),Metrocard - Unlimited 30-Day,1,0
4/6/26 8:00,23 St-Baruch College (6),OMNY - Full Fare,"1,162",88
4/6/26 8:00,23 St-Baruch College (6),OMNY - Students,17,0
4/6/26 8:00,23 St-Baruch College (6),OMNY - Other,8,0
4/6/26 7:00,23 St-Baruch College (6),Metrocard - Other,4,0
4/6/26 7:00,23 St-Baruch College (6),OMNY - Students,26,4
4/6/26 7:00,23 St-Baruch College (6),OMNY - Seniors & Disability,21,3
4/6/26 7:00,23 St-Baruch College (6),OMNY - Fair Fare,6,0
4/6/26 7:00,23 St-Baruch College (6),OMNY - Full Fare,586,86
4/6/26 7:00,23 St-Baruch College (6),OMNY - Other,6,0
4/6/26 6:00,23 St-Baruch College (6),OMNY - Other,6,0
4/6/26 6:00,23 St-Baruch College (6),OMNY - Full Fare,190,46
4/6/26 6:00,23 St-Baruch College (6),OMNY - Fair Fare,1,0
4/6/26 6:00,23 St-Baruch College (6),OMNY - Students,3,0
4/6/26 6:00,23 St-Baruch College (6),OMNY - Seniors & Disability,6,2
4/6/26 6:00,23 St-Baruch College (6),Metrocard - Other,4,0
4/6/26 5:00,23 St-Baruch College (6),OMNY - Full Fare,35,13
4/6/26 5:00,23 St-Baruch College (6),OMNY - Fair Fare,5,1
4/6/26 5:00,23 St-Baruch College (6),OMNY - Students,1,0
4/6/26 5:00,23 St-Baruch College (6),OMNY - Seniors & Disability,6,3
4/6/26 5:00,23 St-Baruch College (6),OMNY - Other,1,0
4/6/26 4:00,23 St-Baruch College (6),Metrocard - Other,1,0
4/6/26 4:00,23 St-Baruch College (6),OMNY - Full Fare,8,0
4/6/26 4:00,23 St-Baruch College (6),OMNY - Other,2,0
4/6/26 4:00,23 St-Baruch College (6),OMNY - Fair Fare,1,0
4/6/26 3:00,23 St-Baruch College (6),Metrocard - Other,1,0
4/6/26 3:00,23 St-Baruch College (6),OMNY - Students,2,0
4/6/26 3:00,23 St-Baruch College (6),OMNY - Full Fare,10,0
4/6/26 3:00,23 St-Baruch College (6),OMNY - Fair Fare,1,0
4/6/26 3:00,23 St-Baruch College (6),OMNY - Other,4,0
4/6/26 2:00,23 St-Baruch College (6),OMNY - Full Fare,8,0
4/6/26 2:00,23 St-Baruch College (6),OMNY - Other,2,0
4/6/26 1:00,23 St-Baruch College (6),OMNY - Fair Fare,1,0
4/6/26 1:00,23 St-Baruch College (6),OMNY - Full Fare,32,2
4/6/26 1:00,23 St-Baruch College (6),OMNY - Students,1,0
4/6/26 1:00,23 St-Baruch College (6),OMNY - Other,2,0
4/6/26 0:00,23 St-Baruch College (6),OMNY - Other,4,0
4/6/26 0:00,23 St-Baruch College (6),Metrocard - Other,1,0
4/6/26 0:00,23 St-Baruch College (6),OMNY - Seniors & Disability,3,0
4/6/26 0:00,23 St-Baruch College (6),OMNY - Fair Fare,5,1
4/6/26 0:00,23 St-Baruch College (6),OMNY - Full Fare,65,1
4/6/26 0:00,23 St-Baruch College (6),OMNY - Students,4,0
4/5/26 23:00,23 St-Baruch College (6),OMNY - Fair Fare,3,0
4/5/26 23:00,23 St-Baruch College (6),OMNY - Seniors & Disability,4,0
4/5/26 23:00,23 St-Baruch College (6),OMNY - Students,7,0
4/5/26 23:00,23 St-Baruch College (6),OMNY - Full Fare,118,1
4/5/26 23:00,23 St-Baruch College (6),OMNY - Other,6,0
4/5/26 22:00,23 St-Baruch College (6),OMNY - Other,4,0
4/5/26 22:00,23 St-Baruch College (6),OMNY - Students,11,0
4/5/26 22:00,23 St-Baruch College (6),OMNY - Fair Fare,9,0
4/5/26 22:00,23 St-Baruch College (6),OMNY - Full Fare,212,3
4/5/26 22:00,23 St-Baruch College (6),OMNY - Seniors & Disability,3,0
4/5/26 21:00,23 St-Baruch College (6),OMNY - Other,5,0
4/5/26 21:00,23 St-Baruch College (6),OMNY - Students,5,0
4/5/26 21:00,23 St-Baruch College (6),OMNY - Full Fare,207,4
4/5/26 21:00,23 St-Baruch College (6),Metrocard - Unlimited 30-Day,1,0
4/5/26 21:00,23 St-Baruch College (6),OMNY - Fair Fare,13,2
4/5/26 21:00,23 St-Baruch College (6),OMNY - Seniors & Disability,3,0
4/5/26 20:00,23 St-Baruch College (6),OMNY - Seniors & Disability,7,3
4/5/26 20:00,23 St-Baruch College (6),OMNY - Fair Fare,8,0
4/5/26 20:00,23 St-Baruch College (6),Metrocard - Other,1,0
4/5/26 20:00,23 St-Baruch College (6),OMNY - Students,4,0
4/5/26 20:00,23 St-Baruch College (6),OMNY - Full Fare,309,12
4/5/26 19:00,23 St-Baruch College (6),Metrocard - Unlimited 30-Day,1,0
4/5/26 19:00,23 St-Baruch College (6),OMNY - Full Fare,314,16
4/5/26 19:00,23 St-Baruch College (6),OMNY - Seniors & Disability,14,4
4/5/26 19:00,23 St-Baruch College (6),OMNY - Students,5,0
4/5/26 19:00,23 St-Baruch College (6),OMNY - Other,3,0
4/5/26 19:00,23 St-Baruch College (6),OMNY - Fair Fare,21,1
4/5/26 18:00,23 St-Baruch College (6),OMNY - Seniors & Disability,13,0
4/5/26 18:00,23 St-Baruch College (6),OMNY - Other,7,0
4/5/26 18:00,23 St-Baruch College (6),OMNY - Students,13,1
4/5/26 18:00,23 St-Baruch College (6),OMNY - Full Fare,356,3
4/5/26 18:00,23 St-Baruch College (6),OMNY - Fair Fare,10,3
4/5/26 17:00,23 St-Baruch College (6),OMNY - Other,7,0
4/5/26 17:00,23 St-Baruch College (6),OMNY - Students,12,0
4/5/26 17:00,23 St-Baruch College (6),Metrocard - Other,1,0
4/5/26 17:00,23 St-Baruch College (6),OMNY - Full Fare,418,16
4/5/26 17:00,23 St-Baruch College (6),OMNY - Seniors & Disability,20,1
4/5/26 17:00,23 St-Baruch College (6),OMNY - Fair Fare,11,3
4/5/26 16:00,23 St-Baruch College (6),OMNY - Other,5,0
4/5/26 16:00,23 St-Baruch College (6),OMNY - Seniors & Disability,21,2
4/5/26 16:00,23 St-Baruch College (6),OMNY - Fair Fare,16,2
4/5/26 16:00,23 St-Baruch College (6),OMNY - Students,14,0
4/5/26 16:00,23 St-Baruch College (6),Metrocard - Other,1,0
4/5/26 16:00,23 St-Baruch College (6),OMNY - Full Fare,446,12
4/5/26 15:00,23 St-Baruch College (6),OMNY - Other,4,0
4/5/26 15:00,23 St-Baruch College (6),OMNY - Fair Fare,18,1
4/5/26 15:00,23 St-Baruch College (6),OMNY - Students,18,0
4/5/26 15:00,23 St-Baruch College (6),OMNY - Seniors & Disability,19,0
4/5/26 15:00,23 St-Baruch College (6),Metrocard - Other,1,0
4/5/26 15:00,23 St-Baruch College (6),OMNY - Full Fare,515,15
4/5/26 14:00,23 St-Baruch College (6),Metrocard - Unlimited 30-Day,1,0
4/5/26 14:00,23 St-Baruch College (6),OMNY - Full Fare,505,11
4/5/26 14:00,23 St-Baruch College (6),OMNY - Fair Fare,11,0
4/5/26 14:00,23 St-Baruch College (6),OMNY - Students,10,2
4/5/26 14:00,23 St-Baruch College (6),OMNY - Other,13,0
4/5/26 14:00,23 St-Baruch College (6),OMNY - Seniors & Disability,24,2
4/5/26 14:00,23 St-Baruch College (6),Metrocard - Other,1,0
4/5/26 13:00,23 St-Baruch College (6),OMNY - Full Fare,538,16
4/5/26 13:00,23 St-Baruch College (6),OMNY - Seniors & Disability,25,2
4/5/26 13:00,23 St-Baruch College (6),OMNY - Students,10,0
4/5/26 13:00,23 St-Baruch College (6),OMNY - Fair Fare,13,2
4/5/26 13:00,23 St-Baruch College (6),Metrocard - Unlimited 30-Day,3,0
4/5/26 13:00,23 St-Baruch College (6),OMNY - Other,9,0
4/5/26 12:00,23 St-Baruch College (6),OMNY - Seniors & Disability,28,4
4/5/26 12:00,23 St-Baruch College (6),OMNY - Students,4,0
4/5/26 12:00,23 St-Baruch College (6),Metrocard - Other,3,0
4/5/26 12:00,23 St-Baruch College (6),OMNY - Other,12,0
4/5/26 12:00,23 St-Baruch College (6),Metrocard - Unlimited 30-Day,2,0
4/5/26 12:00,23 St-Baruch College (6),OMNY - Fair Fare,16,1
4/5/26 12:00,23 St-Baruch College (6),OMNY - Full Fare,609,14
4/5/26 11:00,23 St-Baruch College (6),OMNY - Full Fare,454,9
4/5/26 11:00,23 St-Baruch College (6),Metrocard - Other,1,0
4/5/26 11:00,23 St-Baruch College (6),OMNY - Students,11,2
4/5/26 11:00,23 St-Baruch College (6),OMNY - Other,7,0
4/5/26 11:00,23 St-Baruch College (6),OMNY - Seniors & Disability,17,5
4/5/26 11:00,23 St-Baruch College (6),OMNY - Fair Fare,9,1
4/5/26 10:00,23 St-Baruch College (6),OMNY - Fair Fare,10,1
4/5/26 10:00,23 St-Baruch College (6),OMNY - Other,9,0
4/5/26 10:00,23 St-Baruch College (6),OMNY - Full Fare,440,9
4/5/26 10:00,23 St-Baruch College (6),Metrocard - Other,3,0
4/5/26 10:00,23 St-Baruch College (6),OMNY - Students,6,0
4/5/26 10:00,23 St-Baruch College (6),OMNY - Seniors & Disability,15,1
4/5/26 9:00,23 St-Baruch College (6),OMNY - Other,6,0
4/5/26 9:00,23 St-Baruch College (6),Metrocard - Other,4,0
4/5/26 9:00,23 St-Baruch College (6),OMNY - Students,2,0
4/5/26 9:00,23 St-Baruch College (6),OMNY - Full Fare,218,6
4/5/26 9:00,23 St-Baruch College (6),OMNY - Fair Fare,2,0
4/5/26 9:00,23 St-Baruch College (6),OMNY - Seniors & Disability,15,2
4/5/26 8:00,23 St-Baruch College (6),OMNY - Full Fare,169,7
4/5/26 8:00,23 St-Baruch College (6),OMNY - Other,8,0
4/5/26 8:00,23 St-Baruch College (6),OMNY - Fair Fare,7,0
4/5/26 8:00,23 St-Baruch College (6),OMNY - Seniors & Disability,10,2
4/5/26 7:00,23 St-Baruch College (6),OMNY - Students,2,0
4/5/26 7:00,23 St-Baruch College (6),OMNY - Seniors & Disability,3,2
4/5/26 7:00,23 St-Baruch College (6),OMNY - Full Fare,66,7
4/5/26 7:00,23 St-Baruch College (6),OMNY - Other,2,0
4/5/26 6:00,23 St-Baruch College (6),OMNY - Fair Fare,1,0
4/5/26 6:00,23 St-Baruch College (6),OMNY - Students,3,0
4/5/26 6:00,23 St-Baruch College (6),OMNY - Other,4,0
4/5/26 6:00,23 St-Baruch College (6),OMNY - Seniors & Disability,1,0
4/5/26 6:00,23 St-Baruch College (6),OMNY - Full Fare,33,0
4/5/26 5:00,23 St-Baruch College (6),OMNY - Seniors & Disability,1,0
4/5/26 5:00,23 St-Baruch College (6),OMNY - Full Fare,13,1
4/5/26 5:00,23 St-Baruch College (6),OMNY - Fair Fare,3,0
4/5/26 4:00,23 St-Baruch College (6),OMNY - Full Fare,21,0
4/5/26 4:00,23 St-Baruch College (6),OMNY - Fair Fare,1,0
4/5/26 4:00,23 St-Baruch College (6),OMNY - Other,1,0
4/5/26 4:00,23 St-Baruch College (6),OMNY - Students,1,0
4/5/26 3:00,23 St-Baruch College (6),OMNY - Full Fare,24,0
4/5/26 3:00,23 St-Baruch College (6),OMNY - Other,1,0
4/5/26 2:00,23 St-Baruch College (6),OMNY - Seniors & Disability,1,0
4/5/26 2:00,23 St-Baruch College (6),OMNY - Fair Fare,6,0
4/5/26 2:00,23 St-Baruch College (6),OMNY - Other,2,0
4/5/26 2:00,23 St-Baruch College (6),OMNY - Full Fare,34,0
4/5/26 2:00,23 St-Baruch College (6),OMNY - Students,1,0
4/5/26 1:00,23 St-Baruch College (6),OMNY - Other,1,0
4/5/26 1:00,23 St-Baruch College (6),OMNY - Full Fare,100,1
4/5/26 1:00,23 St-Baruch College (6),OMNY - Fair Fare,1,0
4/5/26 0:00,23 St-Baruch College (6),OMNY - Other,4,0
4/5/26 0:00,23 St-Baruch College (6),OMNY - Full Fare,147,2
4/5/26 0:00,23 St-Baruch College (6),OMNY - Students,5,0
4/5/26 0:00,23 St-Baruch College (6),OMNY - Seniors & Disability,3,0
4/5/26 0:00,23 St-Baruch College (6),OMNY - Fair Fare,3,0
4/4/26 23:00,23 St-Baruch College (6),OMNY - Students,11,0
4/4/26 23:00,23 St-Baruch College (6),OMNY - Seniors & Disability,11,2
4/4/26 23:00,23 St-Baruch College (6),OMNY - Full Fare,339,8
4/4/26 23:00,23 St-Baruch College (6),OMNY - Fair Fare,10,0
4/4/26 23:00,23 St-Baruch College (6),OMNY - Other,3,0
4/4/26 22:00,23 St-Baruch College (6),OMNY - Students,13,0
4/4/26 22:00,23 St-Baruch College (6),OMNY - Fair Fare,15,0
4/4/26 22:00,23 St-Baruch College (6),OMNY - Seniors & Disability,2,0
4/4/26 22:00,23 St-Baruch College (6),OMNY - Full Fare,286,6
4/4/26 22:00,23 St-Baruch College (6),OMNY - Other,9,0
4/4/26 22:00,23 St-Baruch College (6),Metrocard - Unlimited 30-Day,1,0
4/4/26 22:00,23 St-Baruch College (6),Metrocard - Other,1,0
4/4/26 21:00,23 St-Baruch College (6),OMNY - Other,4,0
4/4/26 21:00,23 St-Baruch College (6),OMNY - Students,7,0
4/4/26 21:00,23 St-Baruch College (6),Metrocard - Unlimited 30-Day,1,0
4/4/26 21:00,23 St-Baruch College (6),OMNY - Fair Fare,6,1
4/4/26 21:00,23 St-Baruch College (6),OMNY - Seniors & Disability,7,1
4/4/26 21:00,23 St-Baruch College (6),OMNY - Full Fare,355,8
4/4/26 20:00,23 St-Baruch College (6),OMNY - Full Fare,429,4
4/4/26 20:00,23 St-Baruch College (6),Metrocard - Unlimited 30-Day,1,0
4/4/26 20:00,23 St-Baruch College (6),OMNY - Seniors & Disability,20,1
4/4/26 20:00,23 St-Baruch College (6),OMNY - Fair Fare,17,1
4/4/26 20:00,23 St-Baruch College (6),OMNY - Students,13,1
4/4/26 20:00,23 St-Baruch College (6),OMNY - Other,8,0
4/4/26 19:00,23 St-Baruch College (6),OMNY - Fair Fare,21,1
4/4/26 19:00,23 St-Baruch College (6),OMNY - Full Fare,525,10
4/4/26 19:00,23 St-Baruch College (6),OMNY - Students,17,0
4/4/26 19:00,23 St-Baruch College (6),OMNY - Other,5,0
4/4/26 19:00,23 St-Baruch College (6),OMNY - Seniors & Disability,18,3
4/4/26 18:00,23 St-Baruch College (6),OMNY - Other,5,0
4/4/26 18:00,23 St-Baruch College (6),Metrocard - Other,1,0
4/4/26 18:00,23 St-Baruch College (6),Metrocard - Seniors & Disability,1,0
4/4/26 18:00,23 St-Baruch College (6),OMNY - Full Fare,745,23
4/4/26 18:00,23 St-Baruch College (6),OMNY - Fair Fare,22,1
4/4/26 18:00,23 St-Baruch College (6),Metrocard - Unlimited 30-Day,2,0
4/4/26 18:00,23 St-Baruch College (6),OMNY - Students,25,0
4/4/26 18:00,23 St-Baruch College (6),OMNY - Seniors & Disability,22,1
4/4/26 17:00,23 St-Baruch College (6),OMNY - Other,11,0
4/4/26 17:00,23 St-Baruch College (6),Metrocard - Unlimited 30-Day,1,0
4/4/26 17:00,23 St-Baruch College (6),OMNY - Fair Fare,16,1
4/4/26 17:00,23 St-Baruch College (6),OMNY - Seniors & Disability,26,3
4/4/26 17:00,23 St-Baruch College (6),OMNY - Students,25,0
4/4/26 17:00,23 St-Baruch College (6),OMNY - Full Fare,812,15
4/4/26 16:00,23 St-Baruch College (6),OMNY - Other,12,0
4/4/26 16:00,23 St-Baruch College (6),OMNY - Seniors & Disability,40,4
4/4/26 16:00,23 St-Baruch College (6),OMNY - Fair Fare,26,2
4/4/26 16:00,23 St-Baruch College (6),OMNY - Students,20,0
4/4/26 16:00,23 St-Baruch College (6),OMNY - Full Fare,875,15
4/4/26 16:00,23 St-Baruch College (6),Metrocard - Other,2,0
4/4/26 15:00,23 St-Baruch College (6),Metrocard - Seniors & Disability,1,0
4/4/26 15:00,23 St-Baruch College (6),OMNY - Seniors & Disability,41,1
4/4/26 15:00,23 St-Baruch College (6),OMNY - Fair Fare,24,3
4/4/26 15:00,23 St-Baruch College (6),OMNY - Students,29,1
4/4/26 15:00,23 St-Baruch College (6),OMNY - Other,13,0
4/4/26 15:00,23 St-Baruch College (6),OMNY - Full Fare,850,20
4/4/26 15:00,23 St-Baruch College (6),Metrocard - Other,2,0
4/4/26 15:00,23 St-Baruch College (6),Metrocard - Unlimited 30-Day,1,0
4/4/26 14:00,23 St-Baruch College (6),Metrocard - Other,2,0
4/4/26 14:00,23 St-Baruch College (6),OMNY - Other,5,0
4/4/26 14:00,23 St-Baruch College (6),OMNY - Seniors & Disability,41,9
4/4/26 14:00,23 St-Baruch College (6),OMNY - Fair Fare,19,1
4/4/26 14:00,23 St-Baruch College (6),OMNY - Students,47,0
4/4/26 14:00,23 St-Baruch College (6),OMNY - Full Fare,673,20
4/4/26 13:00,23 St-Baruch College (6),Metrocard - Unlimited 7-Day,1,0
4/4/26 13:00,23 St-Baruch College (6),Metrocard - Other,2,0
4/4/26 13:00,23 St-Baruch College (6),OMNY - Full Fare,686,24
4/4/26 13:00,23 St-Baruch College (6),OMNY - Seniors & Disability,51,9
4/4/26 13:00,23 St-Baruch College (6),OMNY - Other,18,0
4/4/26 13:00,23 St-Baruch College (6),OMNY - Students,20,1
4/4/26 13:00,23 St-Baruch College (6),OMNY - Fair Fare,16,1
4/4/26 12:00,23 St-Baruch College (6),OMNY - Full Fare,670,20
4/4/26 12:00,23 St-Baruch College (6),OMNY - Seniors & Disability,23,5
4/4/26 12:00,23 St-Baruch College (6),OMNY - Students,8,0
4/4/26 12:00,23 St-Baruch College (6),Metrocard - Other,4,0
4/4/26 12:00,23 St-Baruch College (6),OMNY - Fair Fare,11,0
4/4/26 12:00,23 St-Baruch College (6),OMNY - Other,14,0
4/4/26 11:00,23 St-Baruch College (6),OMNY - Full Fare,518,12
4/4/26 11:00,23 St-Baruch College (6),OMNY - Fair Fare,6,0
4/4/26 11:00,23 St-Baruch College (6),OMNY - Other,30,0
4/4/26 11:00,23 St-Baruch College (6),OMNY - Seniors & Disability,26,2
4/4/26 11:00,23 St-Baruch College (6),OMNY - Students,4,0
4/4/26 10:00,23 St-Baruch College (6),OMNY - Students,7,1
4/4/26 10:00,23 St-Baruch College (6),OMNY - Other,5,0
4/4/26 10:00,23 St-Baruch College (6),OMNY - Full Fare,395,8
4/4/26 10:00,23 St-Baruch College (6),Metrocard - Unlimited 7-Day,1,0
4/4/26 10:00,23 St-Baruch College (6),OMNY - Fair Fare,6,0
4/4/26 10:00,23 St-Baruch College (6),Metrocard - Unlimited 30-Day,2,0
4/4/26 10:00,23 St-Baruch College (6),OMNY - Seniors & Disability,20,5
4/4/26 9:00,23 St-Baruch College (6),OMNY - Seniors & Disability,14,4
4/4/26 9:00,23 St-Baruch College (6),OMNY - Full Fare,293,8
4/4/26 9:00,23 St-Baruch College (6),OMNY - Fair Fare,2,1
4/4/26 9:00,23 St-Baruch College (6),OMNY - Students,6,0
4/4/26 9:00,23 St-Baruch College (6),OMNY - Other,2,0
4/4/26 8:00,23 St-Baruch College (6),OMNY - Fair Fare,4,0
4/4/26 8:00,23 St-Baruch College (6),OMNY - Students,4,1
4/4/26 8:00,23 St-Baruch College (6),OMNY - Full Fare,154,4
4/4/26 8:00,23 St-Baruch College (6),OMNY - Seniors & Disability,10,2
4/4/26 8:00,23 St-Baruch College (6),OMNY - Other,9,0
4/4/26 7:00,23 St-Baruch College (6),OMNY - Other,8,0
4/4/26 7:00,23 St-Baruch College (6),Metrocard - Unlimited 30-Day,1,0
4/4/26 7:00,23 St-Baruch College (6),OMNY - Students,3,1
4/4/26 7:00,23 St-Baruch College (6),OMNY - Full Fare,96,7
4/4/26 7:00,23 St-Baruch College (6),OMNY - Fair Fare,4,0
4/4/26 7:00,23 St-Baruch College (6),Metrocard - Other,1,0
4/4/26 7:00,23 St-Baruch College (6),OMNY - Seniors & Disability,5,1
4/4/26 6:00,23 St-Baruch College (6),OMNY - Seniors & Disability,4,1
4/4/26 6:00,23 St-Baruch College (6),OMNY - Students,3,0
4/4/26 6:00,23 St-Baruch College (6),OMNY - Full Fare,44,1
4/4/26 6:00,23 St-Baruch College (6),OMNY - Fair Fare,3,0
4/4/26 6:00,23 St-Baruch College (6),OMNY - Other,4,0
4/4/26 5:00,23 St-Baruch College (6),OMNY - Full Fare,19,1
4/4/26 5:00,23 St-Baruch College (6),OMNY - Seniors & Disability,1,0
4/4/26 5:00,23 St-Baruch College (6),OMNY - Other,3,0
4/4/26 5:00,23 St-Baruch College (6),OMNY - Fair Fare,1,0
4/4/26 4:00,23 St-Baruch College (6),OMNY - Students,1,0
4/4/26 4:00,23 St-Baruch College (6),Metrocard - Other,1,0
4/4/26 4:00,23 St-Baruch College (6),OMNY - Other,2,0
4/4/26 4:00,23 St-Baruch College (6),OMNY - Full Fare,24,0
4/4/26 4:00,23 St-Baruch College (6),OMNY - Fair Fare,1,0
4/4/26 3:00,23 St-Baruch College (6),OMNY - Seniors & Disability,1,0
4/4/26 3:00,23 St-Baruch College (6),OMNY - Full Fare,22,0
4/4/26 3:00,23 St-Baruch College (6),OMNY - Fair Fare,2,0
4/4/26 3:00,23 St-Baruch College (6),OMNY - Students,1,0
4/4/26 3:00,23 St-Baruch College (6),OMNY - Other,3,0
4/4/26 2:00,23 St-Baruch College (6),OMNY - Seniors & Disability,2,0
4/4/26 2:00,23 St-Baruch College (6),OMNY - Students,1,0
4/4/26 2:00,23 St-Baruch College (6),OMNY - Fair Fare,3,0
4/4/26 2:00,23 St-Baruch College (6),OMNY - Full Fare,60,0
4/4/26 1:00,23 St-Baruch College (6),OMNY - Full Fare,101,1
4/4/26 1:00,23 St-Baruch College (6),OMNY - Fair Fare,2,0
4/4/26 0:00,23 St-Baruch College (6),OMNY - Full Fare,194,0
4/4/26 0:00,23 St-Baruch College (6),OMNY - Other,2,0
4/4/26 0:00,23 St-Baruch College (6),OMNY - Students,6,0
4/4/26 0:00,23 St-Baruch College (6),OMNY - Fair Fare,7,0
4/3/26 23:00,23 St-Baruch College (6),OMNY - Seniors & Disability,14,3
4/3/26 23:00,23 St-Baruch College (6),Metrocard - Other,1,0
4/3/26 23:00,23 St-Baruch College (6),OMNY - Fair Fare,11,0
4/3/26 23:00,23 St-Baruch College (6),OMNY - Other,4,0
4/3/26 23:00,23 St-Baruch College (6),OMNY - Students,16,0
4/3/26 23:00,23 St-Baruch College (6),OMNY - Full Fare,360,10
4/3/26 22:00,23 St-Baruch College (6),OMNY - Seniors & Disability,8,0
4/3/26 22:00,23 St-Baruch College (6),OMNY - Full Fare,371,8
4/3/26 22:00,23 St-Baruch College (6),Metrocard - Other,4,0
4/3/26 22:00,23 St-Baruch College (6),OMNY - Students,12,0
4/3/26 22:00,23 St-Baruch College (6),OMNY - Other,11,0
4/3/26 22:00,23 St-Baruch College (6),OMNY - Fair Fare,23,0
4/3/26 21:00,23 St-Baruch College (6),OMNY - Full Fare,484,10
4/3/26 21:00,23 St-Baruch College (6),Metrocard - Unlimited 30-Day,1,0
4/3/26 21:00,23 St-Baruch College (6),OMNY - Students,14,1
4/3/26 21:00,23 St-Baruch College (6),OMNY - Seniors & Disability,13,1
4/3/26 21:00,23 St-Baruch College (6),OMNY - Other,21,0
4/3/26 21:00,23 St-Baruch College (6),Metrocard - Other,4,0
4/3/26 21:00,23 St-Baruch College (6),OMNY - Fair Fare,18,2
4/3/26 20:00,23 St-Baruch College (6),OMNY - Students,23,0
4/3/26 20:00,23 St-Baruch College (6),OMNY - Fair Fare,16,0
4/3/26 20:00,23 St-Baruch College (6),Metrocard - Other,5,0
4/3/26 20:00,23 St-Baruch College (6),OMNY - Full Fare,596,11
4/3/26 20:00,23 St-Baruch College (6),OMNY - Seniors & Disability,20,2
4/3/26 20:00,23 St-Baruch College (6),OMNY - Other,12,0
4/3/26 19:00,23 St-Baruch College (6),OMNY - Other,11,0
4/3/26 19:00,23 St-Baruch College (6),OMNY - Fair Fare,22,1
4/3/26 19:00,23 St-Baruch College (6),OMNY - Seniors & Disability,24,2
4/3/26 19:00,23 St-Baruch College (6),OMNY - Full Fare,784,20
4/3/26 19:00,23 St-Baruch College (6),Metrocard - Other,6,1
4/3/26 19:00,23 St-Baruch College (6),OMNY - Students,14,0
4/3/26 18:00,23 St-Baruch College (6),OMNY - Full Fare,"1,018",24
4/3/26 18:00,23 St-Baruch College (6),Metrocard - Other,8,0
4/3/26 18:00,23 St-Baruch College (6),OMNY - Seniors & Disability,43,7
4/3/26 18:00,23 St-Baruch College (6),OMNY - Fair Fare,29,2
4/3/26 18:00,23 St-Baruch College (6),OMNY - Students,24,0
4/3/26 18:00,23 St-Baruch College (6),OMNY - Other,24,0
4/3/26 17:00,23 St-Baruch College (6),OMNY - Seniors & Disability,64,6
4/3/26 17:00,23 St-Baruch College (6),OMNY - Other,11,0
4/3/26 17:00,23 St-Baruch College (6),OMNY - Fair Fare,36,6
4/3/26 17:00,23 St-Baruch College (6),OMNY - Students,32,2
4/3/26 17:00,23 St-Baruch College (6),OMNY - Full Fare,"1,189",43
4/3/26 17:00,23 St-Baruch College (6),Metrocard - Other,1,0
4/3/26 16:00,23 St-Baruch College (6),OMNY - Seniors & Disability,67,17
4/3/26 16:00,23 St-Baruch College (6),OMNY - Other,14,0
4/3/26 16:00,23 St-Baruch College (6),Metrocard - Other,9,1
4/3/26 16:00,23 St-Baruch College (6),Metrocard - Seniors & Disability,1,0
4/3/26 16:00,23 St-Baruch College (6),OMNY - Full Fare,"1,162",47
4/3/26 16:00,23 St-Baruch College (6),Metrocard - Unlimited 30-Day,3,0
4/3/26 16:00,23 St-Baruch College (6),OMNY - Fair Fare,52,2
4/3/26 16:00,23 St-Baruch College (6),OMNY - Students,51,0
4/3/26 16:00,23 St-Baruch College (6),Metrocard - Full Fare,1,0
4/3/26 16:00,23 St-Baruch College (6),Metrocard - Unlimited 7-Day,1,0
4/3/26 15:00,23 St-Baruch College (6),OMNY - Fair Fare,56,2
4/3/26 15:00,23 St-Baruch College (6),OMNY - Other,17,0
4/3/26 15:00,23 St-Baruch College (6),OMNY - Students,56,1
4/3/26 15:00,23 St-Baruch College (6),Metrocard - Unlimited 7-Day,1,0
4/3/26 15:00,23 St-Baruch College (6),OMNY - Full Fare,"1,184",29
4/3/26 15:00,23 St-Baruch College (6),Metrocard - Other,5,0
4/3/26 15:00,23 St-Baruch College (6),OMNY - Seniors & Disability,70,8
4/3/26 15:00,23 St-Baruch College (6),Metrocard - Unlimited 30-Day,2,0
4/3/26 14:00,23 St-Baruch College (6),OMNY - Other,19,0
4/3/26 14:00,23 St-Baruch College (6),Metrocard - Other,4,0
4/3/26 14:00,23 St-Baruch College (6),OMNY - Fair Fare,48,3
4/3/26 14:00,23 St-Baruch College (6),OMNY - Seniors & Disability,62,7
4/3/26 14:00,23 St-Baruch College (6),OMNY - Students,36,0
4/3/26 14:00,23 St-Baruch College (6),OMNY - Full Fare,919,25
4/3/26 14:00,23 St-Baruch College (6),Metrocard - Unlimited 30-Day,1,0
4/3/26 13:00,23 St-Baruch College (6),Metrocard - Unlimited 30-Day,2,0
4/3/26 13:00,23 St-Baruch College (6),OMNY - Fair Fare,32,5
4/3/26 13:00,23 St-Baruch College (6),OMNY - Full Fare,703,19
4/3/26 13:00,23 St-Baruch College (6),OMNY - Students,25,4
4/3/26 13:00,23 St-Baruch College (6),OMNY - Other,11,0
4/3/26 13:00,23 St-Baruch College (6),OMNY - Seniors & Disability,70,7
4/3/26 12:00,23 St-Baruch College (6),OMNY - Full Fare,685,16
4/3/26 12:00,23 St-Baruch College (6),OMNY - Other,29,0
4/3/26 12:00,23 St-Baruch College (6),OMNY - Seniors & Disability,63,8
4/3/26 12:00,23 St-Baruch College (6),OMNY - Fair Fare,20,2
4/3/26 12:00,23 St-Baruch College (6),Metrocard - Other,6,0
4/3/26 12:00,23 St-Baruch College (6),Metrocard - Unlimited 7-Day,1,0
4/3/26 12:00,23 St-Baruch College (6),OMNY - Students,25,0
4/3/26 11:00,23 St-Baruch College (6),OMNY - Fair Fare,17,1
4/3/26 11:00,23 St-Baruch College (6),OMNY - Students,17,0
4/3/26 11:00,23 St-Baruch College (6),OMNY - Seniors & Disability,66,7
4/3/26 11:00,23 St-Baruch College (6),Metrocard - Unlimited 30-Day,2,0
4/3/26 11:00,23 St-Baruch College (6),OMNY - Full Fare,587,25
4/3/26 11:00,23 St-Baruch College (6),Metrocard - Unlimited 7-Day,1,0
4/3/26 11:00,23 St-Baruch College (6),OMNY - Other,16,0
4/3/26 11:00,23 St-Baruch College (6),Metrocard - Full Fare,1,0
4/3/26 10:00,23 St-Baruch College (6),Metrocard - Unlimited 30-Day,1,0
4/3/26 10:00,23 St-Baruch College (6),OMNY - Fair Fare,20,4
4/3/26 10:00,23 St-Baruch College (6),OMNY - Other,18,1
4/3/26 10:00,23 St-Baruch College (6),OMNY - Full Fare,525,25
4/3/26 10:00,23 St-Baruch College (6),OMNY - Seniors & Disability,43,7
4/3/26 10:00,23 St-Baruch College (6),OMNY - Students,11,1
4/3/26 9:00,23 St-Baruch College (6),Metrocard - Other,4,1
4/3/26 9:00,23 St-Baruch College (6),OMNY - Full Fare,588,36
4/3/26 9:00,23 St-Baruch College (6),OMNY - Students,10,0
4/3/26 9:00,23 St-Baruch College (6),OMNY - Seniors & Disability,33,4
4/3/26 9:00,23 St-Baruch College (6),Metrocard - Unlimited 30-Day,1,0
4/3/26 9:00,23 St-Baruch College (6),OMNY - Other,17,0
4/3/26 9:00,23 St-Baruch College (6),OMNY - Fair Fare,6,1
4/3/26 8:00,23 St-Baruch College (6),OMNY - Fair Fare,11,1
4/3/26 8:00,23 St-Baruch College (6),Metrocard - Other,1,0
4/3/26 8:00,23 St-Baruch College (6),OMNY - Seniors & Disability,30,5
4/3/26 8:00,23 St-Baruch College (6),OMNY - Full Fare,550,53
4/3/26 8:00,23 St-Baruch College (6),OMNY - Students,6,1
4/3/26 8:00,23 St-Baruch College (6),OMNY - Other,13,1
4/3/26 7:00,23 St-Baruch College (6),OMNY - Full Fare,276,53
4/3/26 7:00,23 St-Baruch College (6),OMNY - Seniors & Disability,24,6
4/3/26 7:00,23 St-Baruch College (6),OMNY - Students,6,0
4/3/26 7:00,23 St-Baruch College (6),Metrocard - Other,3,0
4/3/26 7:00,23 St-Baruch College (6),OMNY - Other,11,0
4/3/26 7:00,23 St-Baruch College (6),OMNY - Fair Fare,8,0
4/3/26 6:00,23 St-Baruch College (6),OMNY - Fair Fare,1,0
4/3/26 6:00,23 St-Baruch College (6),Metrocard - Unlimited 30-Day,1,0
4/3/26 6:00,23 St-Baruch College (6),OMNY - Other,8,0
4/3/26 6:00,23 St-Baruch College (6),OMNY - Seniors & Disability,8,2
4/3/26 6:00,23 St-Baruch College (6),OMNY - Students,3,0
4/3/26 6:00,23 St-Baruch College (6),OMNY - Full Fare,123,37
4/3/26 6:00,23 St-Baruch College (6),Metrocard - Other,4,0
4/3/26 5:00,23 St-Baruch College (6),Metrocard - Other,1,0
4/3/26 5:00,23 St-Baruch College (6),OMNY - Other,3,0
4/3/26 5:00,23 St-Baruch College (6),OMNY - Seniors & Disability,2,2
4/3/26 5:00,23 St-Baruch College (6),OMNY - Fair Fare,4,1
4/3/26 5:00,23 St-Baruch College (6),OMNY - Full Fare,42,17
4/3/26 4:00,23 St-Baruch College (6),OMNY - Students,2,0
4/3/26 4:00,23 St-Baruch College (6),OMNY - Fair Fare,1,0
4/3/26 4:00,23 St-Baruch College (6),OMNY - Other,1,0
4/3/26 4:00,23 St-Baruch College (6),OMNY - Full Fare,20,0
4/3/26 3:00,23 St-Baruch College (6),OMNY - Full Fare,17,0
4/3/26 2:00,23 St-Baruch College (6),OMNY - Fair Fare,1,0
4/3/26 2:00,23 St-Baruch College (6),OMNY - Full Fare,22,1
4/3/26 2:00,23 St-Baruch College (6),OMNY - Other,2,0
4/3/26 1:00,23 St-Baruch College (6),OMNY - Full Fare,66,0
4/3/26 1:00,23 St-Baruch College (6),OMNY - Seniors & Disability,2,0
4/3/26 1:00,23 St-Baruch College (6),OMNY - Fair Fare,5,0
4/3/26 1:00,23 St-Baruch College (6),OMNY - Students,3,0
4/3/26 0:00,23 St-Baruch College (6),OMNY - Full Fare,141,0
4/3/26 0:00,23 St-Baruch College (6),OMNY - Fair Fare,11,0
4/3/26 0:00,23 St-Baruch College (6),OMNY - Seniors & Disability,5,0
4/3/26 0:00,23 St-Baruch College (6),OMNY - Students,5,0
4/3/26 0:00,23 St-Baruch College (6),OMNY - Other,4,0
4/3/26 0:00,23 St-Baruch College (6),Metrocard - Unlimited 30-Day,1,0
4/3/26 0:00,23 St-Baruch College (6),Metrocard - Other,3,0
4/2/26 23:00,23 St-Baruch College (6),OMNY - Fair Fare,12,0
4/2/26 23:00,23 St-Baruch College (6),Metrocard - Other,1,0
4/2/26 23:00,23 St-Baruch College (6),Metrocard - Full Fare,2,0
4/2/26 23:00,23 St-Baruch College (6),Metrocard - Unlimited 30-Day,1,0
4/2/26 23:00,23 St-Baruch College (6),OMNY - Students,10,0
4/2/26 23:00,23 St-Baruch College (6),OMNY - Other,1,0
4/2/26 23:00,23 St-Baruch College (6),OMNY - Seniors & Disability,13,2
4/2/26 23:00,23 St-Baruch College (6),OMNY - Full Fare,297,10
4/2/26 22:00,23 St-Baruch College (6),Metrocard - Other,1,0
4/2/26 22:00,23 St-Baruch College (6),OMNY - Other,8,0
4/2/26 22:00,23 St-Baruch College (6),OMNY - Fair Fare,19,0
4/2/26 22:00,23 St-Baruch College (6),OMNY - Students,13,0
4/2/26 22:00,23 St-Baruch College (6),OMNY - Seniors & Disability,17,0
4/2/26 22:00,23 St-Baruch College (6),OMNY - Full Fare,396,5
4/2/26 21:00,23 St-Baruch College (6),OMNY - Other,5,0
4/2/26 21:00,23 St-Baruch College (6),Metrocard - Unlimited 30-Day,1,0
4/2/26 21:00,23 St-Baruch College (6),OMNY - Seniors & Disability,23,0
4/2/26 21:00,23 St-Baruch College (6),OMNY - Students,12,0
4/2/26 21:00,23 St-Baruch College (6),OMNY - Fair Fare,21,0
4/2/26 21:00,23 St-Baruch College (6),OMNY - Full Fare,495,5
4/2/26 21:00,23 St-Baruch College (6),Metrocard - Other,4,0
4/2/26 20:00,23 St-Baruch College (6),OMNY - Seniors & Disability,34,2
4/2/26 20:00,23 St-Baruch College (6),OMNY - Students,25,0
4/2/26 20:00,23 St-Baruch College (6),Metrocard - Other,5,0
4/2/26 20:00,23 St-Baruch College (6),Metrocard - Unlimited 30-Day,1,0
4/2/26 20:00,23 St-Baruch College (6),OMNY - Fair Fare,27,0
4/2/26 20:00,23 St-Baruch College (6),OMNY - Other,9,0
4/2/26 20:00,23 St-Baruch College (6),OMNY - Full Fare,710,10
4/2/26 19:00,23 St-Baruch College (6),Metrocard - Other,6,0
4/2/26 19:00,23 St-Baruch College (6),OMNY - Students,22,0
4/2/26 19:00,23 St-Baruch College (6),OMNY - Full Fare,979,15
4/2/26 19:00,23 St-Baruch College (6),OMNY - Seniors & Disability,30,4
4/2/26 19:00,23 St-Baruch College (6),OMNY - Fair Fare,32,1
4/2/26 19:00,23 St-Baruch College (6),OMNY - Other,11,1
4/2/26 18:00,23 St-Baruch College (6),Metrocard - Other,4,0
4/2/26 18:00,23 St-Baruch College (6),OMNY - Fair Fare,39,0
4/2/26 18:00,23 St-Baruch College (6),OMNY - Full Fare,"1,488",31
4/2/26 18:00,23 St-Baruch College (6),OMNY - Seniors & Disability,59,4
4/2/26 18:00,23 St-Baruch College (6),Metrocard - Unlimited 30-Day,1,0
4/2/26 18:00,23 St-Baruch College (6),OMNY - Students,31,1
4/2/26 18:00,23 St-Baruch College (6),OMNY - Other,15,0
4/2/26 17:00,23 St-Baruch College (6),OMNY - Fair Fare,62,0
4/2/26 17:00,23 St-Baruch College (6),OMNY - Students,55,1
4/2/26 17:00,23 St-Baruch College (6),OMNY - Other,27,0
4/2/26 17:00,23 St-Baruch College (6),OMNY - Full Fare,"2,059",31
4/2/26 17:00,23 St-Baruch College (6),Metrocard - Other,6,0
4/2/26 17:00,23 St-Baruch College (6),OMNY - Seniors & Disability,81,8
4/2/26 17:00,23 St-Baruch College (6),Metrocard - Unlimited 30-Day,4,0
4/2/26 17:00,23 St-Baruch College (6),Metrocard - Unlimited 7-Day,1,0
4/2/26 16:00,23 St-Baruch College (6),OMNY - Seniors & Disability,100,10
4/2/26 16:00,23 St-Baruch College (6),OMNY - Students,56,1
4/2/26 16:00,23 St-Baruch College (6),Metrocard - Other,11,0
4/2/26 16:00,23 St-Baruch College (6),Metrocard - Unlimited 7-Day,3,0
4/2/26 16:00,23 St-Baruch College (6),OMNY - Other,26,0
4/2/26 16:00,23 St-Baruch College (6),Metrocard - Unlimited 30-Day,1,0
4/2/26 16:00,23 St-Baruch College (6),OMNY - Fair Fare,62,3
4/2/26 16:00,23 St-Baruch College (6),OMNY - Full Fare,"1,627",66
4/2/26 15:00,23 St-Baruch College (6),OMNY - Fair Fare,53,2
4/2/26 15:00,23 St-Baruch College (6),Metrocard - Other,1,0
4/2/26 15:00,23 St-Baruch College (6),OMNY - Full Fare,"1,257",28
4/2/26 15:00,23 St-Baruch College (6),Metrocard - Seniors & Disability,1,0
4/2/26 15:00,23 St-Baruch College (6),OMNY - Seniors & Disability,87,6
4/2/26 15:00,23 St-Baruch College (6),OMNY - Other,15,0
4/2/26 15:00,23 St-Baruch College (6),OMNY - Students,69,1
4/2/26 14:00,23 St-Baruch College (6),OMNY - Seniors & Disability,84,15
4/2/26 14:00,23 St-Baruch College (6),OMNY - Other,12,0
4/2/26 14:00,23 St-Baruch College (6),Metrocard - Unlimited 30-Day,2,0
4/2/26 14:00,23 St-Baruch College (6),OMNY - Full Fare,934,27
4/2/26 14:00,23 St-Baruch College (6),OMNY - Students,35,0
4/2/26 14:00,23 St-Baruch College (6),OMNY - Fair Fare,60,1
4/2/26 14:00,23 St-Baruch College (6),Metrocard - Other,5,0
4/2/26 14:00,23 St-Baruch College (6),Metrocard - Unlimited 7-Day,1,0
4/2/26 13:00,23 St-Baruch College (6),OMNY - Fair Fare,26,2
4/2/26 13:00,23 St-Baruch College (6),OMNY - Other,16,0
4/2/26 13:00,23 St-Baruch College (6),OMNY - Seniors & Disability,72,9
4/2/26 13:00,23 St-Baruch College (6),OMNY - Students,40,2
4/2/26 13:00,23 St-Baruch College (6),OMNY - Full Fare,692,22
4/2/26 13:00,23 St-Baruch College (6),Metrocard - Other,5,0
4/2/26 12:00,23 St-Baruch College (6),OMNY - Students,16,1
4/2/26 12:00,23 St-Baruch College (6),OMNY - Seniors & Disability,74,13
4/2/26 12:00,23 St-Baruch College (6),OMNY - Other,18,0
4/2/26 12:00,23 St-Baruch College (6),OMNY - Full Fare,662,27
4/2/26 12:00,23 St-Baruch College (6),OMNY - Fair Fare,29,0
4/2/26 12:00,23 St-Baruch College (6),Metrocard - Other,1,0
4/2/26 11:00,23 St-Baruch College (6),OMNY - Fair Fare,15,0
4/2/26 11:00,23 St-Baruch College (6),Metrocard - Other,8,0
4/2/26 11:00,23 St-Baruch College (6),Metrocard - Unlimited 30-Day,1,0
4/2/26 11:00,23 St-Baruch College (6),OMNY - Other,8,0
4/2/26 11:00,23 St-Baruch College (6),OMNY - Full Fare,600,20
4/2/26 11:00,23 St-Baruch College (6),OMNY - Seniors & Disability,63,9
4/2/26 11:00,23 St-Baruch College (6),Metrocard - Seniors & Disability,1,0
4/2/26 11:00,23 St-Baruch College (6),OMNY - Students,15,0
4/2/26 10:00,23 St-Baruch College (6),OMNY - Students,12,2
4/2/26 10:00,23 St-Baruch College (6),Metrocard - Full Fare,1,0
4/2/26 10:00,23 St-Baruch College (6),Metrocard - Other,3,0
4/2/26 10:00,23 St-Baruch College (6),OMNY - Other,13,0
4/2/26 10:00,23 St-Baruch College (6),OMNY - Fair Fare,17,1
4/2/26 10:00,23 St-Baruch College (6),OMNY - Full Fare,615,26
4/2/26 10:00,23 St-Baruch College (6),OMNY - Seniors & Disability,47,5
4/2/26 9:00,23 St-Baruch College (6),Metrocard - Other,3,0
4/2/26 9:00,23 St-Baruch College (6),OMNY - Students,11,1
4/2/26 9:00,23 St-Baruch College (6),OMNY - Fair Fare,3,1
4/2/26 9:00,23 St-Baruch College (6),OMNY - Other,5,0
4/2/26 9:00,23 St-Baruch College (6),OMNY - Full Fare,949,50
4/2/26 9:00,23 St-Baruch College (6),Metrocard - Unlimited 30-Day,1,0
4/2/26 9:00,23 St-Baruch College (6),OMNY - Seniors & Disability,50,15
4/2/26 8:00,23 St-Baruch College (6),OMNY - Students,16,1
4/2/26 8:00,23 St-Baruch College (6),OMNY - Fair Fare,11,0
4/2/26 8:00,23 St-Baruch College (6),OMNY - Seniors & Disability,38,6
4/2/26 8:00,23 St-Baruch College (6),OMNY - Other,11,0
4/2/26 8:00,23 St-Baruch College (6),Metrocard - Other,2,0
4/2/26 8:00,23 St-Baruch College (6),OMNY - Full Fare,"1,150",80
4/2/26 7:00,23 St-Baruch College (6),OMNY - Seniors & Disability,19,4
4/2/26 7:00,23 St-Baruch College (6),OMNY - Fair Fare,7,0
4/2/26 7:00,23 St-Baruch College (6),Metrocard - Other,2,0
4/2/26 7:00,23 St-Baruch College (6),OMNY - Students,8,0
4/2/26 7:00,23 St-Baruch College (6),OMNY - Other,12,0
4/2/26 7:00,23 St-Baruch College (6),OMNY - Full Fare,560,106
4/2/26 6:00,23 St-Baruch College (6),OMNY - Fair Fare,1,0
4/2/26 6:00,23 St-Baruch College (6),OMNY - Other,5,0
4/2/26 6:00,23 St-Baruch College (6),OMNY - Full Fare,188,47
4/2/26 6:00,23 St-Baruch College (6),OMNY - Seniors & Disability,9,4
4/2/26 6:00,23 St-Baruch College (6),Metrocard - Other,2,0
4/2/26 6:00,23 St-Baruch College (6),OMNY - Students,4,0
4/2/26 5:00,23 St-Baruch College (6),OMNY - Fair Fare,4,1
4/2/26 5:00,23 St-Baruch College (6),OMNY - Students,2,0
4/2/26 5:00,23 St-Baruch College (6),OMNY - Other,3,0
4/2/26 5:00,23 St-Baruch College (6),OMNY - Seniors & Disability,2,0
4/2/26 5:00,23 St-Baruch College (6),OMNY - Full Fare,49,22
4/2/26 4:00,23 St-Baruch College (6),OMNY - Full Fare,11,1
4/2/26 4:00,23 St-Baruch College (6),OMNY - Other,1,0
4/2/26 4:00,23 St-Baruch College (6),OMNY - Seniors & Disability,2,0
4/2/26 4:00,23 St-Baruch College (6),OMNY - Students,2,0
4/2/26 3:00,23 St-Baruch College (6),OMNY - Full Fare,13,1
4/2/26 3:00,23 St-Baruch College (6),OMNY - Students,3,0
4/2/26 3:00,23 St-Baruch College (6),Metrocard - Other,1,0
4/2/26 3:00,23 St-Baruch College (6),OMNY - Other,1,0
4/2/26 2:00,23 St-Baruch College (6),Metrocard - Other,1,0
4/2/26 2:00,23 St-Baruch College (6),OMNY - Fair Fare,1,0
4/2/26 2:00,23 St-Baruch College (6),OMNY - Other,1,0
4/2/26 2:00,23 St-Baruch College (6),OMNY - Full Fare,13,0
4/2/26 1:00,23 St-Baruch College (6),OMNY - Full Fare,38,0
4/2/26 1:00,23 St-Baruch College (6),OMNY - Fair Fare,1,0
4/2/26 1:00,23 St-Baruch College (6),OMNY - Students,2,0
4/2/26 1:00,23 St-Baruch College (6),Metrocard - Other,2,0
4/2/26 1:00,23 St-Baruch College (6),OMNY - Other,3,0
4/2/26 0:00,23 St-Baruch College (6),Metrocard - Unlimited 30-Day,1,0
4/2/26 0:00,23 St-Baruch College (6),OMNY - Other,6,0
4/2/26 0:00,23 St-Baruch College (6),OMNY - Seniors & Disability,4,0
4/2/26 0:00,23 St-Baruch College (6),OMNY - Fair Fare,12,0
4/2/26 0:00,23 St-Baruch College (6),OMNY - Students,4,0
4/2/26 0:00,23 St-Baruch College (6),OMNY - Full Fare,122,0
4/1/26 23:00,23 St-Baruch College (6),OMNY - Seniors & Disability,17,0
4/1/26 23:00,23 St-Baruch College (6),Metrocard - Full Fare,1,0
4/1/26 23:00,23 St-Baruch College (6),OMNY - Fair Fare,15,0
4/1/26 23:00,23 St-Baruch College (6),OMNY - Full Fare,293,5
4/1/26 23:00,23 St-Baruch College (6),OMNY - Other,6,0
4/1/26 23:00,23 St-Baruch College (6),OMNY - Students,13,0
4/1/26 23:00,23 St-Baruch College (6),Metrocard - Other,1,0
4/1/26 23:00,23 St-Baruch College (6),Metrocard - Unlimited 30-Day,1,0
4/1/26 22:00,23 St-Baruch College (6),OMNY - Other,5,0
4/1/26 22:00,23 St-Baruch College (6),OMNY - Seniors & Disability,22,0
4/1/26 22:00,23 St-Baruch College (6),OMNY - Full Fare,435,10
4/1/26 22:00,23 St-Baruch College (6),OMNY - Students,12,0
4/1/26 22:00,23 St-Baruch College (6),Metrocard - Other,1,0
4/1/26 22:00,23 St-Baruch College (6),OMNY - Fair Fare,23,0
4/1/26 22:00,23 St-Baruch College (6),Metrocard - Unlimited 30-Day,1,0
4/1/26 21:00,23 St-Baruch College (6),Metrocard - Unlimited 30-Day,1,0
4/1/26 21:00,23 St-Baruch College (6),OMNY - Students,16,0
4/1/26 21:00,23 St-Baruch College (6),OMNY - Full Fare,524,9
4/1/26 21:00,23 St-Baruch College (6),OMNY - Other,10,0
4/1/26 21:00,23 St-Baruch College (6),OMNY - Seniors & Disability,24,1
4/1/26 21:00,23 St-Baruch College (6),OMNY - Fair Fare,31,0
4/1/26 21:00,23 St-Baruch College (6),Metrocard - Other,2,0
4/1/26 20:00,23 St-Baruch College (6),OMNY - Seniors & Disability,39,2
4/1/26 20:00,23 St-Baruch College (6),OMNY - Full Fare,655,8
4/1/26 20:00,23 St-Baruch College (6),OMNY - Fair Fare,16,0
4/1/26 20:00,23 St-Baruch College (6),OMNY - Students,18,0
4/1/26 20:00,23 St-Baruch College (6),OMNY - Other,12,0
4/1/26 20:00,23 St-Baruch College (6),Metrocard - Other,2,0
4/1/26 19:00,23 St-Baruch College (6),OMNY - Fair Fare,41,1
4/1/26 19:00,23 St-Baruch College (6),OMNY - Seniors & Disability,39,2
4/1/26 19:00,23 St-Baruch College (6),Metrocard - Other,3,0
4/1/26 19:00,23 St-Baruch College (6),OMNY - Other,8,0
4/1/26 19:00,23 St-Baruch College (6),OMNY - Students,29,1
4/1/26 19:00,23 St-Baruch College (6),OMNY - Full Fare,875,10
4/1/26 18:00,23 St-Baruch College (6),OMNY - Full Fare,"1,508",25
4/1/26 18:00,23 St-Baruch College (6),OMNY - Other,23,0
4/1/26 18:00,23 St-Baruch College (6),OMNY - Students,53,1
4/1/26 18:00,23 St-Baruch College (6),Metrocard - Other,5,0
4/1/26 18:00,23 St-Baruch College (6),OMNY - Fair Fare,45,0
4/1/26 18:00,23 St-Baruch College (6),OMNY - Seniors & Disability,57,6
4/1/26 18:00,23 St-Baruch College (6),Metrocard - Unlimited 30-Day,1,0
4/1/26 17:00,23 St-Baruch College (6),Metrocard - Unlimited 7-Day,1,0
4/1/26 17:00,23 St-Baruch College (6),OMNY - Seniors & Disability,93,7
4/1/26 17:00,23 St-Baruch College (6),Metrocard - Unlimited 30-Day,5,0
4/1/26 17:00,23 St-Baruch College (6),OMNY - Other,21,0
4/1/26 17:00,23 St-Baruch College (6),OMNY - Full Fare,"2,037",33
4/1/26 17:00,23 St-Baruch College (6),OMNY - Fair Fare,54,2
4/1/26 17:00,23 St-Baruch College (6),Metrocard - Other,6,0
4/1/26 17:00,23 St-Baruch College (6),OMNY - Students,71,1
4/1/26 16:00,23 St-Baruch College (6),OMNY - Full Fare,"1,666",40
4/1/26 16:00,23 St-Baruch College (6),Metrocard - Unlimited 30-Day,2,0
4/1/26 16:00,23 St-Baruch College (6),OMNY - Students,107,2
4/1/26 16:00,23 St-Baruch College (6),OMNY - Seniors & Disability,103,11
4/1/26 16:00,23 St-Baruch College (6),Metrocard - Unlimited 7-Day,5,0
4/1/26 16:00,23 St-Baruch College (6),OMNY - Fair Fare,72,4
4/1/26 16:00,23 St-Baruch College (6),OMNY - Other,16,0
4/1/26 16:00,23 St-Baruch College (6),Metrocard - Other,6,0
4/1/26 15:00,23 St-Baruch College (6),Metrocard - Seniors & Disability,1,0
4/1/26 15:00,23 St-Baruch College (6),OMNY - Full Fare,"1,349",31
4/1/26 15:00,23 St-Baruch College (6),Metrocard - Unlimited 7-Day,1,0
4/1/26 15:00,23 St-Baruch College (6),OMNY - Students,271,1
4/1/26 15:00,23 St-Baruch College (6),OMNY - Other,16,0
4/1/26 15:00,23 St-Baruch College (6),OMNY - Seniors & Disability,96,9
4/1/26 15:00,23 St-Baruch College (6),Metrocard - Other,5,0
4/1/26 15:00,23 St-Baruch College (6),OMNY - Fair Fare,71,2
4/1/26 14:00,23 St-Baruch College (6),OMNY - Fair Fare,40,0
4/1/26 14:00,23 St-Baruch College (6),OMNY - Full Fare,857,23
4/1/26 14:00,23 St-Baruch College (6),Metrocard - Other,3,0
4/1/26 14:00,23 St-Baruch College (6),OMNY - Other,15,0
4/1/26 14:00,23 St-Baruch College (6),OMNY - Students,172,0
4/1/26 14:00,23 St-Baruch College (6),OMNY - Seniors & Disability,78,13
4/1/26 14:00,23 St-Baruch College (6),Metrocard - Unlimited 30-Day,2,0
4/1/26 13:00,23 St-Baruch College (6),OMNY - Full Fare,659,18
4/1/26 13:00,23 St-Baruch College (6),Metrocard - Other,4,0
4/1/26 13:00,23 St-Baruch College (6),OMNY - Students,34,3
4/1/26 13:00,23 St-Baruch College (6),OMNY - Seniors & Disability,66,10
4/1/26 13:00,23 St-Baruch College (6),OMNY - Fair Fare,29,1
4/1/26 13:00,23 St-Baruch College (6),Metrocard - Unlimited 7-Day,2,0
4/1/26 13:00,23 St-Baruch College (6),OMNY - Other,18,0
4/1/26 13:00,23 St-Baruch College (6),Metrocard - Unlimited 30-Day,1,0
4/1/26 12:00,23 St-Baruch College (6),OMNY - Seniors & Disability,87,6
4/1/26 12:00,23 St-Baruch College (6),OMNY - Full Fare,610,23
4/1/26 12:00,23 St-Baruch College (6),OMNY - Fair Fare,27,2
4/1/26 12:00,23 St-Baruch College (6),Metrocard - Unlimited 30-Day,2,0
4/1/26 12:00,23 St-Baruch College (6),OMNY - Other,14,0
4/1/26 12:00,23 St-Baruch College (6),OMNY - Students,35,1
4/1/26 11:00,23 St-Baruch College (6),OMNY - Fair Fare,21,1
4/1/26 11:00,23 St-Baruch College (6),Metrocard - Seniors & Disability,1,0
4/1/26 11:00,23 St-Baruch College (6),OMNY - Seniors & Disability,64,8
4/1/26 11:00,23 St-Baruch College (6),OMNY - Students,24,1
4/1/26 11:00,23 St-Baruch College (6),Metrocard - Other,3,0
4/1/26 11:00,23 St-Baruch College (6),OMNY - Other,10,0
4/1/26 11:00,23 St-Baruch College (6),Metrocard - Unlimited 30-Day,1,0
4/1/26 11:00,23 St-Baruch College (6),OMNY - Full Fare,549,23
4/1/26 10:00,23 St-Baruch College (6),OMNY - Fair Fare,19,2
4/1/26 10:00,23 St-Baruch College (6),Metrocard - Other,3,0
4/1/26 10:00,23 St-Baruch College (6),OMNY - Seniors & Disability,46,7
4/1/26 10:00,23 St-Baruch College (6),OMNY - Other,14,0
4/1/26 10:00,23 St-Baruch College (6),OMNY - Full Fare,553,24
4/1/26 10:00,23 St-Baruch College (6),OMNY - Students,19,1
4/1/26 9:00,23 St-Baruch College (6),Metrocard - Seniors & Disability,1,0
4/1/26 9:00,23 St-Baruch College (6),OMNY - Students,9,1
4/1/26 9:00,23 St-Baruch College (6),OMNY - Full Fare,931,58
4/1/26 9:00,23 St-Baruch College (6),Metrocard - Other,3,0
4/1/26 9:00,23 St-Baruch College (6),Metrocard - Unlimited 30-Day,1,0
4/1/26 9:00,23 St-Baruch College (6),OMNY - Fair Fare,7,1
4/1/26 9:00,23 St-Baruch College (6),OMNY - Other,10,0
4/1/26 9:00,23 St-Baruch College (6),OMNY - Seniors & Disability,53,11
4/1/26 8:00,23 St-Baruch College (6),OMNY - Other,10,0
4/1/26 8:00,23 St-Baruch College (6),OMNY - Full Fare,"1,256",77
4/1/26 8:00,23 St-Baruch College (6),OMNY - Students,29,1
4/1/26 8:00,23 St-Baruch College (6),Metrocard - Other,1,0
4/1/26 8:00,23 St-Baruch College (6),OMNY - Seniors & Disability,41,15
4/1/26 8:00,23 St-Baruch College (6),OMNY - Fair Fare,17,5
4/1/26 7:00,23 St-Baruch College (6),Metrocard - Unlimited 30-Day,1,0
4/1/26 7:00,23 St-Baruch College (6),OMNY - Students,43,1
4/1/26 7:00,23 St-Baruch College (6),OMNY - Fair Fare,5,0
4/1/26 7:00,23 St-Baruch College (6),OMNY - Full Fare,688,106
4/1/26 7:00,23 St-Baruch College (6),OMNY - Other,10,0
4/1/26 7:00,23 St-Baruch College (6),Metrocard - Other,1,0
4/1/26 7:00,23 St-Baruch College (6),OMNY - Seniors & Disability,28,9
4/1/26 6:00,23 St-Baruch College (6),OMNY - Other,6,1
4/1/26 6:00,23 St-Baruch College (6),OMNY - Seniors & Disability,15,5
4/1/26 6:00,23 St-Baruch College (6),OMNY - Full Fare,214,49
4/1/26 6:00,23 St-Baruch College (6),Metrocard - Other,4,0
4/1/26 6:00,23 St-Baruch College (6),Metrocard - Unlimited 30-Day,1,0
4/1/26 6:00,23 St-Baruch College (6),OMNY - Students,1,0
4/1/26 6:00,23 St-Baruch College (6),OMNY - Fair Fare,4,0
4/1/26 5:00,23 St-Baruch College (6),OMNY - Fair Fare,3,0
4/1/26 5:00,23 St-Baruch College (6),OMNY - Students,1,0
4/1/26 5:00,23 St-Baruch College (6),OMNY - Other,1,0
4/1/26 5:00,23 St-Baruch College (6),OMNY - Full Fare,53,14
4/1/26 5:00,23 St-Baruch College (6),OMNY - Seniors & Disability,2,1
4/1/26 4:00,23 St-Baruch College (6),OMNY - Full Fare,12,0
4/1/26 4:00,23 St-Baruch College (6),OMNY - Other,1,0
4/1/26 3:00,23 St-Baruch College (6),OMNY - Other,1,0
4/1/26 3:00,23 St-Baruch College (6),OMNY - Students,1,0
4/1/26 3:00,23 St-Baruch College (6),OMNY - Full Fare,6,1
4/1/26 2:00,23 St-Baruch College (6),OMNY - Fair Fare,3,0
4/1/26 2:00,23 St-Baruch College (6),OMNY - Seniors & Disability,2,0
4/1/26 2:00,23 St-Baruch College (6),OMNY - Full Fare,19,0
4/1/26 1:00,23 St-Baruch College (6),OMNY - Other,1,0
4/1/26 1:00,23 St-Baruch College (6),OMNY - Full Fare,31,0
4/1/26 1:00,23 St-Baruch College (6),Metrocard - Other,4,0
4/1/26 1:00,23 St-Baruch College (6),OMNY - Students,6,0
4/1/26 1:00,23 St-Baruch College (6),OMNY - Fair Fare,6,0
4/1/26 0:00,23 St-Baruch College (6),OMNY - Seniors & Disability,4,0
4/1/26 0:00,23 St-Baruch College (6),OMNY - Fair Fare,10,0
4/1/26 0:00,23 St-Baruch College (6),Metrocard - Unlimited 30-Day,1,0
4/1/26 0:00,23 St-Baruch College (6),OMNY - Students,6,0
4/1/26 0:00,23 St-Baruch College (6),OMNY - Full Fare,137,0
3/31/26 23:00,23 St-Baruch College (6),OMNY - Seniors & Disability,14,1
3/31/26 23:00,23 St-Baruch College (6),OMNY - Fair Fare,11,0
3/31/26 23:00,23 St-Baruch College (6),OMNY - Full Fare,274,4
3/31/26 23:00,23 St-Baruch College (6),OMNY - Other,1,0
3/31/26 23:00,23 St-Baruch College (6),OMNY - Students,14,0
3/31/26 23:00,23 St-Baruch College (6),Metrocard - Unlimited 30-Day,1,0
3/31/26 22:00,23 St-Baruch College (6),Metrocard - Unlimited 30-Day,1,0
3/31/26 22:00,23 St-Baruch College (6),OMNY - Students,10,0
3/31/26 22:00,23 St-Baruch College (6),OMNY - Other,4,0
3/31/26 22:00,23 St-Baruch College (6),OMNY - Full Fare,382,8
3/31/26 22:00,23 St-Baruch College (6),OMNY - Fair Fare,27,0
3/31/26 22:00,23 St-Baruch College (6),OMNY - Seniors & Disability,16,0
3/31/26 21:00,23 St-Baruch College (6),OMNY - Other,9,0
3/31/26 21:00,23 St-Baruch College (6),OMNY - Students,46,1
3/31/26 21:00,23 St-Baruch College (6),OMNY - Seniors & Disability,21,0
3/31/26 21:00,23 St-Baruch College (6),OMNY - Fair Fare,69,0
3/31/26 21:00,23 St-Baruch College (6),OMNY - Full Fare,757,11
3/31/26 21:00,23 St-Baruch College (6),Metrocard - Other,7,0
3/31/26 20:00,23 St-Baruch College (6),Metrocard - Other,4,0
3/31/26 20:00,23 St-Baruch College (6),OMNY - Seniors & Disability,38,4
3/31/26 20:00,23 St-Baruch College (6),OMNY - Fair Fare,78,0
3/31/26 20:00,23 St-Baruch College (6),OMNY - Full Fare,955,13
3/31/26 20:00,23 St-Baruch College (6),OMNY - Students,57,0
3/31/26 20:00,23 St-Baruch College (6),OMNY - Other,17,0
3/31/26 19:00,23 St-Baruch College (6),OMNY - Fair Fare,107,3
3/31/26 19:00,23 St-Baruch College (6),OMNY - Seniors & Disability,39,3
3/31/26 19:00,23 St-Baruch College (6),Metrocard - Other,9,0
3/31/26 19:00,23 St-Baruch College (6),Metrocard - Full Fare,1,0
3/31/26 19:00,23 St-Baruch College (6),OMNY - Students,74,0
3/31/26 19:00,23 St-Baruch College (6),OMNY - Other,15,0
3/31/26 19:00,23 St-Baruch College (6),OMNY - Full Fare,"1,372",19
3/31/26 18:00,23 St-Baruch College (6),Metrocard - Other,6,0
3/31/26 18:00,23 St-Baruch College (6),Metrocard - Unlimited 7-Day,1,0
3/31/26 18:00,23 St-Baruch College (6),OMNY - Full Fare,"1,799",29
3/31/26 18:00,23 St-Baruch College (6),OMNY - Seniors & Disability,69,2
3/31/26 18:00,23 St-Baruch College (6),OMNY - Other,21,0
3/31/26 18:00,23 St-Baruch College (6),OMNY - Fair Fare,69,1
3/31/26 18:00,23 St-Baruch College (6),OMNY - Students,102,2
3/31/26 17:00,23 St-Baruch College (6),OMNY - Seniors & Disability,116,6
3/31/26 17:00,23 St-Baruch College (6),OMNY - Fair Fare,105,2
3/31/26 17:00,23 St-Baruch College (6),OMNY - Full Fare,"2,574",39
3/31/26 17:00,23 St-Baruch College (6),OMNY - Students,173,1
3/31/26 17:00,23 St-Baruch College (6),Metrocard - Unlimited 7-Day,4,0
3/31/26 17:00,23 St-Baruch College (6),Metrocard - Unlimited 30-Day,7,0
3/31/26 17:00,23 St-Baruch College (6),Metrocard - Other,4,0
3/31/26 17:00,23 St-Baruch College (6),OMNY - Other,25,0
3/31/26 16:00,23 St-Baruch College (6),OMNY - Other,29,0
3/31/26 16:00,23 St-Baruch College (6),OMNY - Fair Fare,133,3
3/31/26 16:00,23 St-Baruch College (6),Metrocard - Unlimited 7-Day,5,0
3/31/26 16:00,23 St-Baruch College (6),OMNY - Students,168,5
3/31/26 16:00,23 St-Baruch College (6),Metrocard - Other,5,1
3/31/26 16:00,23 St-Baruch College (6),OMNY - Full Fare,"1,918",56
3/31/26 16:00,23 St-Baruch College (6),OMNY - Seniors & Disability,113,13
3/31/26 16:00,23 St-Baruch College (6),Metrocard - Unlimited 30-Day,2,0
3/31/26 15:00,23 St-Baruch College (6),OMNY - Fair Fare,104,1
3/31/26 15:00,23 St-Baruch College (6),Metrocard - Seniors & Disability,1,0
3/31/26 15:00,23 St-Baruch College (6),Metrocard - Unlimited 7-Day,1,0
3/31/26 15:00,23 St-Baruch College (6),Metrocard - Other,8,0
3/31/26 15:00,23 St-Baruch College (6),OMNY - Students,311,3
3/31/26 15:00,23 St-Baruch College (6),OMNY - Other,25,0
3/31/26 15:00,23 St-Baruch College (6),Metrocard - Unlimited 30-Day,1,0
3/31/26 15:00,23 St-Baruch College (6),OMNY - Seniors & Disability,126,15
3/31/26 15:00,23 St-Baruch College (6),OMNY - Full Fare,"1,539",27
3/31/26 14:00,23 St-Baruch College (6),OMNY - Other,32,0
3/31/26 14:00,23 St-Baruch College (6),OMNY - Full Fare,"1,024",17
3/31/26 14:00,23 St-Baruch College (6),Metrocard - Unlimited 7-Day,2,0
3/31/26 14:00,23 St-Baruch College (6),OMNY - Fair Fare,69,2
3/31/26 14:00,23 St-Baruch College (6),OMNY - Seniors & Disability,94,7
3/31/26 14:00,23 St-Baruch College (6),OMNY - Students,198,0
3/31/26 14:00,23 St-Baruch College (6),Metrocard - Other,11,0
3/31/26 14:00,23 St-Baruch College (6),Metrocard - Unlimited 30-Day,1,0
3/31/26 13:00,23 St-Baruch College (6),OMNY - Other,22,0
3/31/26 13:00,23 St-Baruch College (6),OMNY - Full Fare,752,18
3/31/26 13:00,23 St-Baruch College (6),OMNY - Seniors & Disability,90,12
3/31/26 13:00,23 St-Baruch College (6),Metrocard - Other,4,0
3/31/26 13:00,23 St-Baruch College (6),OMNY - Students,63,5
3/31/26 13:00,23 St-Baruch College (6),Metrocard - Unlimited 30-Day,3,0
3/31/26 13:00,23 St-Baruch College (6),OMNY - Fair Fare,44,2
3/31/26 12:00,23 St-Baruch College (6),OMNY - Seniors & Disability,79,10
3/31/26 12:00,23 St-Baruch College (6),OMNY - Full Fare,848,21
3/31/26 12:00,23 St-Baruch College (6),Metrocard - Seniors & Disability,1,0
3/31/26 12:00,23 St-Baruch College (6),Metrocard - Unlimited 30-Day,2,0
3/31/26 12:00,23 St-Baruch College (6),OMNY - Students,84,2
3/31/26 12:00,23 St-Baruch College (6),OMNY - Fair Fare,68,5
3/31/26 12:00,23 St-Baruch College (6),OMNY - Other,66,0
3/31/26 12:00,23 St-Baruch College (6),Metrocard - Other,4,0
3/31/26 11:00,23 St-Baruch College (6),Metrocard - Other,14,0
3/31/26 11:00,23 St-Baruch College (6),Metrocard - Full Fare,1,0
3/31/26 11:00,23 St-Baruch College (6),OMNY - Full Fare,737,17
3/31/26 11:00,23 St-Baruch College (6),OMNY - Seniors & Disability,89,13
3/31/26 11:00,23 St-Baruch College (6),OMNY - Fair Fare,66,1
3/31/26 11:00,23 St-Baruch College (6),OMNY - Other,17,1
3/31/26 11:00,23 St-Baruch College (6),OMNY - Students,46,0
3/31/26 11:00,23 St-Baruch College (6),Metrocard - Unlimited 30-Day,1,0
3/31/26 10:00,23 St-Baruch College (6),OMNY - Fair Fare,37,1
3/31/26 10:00,23 St-Baruch College (6),OMNY - Seniors & Disability,53,8
3/31/26 10:00,23 St-Baruch College (6),OMNY - Students,29,1
3/31/26 10:00,23 St-Baruch College (6),OMNY - Full Fare,710,41
3/31/26 10:00,23 St-Baruch College (6),Metrocard - Other,5,0
3/31/26 10:00,23 St-Baruch College (6),OMNY - Other,18,0
3/31/26 9:00,23 St-Baruch College (6),Metrocard - Other,6,0
3/31/26 9:00,23 St-Baruch College (6),OMNY - Other,14,0
3/31/26 9:00,23 St-Baruch College (6),Metrocard - Unlimited 30-Day,1,0
3/31/26 9:00,23 St-Baruch College (6),OMNY - Seniors & Disability,50,6
3/31/26 9:00,23 St-Baruch College (6),OMNY - Fair Fare,20,1
3/31/26 9:00,23 St-Baruch College (6),OMNY - Students,15,1
3/31/26 9:00,23 St-Baruch College (6),OMNY - Full Fare,"1,011",71
3/31/26 9:00,23 St-Baruch College (6),Metrocard - Full Fare,1,0
3/31/26 8:00,23 St-Baruch College (6),OMNY - Other,20,0
3/31/26 8:00,23 St-Baruch College (6),OMNY - Full Fare,"1,519",98
3/31/26 8:00,23 St-Baruch College (6),OMNY - Students,37,6
3/31/26 8:00,23 St-Baruch College (6),OMNY - Seniors & Disability,38,5
3/31/26 8:00,23 St-Baruch College (6),Metrocard - Full Fare,1,0
3/31/26 8:00,23 St-Baruch College (6),OMNY - Fair Fare,28,4
3/31/26 8:00,23 St-Baruch College (6),Metrocard - Other,4,0
3/31/26 7:00,23 St-Baruch College (6),OMNY - Full Fare,667,92
3/31/26 7:00,23 St-Baruch College (6),Metrocard - Other,3,0
3/31/26 7:00,23 St-Baruch College (6),OMNY - Seniors & Disability,28,9
3/31/26 7:00,23 St-Baruch College (6),OMNY - Fair Fare,7,1
3/31/26 7:00,23 St-Baruch College (6),OMNY - Other,9,0
3/31/26 7:00,23 St-Baruch College (6),OMNY - Students,45,1
3/31/26 6:00,23 St-Baruch College (6),OMNY - Seniors & Disability,9,2
3/31/26 6:00,23 St-Baruch College (6),OMNY - Students,4,2
3/31/26 6:00,23 St-Baruch College (6),OMNY - Fair Fare,3,0
3/31/26 6:00,23 St-Baruch College (6),OMNY - Full Fare,214,47
3/31/26 6:00,23 St-Baruch College (6),Metrocard - Other,2,0
3/31/26 6:00,23 St-Baruch College (6),Metrocard - Unlimited 30-Day,2,0
3/31/26 6:00,23 St-Baruch College (6),OMNY - Other,7,0
3/31/26 5:00,23 St-Baruch College (6),Metrocard - Other,1,0
3/31/26 5:00,23 St-Baruch College (6),OMNY - Seniors & Disability,3,2
3/31/26 5:00,23 St-Baruch College (6),OMNY - Full Fare,48,16
3/31/26 5:00,23 St-Baruch College (6),OMNY - Students,1,0
3/31/26 5:00,23 St-Baruch College (6),OMNY - Other,1,0
3/31/26 5:00,23 St-Baruch College (6),OMNY - Fair Fare,2,1
3/31/26 4:00,23 St-Baruch College (6),OMNY - Other,2,0
3/31/26 4:00,23 St-Baruch College (6),OMNY - Seniors & Disability,2,0
3/31/26 4:00,23 St-Baruch College (6),Metrocard - Other,1,0
3/31/26 4:00,23 St-Baruch College (6),OMNY - Full Fare,12,1
3/31/26 4:00,23 St-Baruch College (6),OMNY - Students,2,0
3/31/26 3:00,23 St-Baruch College (6),OMNY - Full Fare,11,0
3/31/26 3:00,23 St-Baruch College (6),OMNY - Fair Fare,1,0
3/31/26 3:00,23 St-Baruch College (6),OMNY - Other,1,0
3/31/26 2:00,23 St-Baruch College (6),OMNY - Full Fare,18,0
3/31/26 2:00,23 St-Baruch College (6),OMNY - Fair Fare,1,0
3/31/26 2:00,23 St-Baruch College (6),OMNY - Other,2,0
3/31/26 1:00,23 St-Baruch College (6),OMNY - Full Fare,39,0
3/31/26 1:00,23 St-Baruch College (6),OMNY - Other,2,0
3/31/26 1:00,23 St-Baruch College (6),Metrocard - Other,1,0
3/31/26 1:00,23 St-Baruch College (6),OMNY - Students,2,0
3/31/26 1:00,23 St-Baruch College (6),OMNY - Fair Fare,4,0
3/31/26 0:00,23 St-Baruch College (6),Metrocard - Other,1,0
3/31/26 0:00,23 St-Baruch College (6),OMNY - Students,5,0
3/31/26 0:00,23 St-Baruch College (6),OMNY - Seniors & Disability,3,0
3/31/26 0:00,23 St-Baruch College (6),OMNY - Full Fare,125,2
3/31/26 0:00,23 St-Baruch College (6),OMNY - Other,8,0
3/31/26 0:00,23 St-Baruch College (6),OMNY - Fair Fare,12,0
3/30/26 23:00,23 St-Baruch College (6),OMNY - Students,10,0
3/30/26 23:00,23 St-Baruch College (6),OMNY - Fair Fare,15,0
3/30/26 23:00,23 St-Baruch College (6),OMNY - Seniors & Disability,11,0
3/30/26 23:00,23 St-Baruch College (6),OMNY - Full Fare,235,7
3/30/26 23:00,23 St-Baruch College (6),OMNY - Other,8,0
3/30/26 22:00,23 St-Baruch College (6),OMNY - Students,14,0
3/30/26 22:00,23 St-Baruch College (6),OMNY - Other,6,0
3/30/26 22:00,23 St-Baruch College (6),OMNY - Seniors & Disability,18,3
3/30/26 22:00,23 St-Baruch College (6),OMNY - Full Fare,376,4
3/30/26 22:00,23 St-Baruch College (6),OMNY - Fair Fare,20,0
3/30/26 21:00,23 St-Baruch College (6),OMNY - Fair Fare,50,2
3/30/26 21:00,23 St-Baruch College (6),OMNY - Full Fare,646,5
3/30/26 21:00,23 St-Baruch College (6),OMNY - Seniors & Disability,18,2
3/30/26 21:00,23 St-Baruch College (6),Metrocard - Other,4,0
3/30/26 21:00,23 St-Baruch College (6),OMNY - Students,21,1
3/30/26 21:00,23 St-Baruch College (6),OMNY - Other,8,0
3/30/26 20:00,23 St-Baruch College (6),OMNY - Seniors & Disability,39,2
3/30/26 20:00,23 St-Baruch College (6),OMNY - Fair Fare,75,0
3/30/26 20:00,23 St-Baruch College (6),OMNY - Other,15,0
3/30/26 20:00,23 St-Baruch College (6),OMNY - Students,74,0
3/30/26 20:00,23 St-Baruch College (6),OMNY - Full Fare,940,12
3/30/26 20:00,23 St-Baruch College (6),Metrocard - Other,7,0
3/30/26 20:00,23 St-Baruch College (6),Metrocard - Unlimited 30-Day,1,0
3/30/26 19:00,23 St-Baruch College (6),OMNY - Full Fare,"1,237",17
3/30/26 19:00,23 St-Baruch College (6),Metrocard - Other,3,0
3/30/26 19:00,23 St-Baruch College (6),OMNY - Other,17,0
3/30/26 19:00,23 St-Baruch College (6),OMNY - Fair Fare,79,0
3/30/26 19:00,23 St-Baruch College (6),OMNY - Students,134,3
3/30/26 19:00,23 St-Baruch College (6),OMNY - Seniors & Disability,51,6
3/30/26 18:00,23 St-Baruch College (6),OMNY - Students,101,5
3/30/26 18:00,23 St-Baruch College (6),Metrocard - Unlimited 7-Day,1,0
3/30/26 18:00,23 St-Baruch College (6),OMNY - Full Fare,"1,564",29
3/30/26 18:00,23 St-Baruch College (6),OMNY - Other,22,0
3/30/26 18:00,23 St-Baruch College (6),OMNY - Fair Fare,62,0
3/30/26 18:00,23 St-Baruch College (6),OMNY - Seniors & Disability,64,7
3/30/26 18:00,23 St-Baruch College (6),Metrocard - Other,9,0
3/30/26 17:00,23 St-Baruch College (6),Metrocard - Unlimited 7-Day,2,0
3/30/26 17:00,23 St-Baruch College (6),OMNY - Students,141,2
3/30/26 17:00,23 St-Baruch College (6),OMNY - Other,21,0
3/30/26 17:00,23 St-Baruch College (6),OMNY - Full Fare,"2,201",29
3/30/26 17:00,23 St-Baruch College (6),OMNY - Fair Fare,120,3
3/30/26 17:00,23 St-Baruch College (6),Metrocard - Unlimited 30-Day,3,0
3/30/26 17:00,23 St-Baruch College (6),OMNY - Seniors & Disability,95,5
3/30/26 17:00,23 St-Baruch College (6),Metrocard - Other,1,0
3/30/26 16:00,23 St-Baruch College (6),Metrocard - Unlimited 30-Day,3,0
3/30/26 16:00,23 St-Baruch College (6),OMNY - Other,16,0
3/30/26 16:00,23 St-Baruch College (6),OMNY - Seniors & Disability,116,13
3/30/26 16:00,23 St-Baruch College (6),OMNY - Full Fare,"1,841",66
3/30/26 16:00,23 St-Baruch College (6),Metrocard - Unlimited 7-Day,4,0
3/30/26 16:00,23 St-Baruch College (6),OMNY - Fair Fare,124,5
3/30/26 16:00,23 St-Baruch College (6),OMNY - Students,215,4
3/30/26 16:00,23 St-Baruch College (6),Metrocard - Other,7,0
3/30/26 16:00,23 St-Baruch College (6),Metrocard - Seniors & Disability,2,0
3/30/26 15:00,23 St-Baruch College (6),OMNY - Fair Fare,114,1
3/30/26 15:00,23 St-Baruch College (6),Metrocard - Seniors & Disability,1,0
3/30/26 15:00,23 St-Baruch College (6),OMNY - Seniors & Disability,95,7
3/30/26 15:00,23 St-Baruch College (6),Metrocard - Other,11,0
3/30/26 15:00,23 St-Baruch College (6),OMNY - Other,17,0
3/30/26 15:00,23 St-Baruch College (6),OMNY - Students,355,2
3/30/26 15:00,23 St-Baruch College (6),OMNY - Full Fare,"1,544",35
3/30/26 14:00,23 St-Baruch College (6),Metrocard - Other,5,0
3/30/26 14:00,23 St-Baruch College (6),OMNY - Seniors & Disability,99,10
3/30/26 14:00,23 St-Baruch College (6),OMNY - Fair Fare,104,2
3/30/26 14:00,23 St-Baruch College (6),Metrocard - Unlimited 30-Day,2,0
3/30/26 14:00,23 St-Baruch College (6),OMNY - Other,23,0
3/30/26 14:00,23 St-Baruch College (6),OMNY - Full Fare,"1,172",26
3/30/26 14:00,23 St-Baruch College (6),OMNY - Students,251,2
3/30/26 13:00,23 St-Baruch College (6),OMNY - Full Fare,720,16
3/30/26 13:00,23 St-Baruch College (6),Metrocard - Other,5,0
3/30/26 13:00,23 St-Baruch College (6),OMNY - Fair Fare,54,0
3/30/26 13:00,23 St-Baruch College (6),OMNY - Seniors & Disability,76,11
3/30/26 13:00,23 St-Baruch College (6),OMNY - Students,45,1
3/30/26 13:00,23 St-Baruch College (6),OMNY - Other,27,0
3/30/26 12:00,23 St-Baruch College (6),OMNY - Students,61,0
3/30/26 12:00,23 St-Baruch College (6),OMNY - Other,14,0
3/30/26 12:00,23 St-Baruch College (6),Metrocard - Unlimited 30-Day,3,0
3/30/26 12:00,23 St-Baruch College (6),OMNY - Seniors & Disability,65,10
3/30/26 12:00,23 St-Baruch College (6),Metrocard - Other,5,0
3/30/26 12:00,23 St-Baruch College (6),OMNY - Fair Fare,73,5
3/30/26 12:00,23 St-Baruch College (6),OMNY - Full Fare,736,13
3/30/26 11:00,23 St-Baruch College (6),OMNY - Other,19,0
3/30/26 11:00,23 St-Baruch College (6),OMNY - Seniors & Disability,47,3
3/30/26 11:00,23 St-Baruch College (6),OMNY - Students,29,0
3/30/26 11:00,23 St-Baruch College (6),Metrocard - Other,6,0
3/30/26 11:00,23 St-Baruch College (6),OMNY - Full Fare,620,20
3/30/26 11:00,23 St-Baruch College (6),OMNY - Fair Fare,30,1
3/30/26 10:00,23 St-Baruch College (6),OMNY - Seniors & Disability,68,15
3/30/26 10:00,23 St-Baruch College (6),OMNY - Other,15,0
3/30/26 10:00,23 St-Baruch College (6),Metrocard - Unlimited 30-Day,1,0
3/30/26 10:00,23 St-Baruch College (6),OMNY - Fair Fare,20,0
3/30/26 10:00,23 St-Baruch College (6),OMNY - Full Fare,574,32
3/30/26 10:00,23 St-Baruch College (6),Metrocard - Other,5,0
3/30/26 10:00,23 St-Baruch College (6),Metrocard - Unlimited 7-Day,1,0
3/30/26 10:00,23 St-Baruch College (6),OMNY - Students,21,0
3/30/26 9:00,23 St-Baruch College (6),OMNY - Full Fare,809,67
3/30/26 9:00,23 St-Baruch College (6),OMNY - Seniors & Disability,44,7
3/30/26 9:00,23 St-Baruch College (6),Metrocard - Unlimited 30-Day,3,0
3/30/26 9:00,23 St-Baruch College (6),OMNY - Other,18,0
3/30/26 9:00,23 St-Baruch College (6),OMNY - Fair Fare,15,0
3/30/26 9:00,23 St-Baruch College (6),Metrocard - Other,2,0
3/30/26 9:00,23 St-Baruch College (6),OMNY - Students,23,0
3/30/26 8:00,23 St-Baruch College (6),OMNY - Seniors & Disability,40,7
3/30/26 8:00,23 St-Baruch College (6),Metrocard - Other,1,0
3/30/26 8:00,23 St-Baruch College (6),OMNY - Fair Fare,21,3
3/30/26 8:00,23 St-Baruch College (6),Metrocard - Unlimited 30-Day,1,0
3/30/26 8:00,23 St-Baruch College (6),OMNY - Full Fare,"1,274",101
3/30/26 8:00,23 St-Baruch College (6),OMNY - Other,12,0
3/30/26 8:00,23 St-Baruch College (6),Metrocard - Unlimited 7-Day,1,0
3/30/26 8:00,23 St-Baruch College (6),OMNY - Students,33,2
3/30/26 7:00,23 St-Baruch College (6),OMNY - Seniors & Disability,19,4
3/30/26 7:00,23 St-Baruch College (6),OMNY - Full Fare,618,94
3/30/26 7:00,23 St-Baruch College (6),Metrocard - Other,3,0
3/30/26 7:00,23 St-Baruch College (6),OMNY - Other,11,1
3/30/26 7:00,23 St-Baruch College (6),OMNY - Students,48,1
3/30/26 7:00,23 St-Baruch College (6),OMNY - Fair Fare,10,1
3/30/26 6:00,23 St-Baruch College (6),OMNY - Full Fare,202,55
3/30/26 6:00,23 St-Baruch College (6),Metrocard - Unlimited 30-Day,1,0
3/30/26 6:00,23 St-Baruch College (6),OMNY - Fair Fare,3,0
3/30/26 6:00,23 St-Baruch College (6),OMNY - Other,7,0
3/30/26 6:00,23 St-Baruch College (6),Metrocard - Other,2,0
3/30/26 6:00,23 St-Baruch College (6),OMNY - Students,6,0
3/30/26 6:00,23 St-Baruch College (6),OMNY - Seniors & Disability,10,4
3/30/26 5:00,23 St-Baruch College (6),OMNY - Students,1,0
3/30/26 5:00,23 St-Baruch College (6),OMNY - Fair Fare,3,0
3/30/26 5:00,23 St-Baruch College (6),OMNY - Full Fare,50,14
3/30/26 5:00,23 St-Baruch College (6),OMNY - Other,1,0
3/30/26 5:00,23 St-Baruch College (6),OMNY - Seniors & Disability,6,1
3/30/26 4:00,23 St-Baruch College (6),OMNY - Full Fare,14,1
3/30/26 4:00,23 St-Baruch College (6),OMNY - Other,2,0
3/30/26 4:00,23 St-Baruch College (6),OMNY - Students,1,0
3/30/26 3:00,23 St-Baruch College (6),OMNY - Full Fare,11,0
3/30/26 3:00,23 St-Baruch College (6),OMNY - Seniors & Disability,1,1
3/30/26 3:00,23 St-Baruch College (6),OMNY - Other,1,0
3/30/26 3:00,23 St-Baruch College (6),Metrocard - Seniors & Disability,1,0
3/30/26 2:00,23 St-Baruch College (6),OMNY - Full Fare,7,0
3/30/26 2:00,23 St-Baruch College (6),OMNY - Fair Fare,1,0
3/30/26 1:00,23 St-Baruch College (6),OMNY - Full Fare,39,2
3/30/26 1:00,23 St-Baruch College (6),OMNY - Other,1,0
3/30/26 0:00,23 St-Baruch College (6),OMNY - Full Fare,82,1
3/30/26 0:00,23 St-Baruch College (6),OMNY - Students,2,0
3/30/26 0:00,23 St-Baruch College (6),Metrocard - Other,1,0
3/30/26 0:00,23 St-Baruch College (6),OMNY - Other,5,0
3/30/26 0:00,23 St-Baruch College (6),OMNY - Fair Fare,3,0
3/30/26 0:00,23 St-Baruch College (6),OMNY - Seniors & Disability,2,0
3/29/26 23:00,23 St-Baruch College (6),OMNY - Other,3,0
3/29/26 23:00,23 St-Baruch College (6),OMNY - Students,4,0
3/29/26 23:00,23 St-Baruch College (6),OMNY - Full Fare,134,1
3/29/26 23:00,23 St-Baruch College (6),OMNY - Fair Fare,3,0
3/29/26 23:00,23 St-Baruch College (6),OMNY - Seniors & Disability,5,0
3/29/26 22:00,23 St-Baruch College (6),Metrocard - Unlimited 30-Day,1,0
3/29/26 22:00,23 St-Baruch College (6),Metrocard - Other,1,0
3/29/26 22:00,23 St-Baruch College (6),OMNY - Students,10,0
3/29/26 22:00,23 St-Baruch College (6),OMNY - Fair Fare,18,1
3/29/26 22:00,23 St-Baruch College (6),OMNY - Other,3,0
3/29/26 22:00,23 St-Baruch College (6),OMNY - Full Fare,239,4
3/29/26 22:00,23 St-Baruch College (6),OMNY - Seniors & Disability,5,0
3/29/26 21:00,23 St-Baruch College (6),OMNY - Fair Fare,18,1
3/29/26 21:00,23 St-Baruch College (6),OMNY - Seniors & Disability,8,0
3/29/26 21:00,23 St-Baruch College (6),OMNY - Other,12,0
3/29/26 21:00,23 St-Baruch College (6),OMNY - Full Fare,295,3
3/29/26 21:00,23 St-Baruch College (6),OMNY - Students,4,0
3/29/26 21:00,23 St-Baruch College (6),Metrocard - Unlimited 30-Day,1,0
3/29/26 20:00,23 St-Baruch College (6),OMNY - Fair Fare,18,1
3/29/26 20:00,23 St-Baruch College (6),OMNY - Full Fare,289,9
3/29/26 20:00,23 St-Baruch College (6),OMNY - Students,8,0
3/29/26 20:00,23 St-Baruch College (6),OMNY - Seniors & Disability,16,0
3/29/26 20:00,23 St-Baruch College (6),OMNY - Other,5,0
3/29/26 19:00,23 St-Baruch College (6),OMNY - Full Fare,402,5
3/29/26 19:00,23 St-Baruch College (6),OMNY - Students,14,1
3/29/26 19:00,23 St-Baruch College (6),OMNY - Other,6,0
3/29/26 19:00,23 St-Baruch College (6),OMNY - Fair Fare,13,0
3/29/26 19:00,23 St-Baruch College (6),Metrocard - Unlimited 30-Day,1,0
3/29/26 19:00,23 St-Baruch College (6),Metrocard - Seniors & Disability,1,0
3/29/26 19:00,23 St-Baruch College (6),OMNY - Seniors & Disability,11,1
3/29/26 18:00,23 St-Baruch College (6),OMNY - Other,3,0
3/29/26 18:00,23 St-Baruch College (6),OMNY - Seniors & Disability,20,3
3/29/26 18:00,23 St-Baruch College (6),OMNY - Fair Fare,16,1
3/29/26 18:00,23 St-Baruch College (6),Metrocard - Other,1,0
3/29/26 18:00,23 St-Baruch College (6),OMNY - Students,19,0
3/29/26 18:00,23 St-Baruch College (6),OMNY - Full Fare,414,11
3/29/26 17:00,23 St-Baruch College (6),OMNY - Other,10,0
3/29/26 17:00,23 St-Baruch College (6),Metrocard - Other,2,0
3/29/26 17:00,23 St-Baruch College (6),OMNY - Students,16,0
3/29/26 17:00,23 St-Baruch College (6),OMNY - Fair Fare,19,1
3/29/26 17:00,23 St-Baruch College (6),OMNY - Seniors & Disability,22,3
3/29/26 17:00,23 St-Baruch College (6),OMNY - Full Fare,476,17
3/29/26 17:00,23 St-Baruch College (6),Metrocard - Full Fare,1,0
3/29/26 16:00,23 St-Baruch College (6),OMNY - Seniors & Disability,21,3
3/29/26 16:00,23 St-Baruch College (6),OMNY - Full Fare,538,11
3/29/26 16:00,23 St-Baruch College (6),OMNY - Fair Fare,20,1
3/29/26 16:00,23 St-Baruch College (6),OMNY - Other,7,0
3/29/26 16:00,23 St-Baruch College (6),OMNY - Students,14,0
3/29/26 16:00,23 St-Baruch College (6),Metrocard - Unlimited 30-Day,1,0
3/29/26 15:00,23 St-Baruch College (6),OMNY - Full Fare,478,10
3/29/26 15:00,23 St-Baruch College (6),OMNY - Other,2,0
3/29/26 15:00,23 St-Baruch College (6),OMNY - Students,21,0
3/29/26 15:00,23 St-Baruch College (6),OMNY - Seniors & Disability,29,1
3/29/26 15:00,23 St-Baruch College (6),Metrocard - Other,2,0
3/29/26 15:00,23 St-Baruch College (6),OMNY - Fair Fare,24,0
3/29/26 14:00,23 St-Baruch College (6),OMNY - Other,8,0
3/29/26 14:00,23 St-Baruch College (6),OMNY - Fair Fare,7,1
3/29/26 14:00,23 St-Baruch College (6),OMNY - Full Fare,480,7
3/29/26 14:00,23 St-Baruch College (6),OMNY - Students,19,0
3/29/26 14:00,23 St-Baruch College (6),Metrocard - Other,1,0
3/29/26 14:00,23 St-Baruch College (6),OMNY - Seniors & Disability,27,4
3/29/26 13:00,23 St-Baruch College (6),Metrocard - Other,1,0
3/29/26 13:00,23 St-Baruch College (6),OMNY - Fair Fare,9,2
3/29/26 13:00,23 St-Baruch College (6),OMNY - Full Fare,530,7
3/29/26 13:00,23 St-Baruch College (6),OMNY - Seniors & Disability,32,1
3/29/26 13:00,23 St-Baruch College (6),OMNY - Students,14,0
3/29/26 13:00,23 St-Baruch College (6),Metrocard - Unlimited 30-Day,1,0
3/29/26 13:00,23 St-Baruch College (6),OMNY - Other,7,0
3/29/26 12:00,23 St-Baruch College (6),Metrocard - Other,4,0
3/29/26 12:00,23 St-Baruch College (6),OMNY - Students,11,0
3/29/26 12:00,23 St-Baruch College (6),OMNY - Seniors & Disability,23,6
3/29/26 12:00,23 St-Baruch College (6),Metrocard - Seniors & Disability,1,0
3/29/26 12:00,23 St-Baruch College (6),OMNY - Full Fare,509,24
3/29/26 12:00,23 St-Baruch College (6),OMNY - Other,12,0
3/29/26 12:00,23 St-Baruch College (6),OMNY - Fair Fare,15,1
3/29/26 11:00,23 St-Baruch College (6),OMNY - Fair Fare,6,0
3/29/26 11:00,23 St-Baruch College (6),OMNY - Full Fare,383,10
3/29/26 11:00,23 St-Baruch College (6),OMNY - Seniors & Disability,25,2
3/29/26 11:00,23 St-Baruch College (6),OMNY - Students,10,0
3/29/26 10:00,23 St-Baruch College (6),OMNY - Full Fare,307,12
3/29/26 10:00,23 St-Baruch College (6),OMNY - Other,8,0
3/29/26 10:00,23 St-Baruch College (6),OMNY - Students,7,1
3/29/26 10:00,23 St-Baruch College (6),OMNY - Fair Fare,6,0
3/29/26 10:00,23 St-Baruch College (6),OMNY - Seniors & Disability,26,3
3/29/26 9:00,23 St-Baruch College (6),OMNY - Fair Fare,6,0
3/29/26 9:00,23 St-Baruch College (6),OMNY - Other,8,0
3/29/26 9:00,23 St-Baruch College (6),OMNY - Students,1,0
3/29/26 9:00,23 St-Baruch College (6),OMNY - Full Fare,158,8
3/29/26 9:00,23 St-Baruch College (6),OMNY - Seniors & Disability,13,4
3/29/26 8:00,23 St-Baruch College (6),OMNY - Fair Fare,3,1
3/29/26 8:00,23 St-Baruch College (6),OMNY - Students,1,1
3/29/26 8:00,23 St-Baruch College (6),Metrocard - Other,1,0
3/29/26 8:00,23 St-Baruch College (6),OMNY - Seniors & Disability,12,1
3/29/26 8:00,23 St-Baruch College (6),OMNY - Full Fare,162,8
3/29/26 8:00,23 St-Baruch College (6),OMNY - Other,10,0
3/29/26 7:00,23 St-Baruch College (6),OMNY - Full Fare,50,0
3/29/26 7:00,23 St-Baruch College (6),OMNY - Seniors & Disability,3,1
3/29/26 7:00,23 St-Baruch College (6),OMNY - Students,1,0
3/29/26 7:00,23 St-Baruch College (6),OMNY - Other,4,0
3/29/26 6:00,23 St-Baruch College (6),OMNY - Fair Fare,1,0
3/29/26 6:00,23 St-Baruch College (6),OMNY - Full Fare,35,2
3/29/26 6:00,23 St-Baruch College (6),OMNY - Students,4,0
3/29/26 6:00,23 St-Baruch College (6),OMNY - Other,4,0
3/29/26 6:00,23 St-Baruch College (6),OMNY - Seniors & Disability,4,0
3/29/26 5:00,23 St-Baruch College (6),OMNY - Other,2,0
3/29/26 5:00,23 St-Baruch College (6),OMNY - Fair Fare,3,0
3/29/26 5:00,23 St-Baruch College (6),OMNY - Students,1,0
3/29/26 5:00,23 St-Baruch College (6),OMNY - Full Fare,22,1
3/29/26 4:00,23 St-Baruch College (6),OMNY - Students,2,0
3/29/26 4:00,23 St-Baruch College (6),OMNY - Full Fare,23,1
3/29/26 4:00,23 St-Baruch College (6),OMNY - Other,5,0
3/29/26 4:00,23 St-Baruch College (6),OMNY - Seniors & Disability,1,0
3/29/26 4:00,23 St-Baruch College (6),OMNY - Fair Fare,1,0
3/29/26 3:00,23 St-Baruch College (6),OMNY - Students,3,0
3/29/26 3:00,23 St-Baruch College (6),OMNY - Fair Fare,3,0
3/29/26 3:00,23 St-Baruch College (6),OMNY - Full Fare,27,0
3/29/26 3:00,23 St-Baruch College (6),OMNY - Seniors & Disability,1,0
3/29/26 2:00,23 St-Baruch College (6),OMNY - Full Fare,46,2
3/29/26 2:00,23 St-Baruch College (6),OMNY - Students,1,0
3/29/26 2:00,23 St-Baruch College (6),OMNY - Fair Fare,2,0
3/29/26 1:00,23 St-Baruch College (6),OMNY - Other,1,0
3/29/26 1:00,23 St-Baruch College (6),OMNY - Students,4,0
3/29/26 1:00,23 St-Baruch College (6),Metrocard - Other,1,0
3/29/26 1:00,23 St-Baruch College (6),OMNY - Fair Fare,5,1
3/29/26 1:00,23 St-Baruch College (6),OMNY - Full Fare,116,0
3/29/26 0:00,23 St-Baruch College (6),OMNY - Full Fare,193,1
3/29/26 0:00,23 St-Baruch College (6),Metrocard - Unlimited 30-Day,1,0
3/29/26 0:00,23 St-Baruch College (6),OMNY - Seniors & Disability,3,0
3/29/26 0:00,23 St-Baruch College (6),OMNY - Other,6,0
3/29/26 0:00,23 St-Baruch College (6),OMNY - Students,6,0
3/29/26 0:00,23 St-Baruch College (6),OMNY - Fair Fare,3,0
3/28/26 23:00,23 St-Baruch College (6),OMNY - Fair Fare,6,0
3/28/26 23:00,23 St-Baruch College (6),OMNY - Other,5,0
3/28/26 23:00,23 St-Baruch College (6),OMNY - Full Fare,350,7
3/28/26 23:00,23 St-Baruch College (6),OMNY - Students,13,0
3/28/26 23:00,23 St-Baruch College (6),Metrocard - Other,1,0
3/28/26 23:00,23 St-Baruch College (6),OMNY - Seniors & Disability,7,0
3/28/26 22:00,23 St-Baruch College (6),Metrocard - Other,1,0
3/28/26 22:00,23 St-Baruch College (6),OMNY - Students,11,0
3/28/26 22:00,23 St-Baruch College (6),OMNY - Seniors & Disability,12,1
3/28/26 22:00,23 St-Baruch College (6),Metrocard - Unlimited 30-Day,1,0
3/28/26 22:00,23 St-Baruch College (6),OMNY - Fair Fare,19,1
3/28/26 22:00,23 St-Baruch College (6),OMNY - Other,11,0
3/28/26 22:00,23 St-Baruch College (6),OMNY - Full Fare,356,6
3/28/26 21:00,23 St-Baruch College (6),OMNY - Fair Fare,13,0
3/28/26 21:00,23 St-Baruch College (6),OMNY - Other,7,0
3/28/26 21:00,23 St-Baruch College (6),OMNY - Seniors & Disability,13,0
3/28/26 21:00,23 St-Baruch College (6),OMNY - Full Fare,364,6
3/28/26 21:00,23 St-Baruch College (6),Metrocard - Unlimited 30-Day,1,0
3/28/26 21:00,23 St-Baruch College (6),OMNY - Students,9,0
3/28/26 20:00,23 St-Baruch College (6),Metrocard - Other,1,0
3/28/26 20:00,23 St-Baruch College (6),OMNY - Seniors & Disability,10,2
3/28/26 20:00,23 St-Baruch College (6),OMNY - Students,22,2
3/28/26 20:00,23 St-Baruch College (6),OMNY - Other,5,0
3/28/26 20:00,23 St-Baruch College (6),OMNY - Full Fare,440,4
3/28/26 20:00,23 St-Baruch College (6),OMNY - Fair Fare,17,0
3/28/26 19:00,23 St-Baruch College (6),OMNY - Fair Fare,23,0
3/28/26 19:00,23 St-Baruch College (6),OMNY - Students,19,0
3/28/26 19:00,23 St-Baruch College (6),Metrocard - Unlimited 30-Day,1,0
3/28/26 19:00,23 St-Baruch College (6),OMNY - Seniors & Disability,17,2
3/28/26 19:00,23 St-Baruch College (6),Metrocard - Other,1,0
3/28/26 19:00,23 St-Baruch College (6),OMNY - Full Fare,554,9
3/28/26 19:00,23 St-Baruch College (6),OMNY - Other,7,0
3/28/26 19:00,23 St-Baruch College (6),Metrocard - Full Fare,1,0
3/28/26 18:00,23 St-Baruch College (6),OMNY - Other,16,0
3/28/26 18:00,23 St-Baruch College (6),OMNY - Seniors & Disability,40,3
3/28/26 18:00,23 St-Baruch College (6),OMNY - Full Fare,620,20
3/28/26 18:00,23 St-Baruch College (6),OMNY - Fair Fare,26,3
3/28/26 18:00,23 St-Baruch College (6),OMNY - Students,22,1
3/28/26 17:00,23 St-Baruch College (6),OMNY - Other,7,0
3/28/26 17:00,23 St-Baruch College (6),Metrocard - Seniors & Disability,1,0
3/28/26 17:00,23 St-Baruch College (6),OMNY - Seniors & Disability,41,10
3/28/26 17:00,23 St-Baruch College (6),OMNY - Students,26,0
3/28/26 17:00,23 St-Baruch College (6),OMNY - Full Fare,688,28
3/28/26 17:00,23 St-Baruch College (6),OMNY - Fair Fare,24,0
3/28/26 16:00,23 St-Baruch College (6),Metrocard - Seniors & Disability,1,0
3/28/26 16:00,23 St-Baruch College (6),Metrocard - Other,1,0
3/28/26 16:00,23 St-Baruch College (6),OMNY - Seniors & Disability,37,4
3/28/26 16:00,23 St-Baruch College (6),OMNY - Full Fare,779,21
3/28/26 16:00,23 St-Baruch College (6),OMNY - Fair Fare,42,1
3/28/26 16:00,23 St-Baruch College (6),OMNY - Other,16,1
3/28/26 16:00,23 St-Baruch College (6),OMNY - Students,45,1
3/28/26 15:00,23 St-Baruch College (6),OMNY - Other,12,0
3/28/26 15:00,23 St-Baruch College (6),Metrocard - Other,2,0
3/28/26 15:00,23 St-Baruch College (6),OMNY - Students,41,3
3/28/26 15:00,23 St-Baruch College (6),OMNY - Fair Fare,43,1
3/28/26 15:00,23 St-Baruch College (6),OMNY - Full Fare,783,12
3/28/26 15:00,23 St-Baruch College (6),OMNY - Seniors & Disability,43,2
3/28/26 14:00,23 St-Baruch College (6),Metrocard - Unlimited 30-Day,1,0
3/28/26 14:00,23 St-Baruch College (6),OMNY - Seniors & Disability,37,4
3/28/26 14:00,23 St-Baruch College (6),OMNY - Students,86,1
3/28/26 14:00,23 St-Baruch College (6),OMNY - Fair Fare,34,1
3/28/26 14:00,23 St-Baruch College (6),Metrocard - Other,2,0
3/28/26 14:00,23 St-Baruch College (6),OMNY - Full Fare,815,29
3/28/26 14:00,23 St-Baruch College (6),OMNY - Other,9,0
3/28/26 13:00,23 St-Baruch College (6),OMNY - Seniors & Disability,43,2
3/28/26 13:00,23 St-Baruch College (6),Metrocard - Other,2,0
3/28/26 13:00,23 St-Baruch College (6),OMNY - Other,19,0
3/28/26 13:00,23 St-Baruch College (6),OMNY - Students,84,1
3/28/26 13:00,23 St-Baruch College (6),OMNY - Fair Fare,32,0
3/28/26 13:00,23 St-Baruch College (6),OMNY - Full Fare,814,11
3/28/26 12:00,23 St-Baruch College (6),OMNY - Students,44,2
3/28/26 12:00,23 St-Baruch College (6),OMNY - Seniors & Disability,41,5
3/28/26 12:00,23 St-Baruch College (6),Metrocard - Other,1,0
3/28/26 12:00,23 St-Baruch College (6),OMNY - Full Fare,657,18
3/28/26 12:00,23 St-Baruch College (6),OMNY - Fair Fare,29,0
3/28/26 12:00,23 St-Baruch College (6),OMNY - Other,16,0
3/28/26 11:00,23 St-Baruch College (6),OMNY - Other,1,0
3/28/26 11:00,23 St-Baruch College (6),Metrocard - Other,2,0
3/28/26 11:00,23 St-Baruch College (6),OMNY - Seniors & Disability,28,4
3/28/26 11:00,23 St-Baruch College (6),OMNY - Students,38,0
3/28/26 11:00,23 St-Baruch College (6),OMNY - Full Fare,561,21
3/28/26 11:00,23 St-Baruch College (6),OMNY - Fair Fare,16,1
3/28/26 10:00,23 St-Baruch College (6),OMNY - Fair Fare,5,0
3/28/26 10:00,23 St-Baruch College (6),OMNY - Students,21,0
3/28/26 10:00,23 St-Baruch College (6),OMNY - Other,9,0
3/28/26 10:00,23 St-Baruch College (6),OMNY - Full Fare,417,9
3/28/26 10:00,23 St-Baruch College (6),OMNY - Seniors & Disability,20,3
3/28/26 9:00,23 St-Baruch College (6),OMNY - Seniors & Disability,18,6
3/28/26 9:00,23 St-Baruch College (6),OMNY - Other,6,0
3/28/26 9:00,23 St-Baruch College (6),OMNY - Fair Fare,2,0
3/28/26 9:00,23 St-Baruch College (6),OMNY - Full Fare,276,9
3/28/26 9:00,23 St-Baruch College (6),OMNY - Students,9,0
3/28/26 8:00,23 St-Baruch College (6),OMNY - Other,2,0
3/28/26 8:00,23 St-Baruch College (6),OMNY - Fair Fare,3,0
3/28/26 8:00,23 St-Baruch College (6),OMNY - Students,5,0
3/28/26 8:00,23 St-Baruch College (6),OMNY - Seniors & Disability,9,1
3/28/26 8:00,23 St-Baruch College (6),OMNY - Full Fare,139,5
3/28/26 8:00,23 St-Baruch College (6),Metrocard - Other,1,0
3/28/26 7:00,23 St-Baruch College (6),Metrocard - Other,2,0
3/28/26 7:00,23 St-Baruch College (6),OMNY - Seniors & Disability,12,3
3/28/26 7:00,23 St-Baruch College (6),Metrocard - Unlimited 30-Day,1,0
3/28/26 7:00,23 St-Baruch College (6),OMNY - Full Fare,89,7
3/28/26 7:00,23 St-Baruch College (6),OMNY - Other,4,0
3/28/26 7:00,23 St-Baruch College (6),OMNY - Fair Fare,2,0
3/28/26 7:00,23 St-Baruch College (6),OMNY - Students,6,0
3/28/26 6:00,23 St-Baruch College (6),OMNY - Students,2,0
3/28/26 6:00,23 St-Baruch College (6),OMNY - Full Fare,46,3
3/28/26 6:00,23 St-Baruch College (6),OMNY - Other,5,0
3/28/26 6:00,23 St-Baruch College (6),OMNY - Seniors & Disability,4,0
3/28/26 6:00,23 St-Baruch College (6),OMNY - Fair Fare,2,0
3/28/26 5:00,23 St-Baruch College (6),OMNY - Full Fare,6,0
3/28/26 5:00,23 St-Baruch College (6),OMNY - Fair Fare,1,0
3/28/26 2:00,23 St-Baruch College (6),Metrocard - Other,2,0
3/28/26 1:00,23 St-Baruch College (6),Metrocard - Other,2,0
3/28/26 0:00,23 St-Baruch College (6),OMNY - Full Fare,212,4
3/28/26 0:00,23 St-Baruch College (6),OMNY - Fair Fare,14,2
3/28/26 0:00,23 St-Baruch College (6),OMNY - Other,4,0
3/28/26 0:00,23 St-Baruch College (6),OMNY - Seniors & Disability,4,0
3/28/26 0:00,23 St-Baruch College (6),OMNY - Students,7,0
3/27/26 23:00,23 St-Baruch College (6),OMNY - Seniors & Disability,15,1
3/27/26 23:00,23 St-Baruch College (6),OMNY - Fair Fare,18,0
3/27/26 23:00,23 St-Baruch College (6),OMNY - Full Fare,424,6
3/27/26 23:00,23 St-Baruch College (6),Metrocard - Unlimited 30-Day,3,0
3/27/26 23:00,23 St-Baruch College (6),Metrocard - Other,1,0
3/27/26 23:00,23 St-Baruch College (6),OMNY - Other,6,0
3/27/26 23:00,23 St-Baruch College (6),OMNY - Students,11,0
3/27/26 22:00,23 St-Baruch College (6),OMNY - Other,10,0
3/27/26 22:00,23 St-Baruch College (6),OMNY - Full Fare,511,10
3/27/26 22:00,23 St-Baruch College (6),OMNY - Students,11,1
3/27/26 22:00,23 St-Baruch College (6),OMNY - Seniors & Disability,20,0
3/27/26 22:00,23 St-Baruch College (6),OMNY - Fair Fare,32,0
3/27/26 22:00,23 St-Baruch College (6),Metrocard - Other,1,0
3/27/26 21:00,23 St-Baruch College (6),Metrocard - Seniors & Disability,1,0
3/27/26 21:00,23 St-Baruch College (6),OMNY - Other,13,0
3/27/26 21:00,23 St-Baruch College (6),Metrocard - Other,5,0
3/27/26 21:00,23 St-Baruch College (6),OMNY - Students,24,0
3/27/26 21:00,23 St-Baruch College (6),Metrocard - Unlimited 30-Day,1,0
3/27/26 21:00,23 St-Baruch College (6),OMNY - Fair Fare,22,0
3/27/26 21:00,23 St-Baruch College (6),OMNY - Seniors & Disability,15,1
3/27/26 21:00,23 St-Baruch College (6),OMNY - Full Fare,508,4
3/27/26 20:00,23 St-Baruch College (6),Metrocard - Unlimited 30-Day,1,0
3/27/26 20:00,23 St-Baruch College (6),Metrocard - Other,8,0
3/27/26 20:00,23 St-Baruch College (6),OMNY - Seniors & Disability,32,2
3/27/26 20:00,23 St-Baruch College (6),OMNY - Full Fare,748,12
3/27/26 20:00,23 St-Baruch College (6),OMNY - Students,40,0
3/27/26 20:00,23 St-Baruch College (6),OMNY - Fair Fare,32,0
3/27/26 20:00,23 St-Baruch College (6),OMNY - Other,13,0
3/27/26 19:00,23 St-Baruch College (6),OMNY - Full Fare,921,14
3/27/26 19:00,23 St-Baruch College (6),Metrocard - Other,3,0
3/27/26 19:00,23 St-Baruch College (6),OMNY - Fair Fare,38,1
3/27/26 19:00,23 St-Baruch College (6),OMNY - Other,10,0
3/27/26 19:00,23 St-Baruch College (6),OMNY - Students,40,3
3/27/26 19:00,23 St-Baruch College (6),OMNY - Seniors & Disability,36,1
3/27/26 18:00,23 St-Baruch College (6),OMNY - Other,29,0
3/27/26 18:00,23 St-Baruch College (6),OMNY - Fair Fare,46,2
3/27/26 18:00,23 St-Baruch College (6),OMNY - Seniors & Disability,54,3
3/27/26 18:00,23 St-Baruch College (6),OMNY - Full Fare,"1,282",33
3/27/26 18:00,23 St-Baruch College (6),Metrocard - Other,9,0
3/27/26 18:00,23 St-Baruch College (6),OMNY - Students,43,2
3/27/26 17:00,23 St-Baruch College (6),Metrocard - Unlimited 7-Day,2,0
3/27/26 17:00,23 St-Baruch College (6),OMNY - Fair Fare,65,3
3/27/26 17:00,23 St-Baruch College (6),Metrocard - Unlimited 30-Day,5,0
3/27/26 17:00,23 St-Baruch College (6),Metrocard - Other,5,0
3/27/26 17:00,23 St-Baruch College (6),OMNY - Other,26,0
3/27/26 17:00,23 St-Baruch College (6),OMNY - Students,87,4
3/27/26 17:00,23 St-Baruch College (6),Metrocard - Full Fare,1,0
3/27/26 17:00,23 St-Baruch College (6),OMNY - Seniors & Disability,75,7
3/27/26 17:00,23 St-Baruch College (6),Metrocard - Seniors & Disability,1,0
3/27/26 17:00,23 St-Baruch College (6),OMNY - Full Fare,"1,560",31
3/27/26 16:00,23 St-Baruch College (6),OMNY - Seniors & Disability,95,13
3/27/26 16:00,23 St-Baruch College (6),OMNY - Fair Fare,82,2
3/27/26 16:00,23 St-Baruch College (6),Metrocard - Unlimited 7-Day,2,0
3/27/26 16:00,23 St-Baruch College (6),OMNY - Other,8,0
3/27/26 16:00,23 St-Baruch College (6),OMNY - Students,138,4
3/27/26 16:00,23 St-Baruch College (6),Metrocard - Unlimited 30-Day,1,0
3/27/26 16:00,23 St-Baruch College (6),OMNY - Full Fare,"1,589",49
3/27/26 16:00,23 St-Baruch College (6),Metrocard - Other,9,0
3/27/26 15:00,23 St-Baruch College (6),Metrocard - Unlimited 30-Day,3,0
3/27/26 15:00,23 St-Baruch College (6),OMNY - Other,23,0
3/27/26 15:00,23 St-Baruch College (6),OMNY - Full Fare,"1,429",45
3/27/26 15:00,23 St-Baruch College (6),OMNY - Fair Fare,81,3
3/27/26 15:00,23 St-Baruch College (6),OMNY - Students,212,6
3/27/26 15:00,23 St-Baruch College (6),Metrocard - Other,5,0
3/27/26 15:00,23 St-Baruch College (6),Metrocard - Unlimited 7-Day,2,0
3/27/26 15:00,23 St-Baruch College (6),OMNY - Seniors & Disability,99,9
3/27/26 14:00,23 St-Baruch College (6),OMNY - Seniors & Disability,96,12
3/27/26 14:00,23 St-Baruch College (6),OMNY - Other,17,0
3/27/26 14:00,23 St-Baruch College (6),Metrocard - Unlimited 30-Day,2,0
3/27/26 14:00,23 St-Baruch College (6),OMNY - Full Fare,"1,100",23
3/27/26 14:00,23 St-Baruch College (6),Metrocard - Unlimited 7-Day,2,0
3/27/26 14:00,23 St-Baruch College (6),OMNY - Students,294,3
3/27/26 14:00,23 St-Baruch College (6),Metrocard - Other,6,0
3/27/26 14:00,23 St-Baruch College (6),OMNY - Fair Fare,81,4
3/27/26 13:00,23 St-Baruch College (6),OMNY - Full Fare,909,14
3/27/26 13:00,23 St-Baruch College (6),OMNY - Seniors & Disability,83,9
3/27/26 13:00,23 St-Baruch College (6),Metrocard - Other,6,0
3/27/26 13:00,23 St-Baruch College (6),Metrocard - Unlimited 7-Day,1,0
3/27/26 13:00,23 St-Baruch College (6),Metrocard - Unlimited 30-Day,5,0
3/27/26 13:00,23 St-Baruch College (6),OMNY - Fair Fare,72,0
3/27/26 13:00,23 St-Baruch College (6),OMNY - Other,15,0
3/27/26 13:00,23 St-Baruch College (6),OMNY - Students,59,1
3/27/26 12:00,23 St-Baruch College (6),OMNY - Students,71,2
3/27/26 12:00,23 St-Baruch College (6),OMNY - Other,15,0
3/27/26 12:00,23 St-Baruch College (6),Metrocard - Other,5,0
3/27/26 12:00,23 St-Baruch College (6),Metrocard - Full Fare,1,0
3/27/26 12:00,23 St-Baruch College (6),OMNY - Fair Fare,44,1
3/27/26 12:00,23 St-Baruch College (6),OMNY - Full Fare,836,10
3/27/26 12:00,23 St-Baruch College (6),Metrocard - Unlimited 7-Day,1,0
3/27/26 12:00,23 St-Baruch College (6),OMNY - Seniors & Disability,57,3
3/27/26 11:00,23 St-Baruch College (6),OMNY - Other,7,0
3/27/26 11:00,23 St-Baruch College (6),OMNY - Fair Fare,33,3
3/27/26 11:00,23 St-Baruch College (6),OMNY - Students,56,0
3/27/26 11:00,23 St-Baruch College (6),OMNY - Seniors & Disability,51,5
3/27/26 11:00,23 St-Baruch College (6),Metrocard - Other,2,0
3/27/26 11:00,23 St-Baruch College (6),OMNY - Full Fare,585,17
3/27/26 10:00,23 St-Baruch College (6),Metrocard - Other,4,1
3/27/26 10:00,23 St-Baruch College (6),OMNY - Seniors & Disability,56,10
3/27/26 10:00,23 St-Baruch College (6),Metrocard - Unlimited 7-Day,1,0
3/27/26 10:00,23 St-Baruch College (6),OMNY - Other,18,0
3/27/26 10:00,23 St-Baruch College (6),Metrocard - Unlimited 30-Day,3,0
3/27/26 10:00,23 St-Baruch College (6),OMNY - Fair Fare,14,0
3/27/26 10:00,23 St-Baruch College (6),OMNY - Students,22,0
3/27/26 10:00,23 St-Baruch College (6),OMNY - Full Fare,494,25
3/27/26 9:00,23 St-Baruch College (6),OMNY - Fair Fare,8,1
3/27/26 9:00,23 St-Baruch College (6),Metrocard - Other,3,0
3/27/26 9:00,23 St-Baruch College (6),OMNY - Other,6,0
3/27/26 9:00,23 St-Baruch College (6),OMNY - Full Fare,674,41
3/27/26 9:00,23 St-Baruch College (6),OMNY - Seniors & Disability,45,10
3/27/26 9:00,23 St-Baruch College (6),OMNY - Students,10,2
3/27/26 8:00,23 St-Baruch College (6),OMNY - Fair Fare,18,1
3/27/26 8:00,23 St-Baruch College (6),OMNY - Students,25,4
3/27/26 8:00,23 St-Baruch College (6),OMNY - Full Fare,888,92
3/27/26 8:00,23 St-Baruch College (6),OMNY - Other,9,0
3/27/26 8:00,23 St-Baruch College (6),OMNY - Seniors & Disability,19,2
3/27/26 8:00,23 St-Baruch College (6),Metrocard - Other,2,0
3/27/26 8:00,23 St-Baruch College (6),Metrocard - Unlimited 30-Day,1,0
3/27/26 7:00,23 St-Baruch College (6),OMNY - Seniors & Disability,22,3
3/27/26 7:00,23 St-Baruch College (6),OMNY - Students,41,1
3/27/26 7:00,23 St-Baruch College (6),OMNY - Fair Fare,13,3
3/27/26 7:00,23 St-Baruch College (6),Metrocard - Other,1,0
3/27/26 7:00,23 St-Baruch College (6),OMNY - Full Fare,438,95
3/27/26 7:00,23 St-Baruch College (6),OMNY - Other,6,0
3/27/26 6:00,23 St-Baruch College (6),Metrocard - Unlimited 30-Day,2,0
3/27/26 6:00,23 St-Baruch College (6),OMNY - Students,4,0
3/27/26 6:00,23 St-Baruch College (6),OMNY - Other,6,0
3/27/26 6:00,23 St-Baruch College (6),OMNY - Fair Fare,6,0
3/27/26 6:00,23 St-Baruch College (6),OMNY - Full Fare,172,52
3/27/26 6:00,23 St-Baruch College (6),OMNY - Seniors & Disability,14,4
3/27/26 5:00,23 St-Baruch College (6),OMNY - Students,1,0
3/27/26 5:00,23 St-Baruch College (6),OMNY - Fair Fare,2,0
3/27/26 5:00,23 St-Baruch College (6),Metrocard - Other,1,0
3/27/26 5:00,23 St-Baruch College (6),OMNY - Full Fare,59,22
3/27/26 5:00,23 St-Baruch College (6),OMNY - Other,2,0
3/27/26 5:00,23 St-Baruch College (6),OMNY - Seniors & Disability,2,1
3/27/26 4:00,23 St-Baruch College (6),Metrocard - Other,1,0
3/27/26 4:00,23 St-Baruch College (6),OMNY - Full Fare,2,0
3/27/26 3:00,23 St-Baruch College (6),OMNY - Fair Fare,1,0
3/27/26 3:00,23 St-Baruch College (6),OMNY - Other,3,0
3/27/26 3:00,23 St-Baruch College (6),OMNY - Full Fare,13,2
3/27/26 2:00,23 St-Baruch College (6),Metrocard - Other,1,0
3/27/26 2:00,23 St-Baruch College (6),OMNY - Other,3,0
3/27/26 2:00,23 St-Baruch College (6),OMNY - Full Fare,13,0
3/27/26 1:00,23 St-Baruch College (6),OMNY - Full Fare,28,1
3/27/26 1:00,23 St-Baruch College (6),OMNY - Other,2,0
3/27/26 1:00,23 St-Baruch College (6),OMNY - Students,1,0
3/27/26 1:00,23 St-Baruch College (6),OMNY - Seniors & Disability,1,0
3/27/26 1:00,23 St-Baruch College (6),OMNY - Fair Fare,2,0
3/27/26 0:00,23 St-Baruch College (6),OMNY - Full Fare,83,0
3/27/26 0:00,23 St-Baruch College (6),OMNY - Students,4,0
3/27/26 0:00,23 St-Baruch College (6),OMNY - Other,4,0
3/27/26 0:00,23 St-Baruch College (6),Metrocard - Other,2,0
3/27/26 0:00,23 St-Baruch College (6),Metrocard - Unlimited 30-Day,1,0
3/27/26 0:00,23 St-Baruch College (6),OMNY - Seniors & Disability,3,0
3/27/26 0:00,23 St-Baruch College (6),OMNY - Fair Fare,7,0
3/26/26 23:00,23 St-Baruch College (6),Metrocard - Full Fare,1,0
3/26/26 23:00,23 St-Baruch College (6),Metrocard - Other,1,0
3/26/26 23:00,23 St-Baruch College (6),OMNY - Fair Fare,18,0
3/26/26 23:00,23 St-Baruch College (6),OMNY - Seniors & Disability,13,1
3/26/26 23:00,23 St-Baruch College (6),OMNY - Full Fare,315,5
3/26/26 23:00,23 St-Baruch College (6),OMNY - Other,9,0
3/26/26 23:00,23 St-Baruch College (6),OMNY - Students,19,0
3/26/26 22:00,23 St-Baruch College (6),OMNY - Full Fare,560,3
3/26/26 22:00,23 St-Baruch College (6),OMNY - Fair Fare,29,0
3/26/26 22:00,23 St-Baruch College (6),OMNY - Other,11,0
3/26/26 22:00,23 St-Baruch College (6),Metrocard - Other,2,0
3/26/26 22:00,23 St-Baruch College (6),OMNY - Students,32,0
3/26/26 22:00,23 St-Baruch College (6),OMNY - Seniors & Disability,26,0
3/26/26 21:00,23 St-Baruch College (6),Metrocard - Other,5,0
3/26/26 21:00,23 St-Baruch College (6),OMNY - Other,7,0
3/26/26 21:00,23 St-Baruch College (6),OMNY - Fair Fare,50,1
3/26/26 21:00,23 St-Baruch College (6),OMNY - Full Fare,780,4
3/26/26 21:00,23 St-Baruch College (6),OMNY - Seniors & Disability,28,0
3/26/26 21:00,23 St-Baruch College (6),Metrocard - Seniors & Disability,1,0
3/26/26 21:00,23 St-Baruch College (6),Metrocard - Unlimited 30-Day,1,0
3/26/26 21:00,23 St-Baruch College (6),OMNY - Students,30,1
3/26/26 20:00,23 St-Baruch College (6),OMNY - Other,16,0
3/26/26 20:00,23 St-Baruch College (6),OMNY - Students,63,0
3/26/26 20:00,23 St-Baruch College (6),OMNY - Fair Fare,109,0
3/26/26 20:00,23 St-Baruch College (6),OMNY - Seniors & Disability,42,2
3/26/26 20:00,23 St-Baruch College (6),Metrocard - Unlimited 30-Day,1,0
3/26/26 20:00,23 St-Baruch College (6),OMNY - Full Fare,"1,168",9
3/26/26 20:00,23 St-Baruch College (6),Metrocard - Other,7,0
3/26/26 19:00,23 St-Baruch College (6),OMNY - Full Fare,"1,465",12
3/26/26 19:00,23 St-Baruch College (6),OMNY - Other,21,0
3/26/26 19:00,23 St-Baruch College (6),OMNY - Students,87,1
3/26/26 19:00,23 St-Baruch College (6),OMNY - Seniors & Disability,45,2
3/26/26 19:00,23 St-Baruch College (6),Metrocard - Other,3,0
3/26/26 19:00,23 St-Baruch College (6),Metrocard - Unlimited 30-Day,5,0
3/26/26 19:00,23 St-Baruch College (6),OMNY - Fair Fare,106,2
3/26/26 18:00,23 St-Baruch College (6),OMNY - Other,18,0
3/26/26 18:00,23 St-Baruch College (6),OMNY - Full Fare,"1,542",20
3/26/26 18:00,23 St-Baruch College (6),OMNY - Students,90,3
3/26/26 18:00,23 St-Baruch College (6),OMNY - Fair Fare,81,0
3/26/26 18:00,23 St-Baruch College (6),Metrocard - Other,13,0
3/26/26 18:00,23 St-Baruch College (6),OMNY - Seniors & Disability,73,7
3/26/26 18:00,23 St-Baruch College (6),Metrocard - Unlimited 30-Day,1,0
3/26/26 17:00,23 St-Baruch College (6),OMNY - Seniors & Disability,112,6
3/26/26 17:00,23 St-Baruch College (6),OMNY - Fair Fare,117,0
3/26/26 17:00,23 St-Baruch College (6),OMNY - Other,15,0
3/26/26 17:00,23 St-Baruch College (6),Metrocard - Unlimited 30-Day,5,0
3/26/26 17:00,23 St-Baruch College (6),OMNY - Full Fare,"2,392",33
3/26/26 17:00,23 St-Baruch College (6),OMNY - Students,191,2
3/26/26 17:00,23 St-Baruch College (6),Metrocard - Other,5,0
3/26/26 17:00,23 St-Baruch College (6),Metrocard - Unlimited 7-Day,2,0
3/26/26 16:00,23 St-Baruch College (6),Metrocard - Other,10,1
3/26/26 16:00,23 St-Baruch College (6),Metrocard - Unlimited 30-Day,3,0
3/26/26 16:00,23 St-Baruch College (6),Metrocard - Unlimited 7-Day,3,0
3/26/26 16:00,23 St-Baruch College (6),OMNY - Students,161,4
3/26/26 16:00,23 St-Baruch College (6),OMNY - Seniors & Disability,116,13
3/26/26 16:00,23 St-Baruch College (6),OMNY - Fair Fare,120,3
3/26/26 16:00,23 St-Baruch College (6),Metrocard - Full Fare,1,0
3/26/26 16:00,23 St-Baruch College (6),OMNY - Other,25,0
3/26/26 16:00,23 St-Baruch College (6),OMNY - Full Fare,"1,944",52
3/26/26 15:00,23 St-Baruch College (6),OMNY - Full Fare,"1,609",28
3/26/26 15:00,23 St-Baruch College (6),OMNY - Fair Fare,119,3
3/26/26 15:00,23 St-Baruch College (6),OMNY - Seniors & Disability,114,9
3/26/26 15:00,23 St-Baruch College (6),Metrocard - Unlimited 7-Day,1,0
3/26/26 15:00,23 St-Baruch College (6),Metrocard - Other,6,0
3/26/26 15:00,23 St-Baruch College (6),Metrocard - Unlimited 30-Day,2,0
3/26/26 15:00,23 St-Baruch College (6),Metrocard - Full Fare,3,0
3/26/26 15:00,23 St-Baruch College (6),OMNY - Other,14,0
3/26/26 15:00,23 St-Baruch College (6),Metrocard - Seniors & Disability,1,0
3/26/26 15:00,23 St-Baruch College (6),OMNY - Students,346,1
3/26/26 14:00,23 St-Baruch College (6),OMNY - Seniors & Disability,81,9
3/26/26 14:00,23 St-Baruch College (6),Metrocard - Other,3,0
3/26/26 14:00,23 St-Baruch College (6),Metrocard - Full Fare,1,0
3/26/26 14:00,23 St-Baruch College (6),OMNY - Full Fare,"1,076",26
3/26/26 14:00,23 St-Baruch College (6),OMNY - Fair Fare,71,2
3/26/26 14:00,23 St-Baruch College (6),OMNY - Students,165,1
3/26/26 14:00,23 St-Baruch College (6),Metrocard - Unlimited 7-Day,1,0
3/26/26 14:00,23 St-Baruch College (6),OMNY - Other,18,1
3/26/26 13:00,23 St-Baruch College (6),OMNY - Students,56,2
3/26/26 13:00,23 St-Baruch College (6),Metrocard - Other,3,0
3/26/26 13:00,23 St-Baruch College (6),OMNY - Fair Fare,39,4
3/26/26 13:00,23 St-Baruch College (6),OMNY - Seniors & Disability,62,6
3/26/26 13:00,23 St-Baruch College (6),OMNY - Other,20,0
3/26/26 13:00,23 St-Baruch College (6),OMNY - Full Fare,730,13
3/26/26 13:00,23 St-Baruch College (6),Metrocard - Unlimited 30-Day,1,0
3/26/26 12:00,23 St-Baruch College (6),Metrocard - Unlimited 30-Day,2,0
3/26/26 12:00,23 St-Baruch College (6),OMNY - Full Fare,990,15
3/26/26 12:00,23 St-Baruch College (6),OMNY - Students,97,0
3/26/26 12:00,23 St-Baruch College (6),OMNY - Seniors & Disability,88,11
3/26/26 12:00,23 St-Baruch College (6),Metrocard - Other,2,0
3/26/26 12:00,23 St-Baruch College (6),OMNY - Other,22,0
3/26/26 12:00,23 St-Baruch College (6),OMNY - Fair Fare,82,3
3/26/26 11:00,23 St-Baruch College (6),OMNY - Full Fare,767,20
3/26/26 11:00,23 St-Baruch College (6),OMNY - Fair Fare,57,2
3/26/26 11:00,23 St-Baruch College (6),OMNY - Students,65,0
3/26/26 11:00,23 St-Baruch College (6),OMNY - Other,21,0
3/26/26 11:00,23 St-Baruch College (6),Metrocard - Other,1,0
3/26/26 11:00,23 St-Baruch College (6),OMNY - Seniors & Disability,66,6
3/26/26 11:00,23 St-Baruch College (6),Metrocard - Unlimited 30-Day,3,0
3/26/26 10:00,23 St-Baruch College (6),OMNY - Students,28,0
3/26/26 10:00,23 St-Baruch College (6),OMNY - Full Fare,769,27
3/26/26 10:00,23 St-Baruch College (6),OMNY - Seniors & Disability,62,12
3/26/26 10:00,23 St-Baruch College (6),OMNY - Other,20,0
3/26/26 10:00,23 St-Baruch College (6),Metrocard - Other,4,0
3/26/26 10:00,23 St-Baruch College (6),OMNY - Fair Fare,44,1
3/26/26 9:00,23 St-Baruch College (6),OMNY - Seniors & Disability,59,11
3/26/26 9:00,23 St-Baruch College (6),Metrocard - Other,1,0
3/26/26 9:00,23 St-Baruch College (6),OMNY - Students,28,2
3/26/26 9:00,23 St-Baruch College (6),OMNY - Fair Fare,15,1
3/26/26 9:00,23 St-Baruch College (6),OMNY - Other,15,1
3/26/26 9:00,23 St-Baruch College (6),OMNY - Full Fare,992,70
3/26/26 8:00,23 St-Baruch College (6),OMNY - Fair Fare,19,2
3/26/26 8:00,23 St-Baruch College (6),OMNY - Seniors & Disability,38,8
3/26/26 8:00,23 St-Baruch College (6),OMNY - Full Fare,"1,388",106
3/26/26 8:00,23 St-Baruch College (6),Metrocard - Other,1,0
3/26/26 8:00,23 St-Baruch College (6),OMNY - Students,31,3
3/26/26 8:00,23 St-Baruch College (6),OMNY - Other,11,0
3/26/26 7:00,23 St-Baruch College (6),OMNY - Students,46,4
3/26/26 7:00,23 St-Baruch College (6),OMNY - Seniors & Disability,31,10
3/26/26 7:00,23 St-Baruch College (6),OMNY - Other,10,0
3/26/26 7:00,23 St-Baruch College (6),OMNY - Full Fare,620,96
3/26/26 7:00,23 St-Baruch College (6),Metrocard - Other,7,1
3/26/26 7:00,23 St-Baruch College (6),OMNY - Fair Fare,6,0
3/26/26 6:00,23 St-Baruch College (6),Metrocard - Unlimited 30-Day,2,0
3/26/26 6:00,23 St-Baruch College (6),Metrocard - Other,2,0
3/26/26 6:00,23 St-Baruch College (6),OMNY - Students,5,0
3/26/26 6:00,23 St-Baruch College (6),OMNY - Fair Fare,5,0
3/26/26 6:00,23 St-Baruch College (6),OMNY - Seniors & Disability,11,4
3/26/26 6:00,23 St-Baruch College (6),OMNY - Full Fare,201,52
3/26/26 6:00,23 St-Baruch College (6),OMNY - Other,8,0
3/26/26 5:00,23 St-Baruch College (6),OMNY - Fair Fare,3,0
3/26/26 5:00,23 St-Baruch College (6),OMNY - Seniors & Disability,1,0
3/26/26 5:00,23 St-Baruch College (6),OMNY - Students,2,0
3/26/26 5:00,23 St-Baruch College (6),OMNY - Other,4,0
3/26/26 5:00,23 St-Baruch College (6),OMNY - Full Fare,62,21
3/26/26 4:00,23 St-Baruch College (6),Metrocard - Other,1,0
3/26/26 4:00,23 St-Baruch College (6),OMNY - Other,4,0
3/26/26 4:00,23 St-Baruch College (6),OMNY - Full Fare,7,0
3/26/26 3:00,23 St-Baruch College (6),OMNY - Full Fare,2,0
3/26/26 3:00,23 St-Baruch College (6),OMNY - Other,2,0
3/26/26 2:00,23 St-Baruch College (6),OMNY - Other,3,0
3/26/26 2:00,23 St-Baruch College (6),Metrocard - Other,1,0
3/26/26 2:00,23 St-Baruch College (6),OMNY - Full Fare,14,0
3/26/26 2:00,23 St-Baruch College (6),OMNY - Fair Fare,1,0
3/26/26 1:00,23 St-Baruch College (6),OMNY - Other,3,0
3/26/26 1:00,23 St-Baruch College (6),OMNY - Fair Fare,3,0
3/26/26 1:00,23 St-Baruch College (6),OMNY - Students,2,0
3/26/26 1:00,23 St-Baruch College (6),Metrocard - Unlimited 30-Day,1,0
3/26/26 1:00,23 St-Baruch College (6),OMNY - Full Fare,24,0
3/26/26 0:00,23 St-Baruch College (6),OMNY - Students,1,0
3/26/26 0:00,23 St-Baruch College (6),OMNY - Fair Fare,9,0
3/26/26 0:00,23 St-Baruch College (6),OMNY - Full Fare,57,0
3/26/26 0:00,23 St-Baruch College (6),OMNY - Other,4,0
3/26/26 0:00,23 St-Baruch College (6),OMNY - Seniors & Disability,4,0
3/26/26 0:00,23 St-Baruch College (6),Metrocard - Other,1,0
3/25/26 23:00,23 St-Baruch College (6),OMNY - Fair Fare,19,1
3/25/26 23:00,23 St-Baruch College (6),Metrocard - Full Fare,1,0
3/25/26 23:00,23 St-Baruch College (6),OMNY - Other,15,0
3/25/26 23:00,23 St-Baruch College (6),OMNY - Seniors & Disability,16,1
3/25/26 23:00,23 St-Baruch College (6),Metrocard - Unlimited 30-Day,1,0
3/25/26 23:00,23 St-Baruch College (6),OMNY - Students,12,0
3/25/26 23:00,23 St-Baruch College (6),OMNY - Full Fare,265,4
3/25/26 22:00,23 St-Baruch College (6),OMNY - Seniors & Disability,16,1
3/25/26 22:00,23 St-Baruch College (6),OMNY - Full Fare,422,12
3/25/26 22:00,23 St-Baruch College (6),OMNY - Other,6,0
3/25/26 22:00,23 St-Baruch College (6),OMNY - Students,10,0
3/25/26 22:00,23 St-Baruch College (6),OMNY - Fair Fare,22,0
3/25/26 22:00,23 St-Baruch College (6),Metrocard - Other,1,0
3/25/26 21:00,23 St-Baruch College (6),OMNY - Other,17,0
3/25/26 21:00,23 St-Baruch College (6),OMNY - Seniors & Disability,29,0
3/25/26 21:00,23 St-Baruch College (6),Metrocard - Unlimited 30-Day,1,0
3/25/26 21:00,23 St-Baruch College (6),OMNY - Fair Fare,52,1
3/25/26 21:00,23 St-Baruch College (6),OMNY - Students,36,1
3/25/26 21:00,23 St-Baruch College (6),OMNY - Full Fare,782,15
3/25/26 21:00,23 St-Baruch College (6),Metrocard - Other,4,0
3/25/26 20:00,23 St-Baruch College (6),OMNY - Seniors & Disability,39,2
3/25/26 20:00,23 St-Baruch College (6),Metrocard - Unlimited 7-Day,1,0
3/25/26 20:00,23 St-Baruch College (6),OMNY - Students,71,0
3/25/26 20:00,23 St-Baruch College (6),OMNY - Other,17,0
3/25/26 20:00,23 St-Baruch College (6),OMNY - Full Fare,"1,117",13
3/25/26 20:00,23 St-Baruch College (6),Metrocard - Seniors & Disability,1,0
3/25/26 20:00,23 St-Baruch College (6),Metrocard - Other,7,0
3/25/26 20:00,23 St-Baruch College (6),OMNY - Fair Fare,75,1
3/25/26 19:00,23 St-Baruch College (6),OMNY - Other,13,0
3/25/26 19:00,23 St-Baruch College (6),Metrocard - Unlimited 30-Day,1,0
3/25/26 19:00,23 St-Baruch College (6),OMNY - Students,110,2
3/25/26 19:00,23 St-Baruch College (6),Metrocard - Other,2,0
3/25/26 19:00,23 St-Baruch College (6),OMNY - Seniors & Disability,60,4
3/25/26 19:00,23 St-Baruch College (6),OMNY - Full Fare,"1,555",18
3/25/26 19:00,23 St-Baruch College (6),OMNY - Fair Fare,99,1
3/25/26 18:00,23 St-Baruch College (6),Metrocard - Unlimited 30-Day,1,0
3/25/26 18:00,23 St-Baruch College (6),OMNY - Other,33,0
3/25/26 18:00,23 St-Baruch College (6),OMNY - Full Fare,"1,838",27
3/25/26 18:00,23 St-Baruch College (6),Metrocard - Other,6,0
3/25/26 18:00,23 St-Baruch College (6),OMNY - Fair Fare,75,0
3/25/26 18:00,23 St-Baruch College (6),OMNY - Students,121,2
3/25/26 18:00,23 St-Baruch College (6),OMNY - Seniors & Disability,70,10
3/25/26 17:00,23 St-Baruch College (6),Metrocard - Other,4,0
3/25/26 17:00,23 St-Baruch College (6),OMNY - Full Fare,"2,653",41
3/25/26 17:00,23 St-Baruch College (6),OMNY - Fair Fare,140,2
3/25/26 17:00,23 St-Baruch College (6),Metrocard - Unlimited 7-Day,3,0
3/25/26 17:00,23 St-Baruch College (6),OMNY - Students,196,3
3/25/26 17:00,23 St-Baruch College (6),Metrocard - Unlimited 30-Day,8,0
3/25/26 17:00,23 St-Baruch College (6),OMNY - Seniors & Disability,121,9
3/25/26 17:00,23 St-Baruch College (6),OMNY - Other,29,0
3/25/26 17:00,23 St-Baruch College (6),Metrocard - Full Fare,1,0
3/25/26 16:00,23 St-Baruch College (6),Metrocard - Unlimited 7-Day,2,0
3/25/26 16:00,23 St-Baruch College (6),OMNY - Seniors & Disability,118,9
3/25/26 16:00,23 St-Baruch College (6),OMNY - Students,189,4
3/25/26 16:00,23 St-Baruch College (6),OMNY - Fair Fare,116,2
3/25/26 16:00,23 St-Baruch College (6),Metrocard - Other,13,0
3/25/26 16:00,23 St-Baruch College (6),OMNY - Full Fare,"2,015",46
3/25/26 16:00,23 St-Baruch College (6),OMNY - Other,23,0
3/25/26 15:00,23 St-Baruch College (6),Metrocard - Unlimited 30-Day,1,0
3/25/26 15:00,23 St-Baruch College (6),OMNY - Fair Fare,115,3
3/25/26 15:00,23 St-Baruch College (6),Metrocard - Other,6,0
3/25/26 15:00,23 St-Baruch College (6),OMNY - Other,19,1
3/25/26 15:00,23 St-Baruch College (6),OMNY - Students,341,2
3/25/26 15:00,23 St-Baruch College (6),Metrocard - Seniors & Disability,1,0
3/25/26 15:00,23 St-Baruch College (6),OMNY - Full Fare,"1,623",20
3/25/26 15:00,23 St-Baruch College (6),OMNY - Seniors & Disability,130,7
3/25/26 14:00,23 St-Baruch College (6),Metrocard - Other,8,0
3/25/26 14:00,23 St-Baruch College (6),Metrocard - Unlimited 7-Day,1,0
3/25/26 14:00,23 St-Baruch College (6),OMNY - Fair Fare,110,2
3/25/26 14:00,23 St-Baruch College (6),OMNY - Other,28,0
3/25/26 14:00,23 St-Baruch College (6),OMNY - Students,238,0
3/25/26 14:00,23 St-Baruch College (6),Metrocard - Unlimited 30-Day,3,0
3/25/26 14:00,23 St-Baruch College (6),OMNY - Seniors & Disability,99,12
3/25/26 14:00,23 St-Baruch College (6),OMNY - Full Fare,"1,332",17
3/25/26 13:00,23 St-Baruch College (6),OMNY - Students,54,2
3/25/26 13:00,23 St-Baruch College (6),OMNY - Fair Fare,43,2
3/25/26 13:00,23 St-Baruch College (6),OMNY - Seniors & Disability,75,6
3/25/26 13:00,23 St-Baruch College (6),Metrocard - Other,2,0
3/25/26 13:00,23 St-Baruch College (6),OMNY - Other,22,0
3/25/26 13:00,23 St-Baruch College (6),OMNY - Full Fare,817,25
3/25/26 13:00,23 St-Baruch College (6),Metrocard - Unlimited 30-Day,3,0
3/25/26 12:00,23 St-Baruch College (6),OMNY - Seniors & Disability,69,5
3/25/26 12:00,23 St-Baruch College (6),OMNY - Other,21,0
3/25/26 12:00,23 St-Baruch College (6),Metrocard - Other,11,0
3/25/26 12:00,23 St-Baruch College (6),Metrocard - Unlimited 30-Day,1,0
3/25/26 12:00,23 St-Baruch College (6),OMNY - Fair Fare,67,2
3/25/26 12:00,23 St-Baruch College (6),OMNY - Students,60,0
3/25/26 12:00,23 St-Baruch College (6),OMNY - Full Fare,835,23
3/25/26 11:00,23 St-Baruch College (6),OMNY - Students,51,1
3/25/26 11:00,23 St-Baruch College (6),OMNY - Fair Fare,42,0
3/25/26 11:00,23 St-Baruch College (6),OMNY - Seniors & Disability,70,8
3/25/26 11:00,23 St-Baruch College (6),Metrocard - Unlimited 30-Day,1,0
3/25/26 11:00,23 St-Baruch College (6),OMNY - Other,23,0
3/25/26 11:00,23 St-Baruch College (6),Metrocard - Other,4,0
3/25/26 11:00,23 St-Baruch College (6),OMNY - Full Fare,656,17
3/25/26 10:00,23 St-Baruch College (6),OMNY - Seniors & Disability,56,8
3/25/26 10:00,23 St-Baruch College (6),OMNY - Fair Fare,35,2
3/25/26 10:00,23 St-Baruch College (6),OMNY - Other,16,0
3/25/26 10:00,23 St-Baruch College (6),OMNY - Full Fare,686,30
3/25/26 10:00,23 St-Baruch College (6),Metrocard - Full Fare,1,0
3/25/26 10:00,23 St-Baruch College (6),OMNY - Students,42,1
3/25/26 10:00,23 St-Baruch College (6),Metrocard - Other,1,0
3/25/26 9:00,23 St-Baruch College (6),OMNY - Students,25,0
3/25/26 9:00,23 St-Baruch College (6),OMNY - Other,16,0
3/25/26 9:00,23 St-Baruch College (6),Metrocard - Other,1,0
3/25/26 9:00,23 St-Baruch College (6),OMNY - Full Fare,"1,051",80
3/25/26 9:00,23 St-Baruch College (6),OMNY - Seniors & Disability,34,7
3/25/26 9:00,23 St-Baruch College (6),OMNY - Fair Fare,13,2
3/25/26 9:00,23 St-Baruch College (6),Metrocard - Unlimited 30-Day,1,0
3/25/26 8:00,23 St-Baruch College (6),Metrocard - Unlimited 30-Day,1,0
3/25/26 8:00,23 St-Baruch College (6),OMNY - Students,30,2
3/25/26 8:00,23 St-Baruch College (6),OMNY - Seniors & Disability,44,12
3/25/26 8:00,23 St-Baruch College (6),OMNY - Full Fare,"1,526",100
3/25/26 8:00,23 St-Baruch College (6),OMNY - Fair Fare,22,3
3/25/26 8:00,23 St-Baruch College (6),OMNY - Other,11,0
3/25/26 8:00,23 St-Baruch College (6),Metrocard - Unlimited 7-Day,1,0
3/25/26 7:00,23 St-Baruch College (6),OMNY - Full Fare,704,127
3/25/26 7:00,23 St-Baruch College (6),OMNY - Seniors & Disability,34,8
3/25/26 7:00,23 St-Baruch College (6),Metrocard - Other,5,0
3/25/26 7:00,23 St-Baruch College (6),OMNY - Fair Fare,7,0
3/25/26 7:00,23 St-Baruch College (6),Metrocard - Unlimited 30-Day,1,0
3/25/26 7:00,23 St-Baruch College (6),OMNY - Students,58,3
3/25/26 7:00,23 St-Baruch College (6),OMNY - Other,8,0
3/25/26 6:00,23 St-Baruch College (6),OMNY - Seniors & Disability,15,5
3/25/26 6:00,23 St-Baruch College (6),Metrocard - Other,7,0
3/25/26 6:00,23 St-Baruch College (6),Metrocard - Unlimited 30-Day,1,0
3/25/26 6:00,23 St-Baruch College (6),OMNY - Fair Fare,5,0
3/25/26 6:00,23 St-Baruch College (6),OMNY - Students,4,0
3/25/26 6:00,23 St-Baruch College (6),OMNY - Full Fare,219,51
3/25/26 6:00,23 St-Baruch College (6),OMNY - Other,6,0
3/25/26 5:00,23 St-Baruch College (6),OMNY - Full Fare,52,25
3/25/26 5:00,23 St-Baruch College (6),OMNY - Fair Fare,2,0
3/25/26 5:00,23 St-Baruch College (6),Metrocard - Other,4,0
3/25/26 5:00,23 St-Baruch College (6),OMNY - Seniors & Disability,5,3
3/25/26 4:00,23 St-Baruch College (6),OMNY - Other,3,0
3/25/26 4:00,23 St-Baruch College (6),OMNY - Full Fare,6,1
3/25/26 4:00,23 St-Baruch College (6),Metrocard - Seniors & Disability,1,0
3/25/26 3:00,23 St-Baruch College (6),OMNY - Other,1,0
3/25/26 3:00,23 St-Baruch College (6),OMNY - Fair Fare,1,0
3/25/26 3:00,23 St-Baruch College (6),OMNY - Full Fare,6,0
3/25/26 2:00,23 St-Baruch College (6),OMNY - Other,1,0
3/25/26 2:00,23 St-Baruch College (6),OMNY - Full Fare,7,0
3/25/26 2:00,23 St-Baruch College (6),OMNY - Fair Fare,1,0
3/25/26 1:00,23 St-Baruch College (6),OMNY - Full Fare,21,0
3/25/26 1:00,23 St-Baruch College (6),OMNY - Fair Fare,2,0
3/25/26 1:00,23 St-Baruch College (6),Metrocard - Other,2,0
3/25/26 1:00,23 St-Baruch College (6),OMNY - Students,1,0
3/25/26 0:00,23 St-Baruch College (6),OMNY - Students,6,0
3/25/26 0:00,23 St-Baruch College (6),OMNY - Seniors & Disability,1,0
3/25/26 0:00,23 St-Baruch College (6),OMNY - Fair Fare,7,0
3/25/26 0:00,23 St-Baruch College (6),OMNY - Other,3,0
3/25/26 0:00,23 St-Baruch College (6),OMNY - Full Fare,62,0
3/25/26 0:00,23 St-Baruch College (6),Metrocard - Unlimited 30-Day,1,0
3/24/26 23:00,23 St-Baruch College (6),OMNY - Fair Fare,14,0
3/24/26 23:00,23 St-Baruch College (6),OMNY - Full Fare,288,6
3/24/26 23:00,23 St-Baruch College (6),OMNY - Other,5,0
3/24/26 23:00,23 St-Baruch College (6),OMNY - Students,16,1
3/24/26 23:00,23 St-Baruch College (6),Metrocard - Other,1,0
3/24/26 23:00,23 St-Baruch College (6),OMNY - Seniors & Disability,12,1
3/24/26 22:00,23 St-Baruch College (6),OMNY - Other,10,0
3/24/26 22:00,23 St-Baruch College (6),OMNY - Fair Fare,26,0
3/24/26 22:00,23 St-Baruch College (6),OMNY - Seniors & Disability,18,0
3/24/26 22:00,23 St-Baruch College (6),OMNY - Students,19,0
3/24/26 22:00,23 St-Baruch College (6),Metrocard - Full Fare,1,0
3/24/26 22:00,23 St-Baruch College (6),OMNY - Full Fare,481,5
3/24/26 22:00,23 St-Baruch College (6),Metrocard - Seniors & Disability,1,0
3/24/26 21:00,23 St-Baruch College (6),Metrocard - Unlimited 30-Day,1,0
3/24/26 21:00,23 St-Baruch College (6),OMNY - Full Fare,750,2
3/24/26 21:00,23 St-Baruch College (6),Metrocard - Other,4,0
3/24/26 21:00,23 St-Baruch College (6),OMNY - Seniors & Disability,40,0
3/24/26 21:00,23 St-Baruch College (6),OMNY - Other,8,0
3/24/26 21:00,23 St-Baruch College (6),OMNY - Fair Fare,62,1
3/24/26 21:00,23 St-Baruch College (6),OMNY - Students,49,0
3/24/26 20:00,23 St-Baruch College (6),OMNY - Fair Fare,95,0
3/24/26 20:00,23 St-Baruch College (6),OMNY - Seniors & Disability,45,4
3/24/26 20:00,23 St-Baruch College (6),OMNY - Other,16,0
3/24/26 20:00,23 St-Baruch College (6),Metrocard - Unlimited 30-Day,3,0
3/24/26 20:00,23 St-Baruch College (6),Metrocard - Other,9,0
3/24/26 20:00,23 St-Baruch College (6),OMNY - Students,57,1
3/24/26 20:00,23 St-Baruch College (6),OMNY - Full Fare,"1,195",10
3/24/26 19:00,23 St-Baruch College (6),OMNY - Fair Fare,121,1
3/24/26 19:00,23 St-Baruch College (6),OMNY - Other,26,0
3/24/26 19:00,23 St-Baruch College (6),OMNY - Full Fare,"1,611",18
3/24/26 19:00,23 St-Baruch College (6),OMNY - Students,94,1
3/24/26 19:00,23 St-Baruch College (6),Metrocard - Other,6,0
3/24/26 19:00,23 St-Baruch College (6),Metrocard - Unlimited 30-Day,2,0
3/24/26 19:00,23 St-Baruch College (6),OMNY - Seniors & Disability,69,5
3/24/26 18:00,23 St-Baruch College (6),OMNY - Fair Fare,60,2
3/24/26 18:00,23 St-Baruch College (6),OMNY - Full Fare,"1,886",41
3/24/26 18:00,23 St-Baruch College (6),OMNY - Seniors & Disability,81,9
3/24/26 18:00,23 St-Baruch College (6),Metrocard - Other,4,0
3/24/26 18:00,23 St-Baruch College (6),Metrocard - Unlimited 30-Day,2,0
3/24/26 18:00,23 St-Baruch College (6),OMNY - Students,105,3
3/24/26 18:00,23 St-Baruch College (6),OMNY - Other,14,0
3/24/26 17:00,23 St-Baruch College (6),Metrocard - Unlimited 7-Day,2,0
3/24/26 17:00,23 St-Baruch College (6),OMNY - Other,26,0
3/24/26 17:00,23 St-Baruch College (6),OMNY - Seniors & Disability,108,9
3/24/26 17:00,23 St-Baruch College (6),Metrocard - Unlimited 30-Day,4,0
3/24/26 17:00,23 St-Baruch College (6),Metrocard - Other,2,0
3/24/26 17:00,23 St-Baruch College (6),OMNY - Fair Fare,135,1
3/24/26 17:00,23 St-Baruch College (6),OMNY - Full Fare,"2,670",32
3/24/26 17:00,23 St-Baruch College (6),OMNY - Students,190,3
3/24/26 16:00,23 St-Baruch College (6),Metrocard - Unlimited 7-Day,2,0
3/24/26 16:00,23 St-Baruch College (6),OMNY - Seniors & Disability,118,9
3/24/26 16:00,23 St-Baruch College (6),Metrocard - Unlimited 30-Day,3,0
3/24/26 16:00,23 St-Baruch College (6),OMNY - Other,18,0
3/24/26 16:00,23 St-Baruch College (6),OMNY - Students,181,1
3/24/26 16:00,23 St-Baruch College (6),Metrocard - Other,9,0
3/24/26 16:00,23 St-Baruch College (6),OMNY - Full Fare,"2,188",59
3/24/26 16:00,23 St-Baruch College (6),OMNY - Fair Fare,142,5
3/24/26 15:00,23 St-Baruch College (6),Metrocard - Full Fare,2,0
3/24/26 15:00,23 St-Baruch College (6),Metrocard - Other,6,0
3/24/26 15:00,23 St-Baruch College (6),OMNY - Seniors & Disability,103,8
3/24/26 15:00,23 St-Baruch College (6),OMNY - Fair Fare,104,1
3/24/26 15:00,23 St-Baruch College (6),Metrocard - Unlimited 30-Day,3,0
3/24/26 15:00,23 St-Baruch College (6),OMNY - Other,22,0
3/24/26 15:00,23 St-Baruch College (6),Metrocard - Unlimited 7-Day,1,0
3/24/26 15:00,23 St-Baruch College (6),OMNY - Students,379,5
3/24/26 15:00,23 St-Baruch College (6),OMNY - Full Fare,"1,619",31
3/24/26 14:00,23 St-Baruch College (6),OMNY - Fair Fare,59,1
3/24/26 14:00,23 St-Baruch College (6),Metrocard - Other,11,0
3/24/26 14:00,23 St-Baruch College (6),OMNY - Students,224,0
3/24/26 14:00,23 St-Baruch College (6),OMNY - Seniors & Disability,83,11
3/24/26 14:00,23 St-Baruch College (6),Metrocard - Unlimited 30-Day,2,0
3/24/26 14:00,23 St-Baruch College (6),OMNY - Full Fare,"1,025",26
3/24/26 14:00,23 St-Baruch College (6),Metrocard - Unlimited 7-Day,12,0
3/24/26 14:00,23 St-Baruch College (6),OMNY - Other,10,1
3/24/26 13:00,23 St-Baruch College (6),OMNY - Fair Fare,47,2
3/24/26 13:00,23 St-Baruch College (6),OMNY - Students,32,0
3/24/26 13:00,23 St-Baruch College (6),Metrocard - Seniors & Disability,1,0
3/24/26 13:00,23 St-Baruch College (6),Metrocard - Other,1,0
3/24/26 13:00,23 St-Baruch College (6),OMNY - Other,13,0
3/24/26 13:00,23 St-Baruch College (6),OMNY - Full Fare,710,19
3/24/26 13:00,23 St-Baruch College (6),OMNY - Seniors & Disability,69,6
3/24/26 13:00,23 St-Baruch College (6),Metrocard - Unlimited 30-Day,1,0
3/24/26 12:00,23 St-Baruch College (6),OMNY - Other,11,0
3/24/26 12:00,23 St-Baruch College (6),Metrocard - Other,7,0
3/24/26 12:00,23 St-Baruch College (6),OMNY - Fair Fare,63,2
3/24/26 12:00,23 St-Baruch College (6),OMNY - Full Fare,810,13
3/24/26 12:00,23 St-Baruch College (6),Metrocard - Unlimited 7-Day,1,0
3/24/26 12:00,23 St-Baruch College (6),OMNY - Seniors & Disability,93,9
3/24/26 12:00,23 St-Baruch College (6),Metrocard - Unlimited 30-Day,2,0
3/24/26 12:00,23 St-Baruch College (6),OMNY - Students,83,0
3/24/26 11:00,23 St-Baruch College (6),OMNY - Other,10,0
3/24/26 11:00,23 St-Baruch College (6),Metrocard - Other,2,0
3/24/26 11:00,23 St-Baruch College (6),OMNY - Full Fare,664,13
3/24/26 11:00,23 St-Baruch College (6),OMNY - Seniors & Disability,60,6
3/24/26 11:00,23 St-Baruch College (6),OMNY - Fair Fare,52,1
3/24/26 11:00,23 St-Baruch College (6),OMNY - Students,43,1
3/24/26 11:00,23 St-Baruch College (6),Metrocard - Unlimited 30-Day,1,0
3/24/26 10:00,23 St-Baruch College (6),OMNY - Fair Fare,22,0
3/24/26 10:00,23 St-Baruch College (6),OMNY - Full Fare,622,28
3/24/26 10:00,23 St-Baruch College (6),OMNY - Other,7,0
3/24/26 10:00,23 St-Baruch College (6),OMNY - Seniors & Disability,61,15
3/24/26 10:00,23 St-Baruch College (6),OMNY - Students,35,1
3/24/26 9:00,23 St-Baruch College (6),OMNY - Fair Fare,8,1
3/24/26 9:00,23 St-Baruch College (6),Metrocard - Unlimited 7-Day,2,0
3/24/26 9:00,23 St-Baruch College (6),OMNY - Full Fare,"1,107",84
3/24/26 9:00,23 St-Baruch College (6),OMNY - Other,10,0
3/24/26 9:00,23 St-Baruch College (6),Metrocard - Other,5,1
3/24/26 9:00,23 St-Baruch College (6),OMNY - Students,21,1
3/24/26 9:00,23 St-Baruch College (6),OMNY - Seniors & Disability,53,9
3/24/26 8:00,23 St-Baruch College (6),OMNY - Students,43,7
3/24/26 8:00,23 St-Baruch College (6),OMNY - Seniors & Disability,41,7
3/24/26 8:00,23 St-Baruch College (6),OMNY - Full Fare,"1,622",133
3/24/26 8:00,23 St-Baruch College (6),Metrocard - Other,2,0
3/24/26 8:00,23 St-Baruch College (6),OMNY - Other,10,0
3/24/26 8:00,23 St-Baruch College (6),OMNY - Fair Fare,24,4
3/24/26 7:00,23 St-Baruch College (6),OMNY - Other,13,0
3/24/26 7:00,23 St-Baruch College (6),OMNY - Full Fare,739,109
3/24/26 7:00,23 St-Baruch College (6),OMNY - Students,39,2
3/24/26 7:00,23 St-Baruch College (6),OMNY - Fair Fare,9,1
3/24/26 7:00,23 St-Baruch College (6),Metrocard - Other,9,0
3/24/26 7:00,23 St-Baruch College (6),Metrocard - Unlimited 30-Day,1,0
3/24/26 7:00,23 St-Baruch College (6),OMNY - Seniors & Disability,25,9
3/24/26 6:00,23 St-Baruch College (6),OMNY - Other,4,0
3/24/26 6:00,23 St-Baruch College (6),OMNY - Fair Fare,3,1
3/24/26 6:00,23 St-Baruch College (6),OMNY - Full Fare,201,53
3/24/26 6:00,23 St-Baruch College (6),OMNY - Seniors & Disability,12,7
3/24/26 6:00,23 St-Baruch College (6),Metrocard - Unlimited 30-Day,3,0
3/24/26 6:00,23 St-Baruch College (6),OMNY - Students,6,0
3/24/26 6:00,23 St-Baruch College (6),Metrocard - Other,8,0
3/24/26 5:00,23 St-Baruch College (6),OMNY - Seniors & Disability,2,0
3/24/26 5:00,23 St-Baruch College (6),OMNY - Students,1,0
3/24/26 5:00,23 St-Baruch College (6),OMNY - Full Fare,61,21
3/24/26 4:00,23 St-Baruch College (6),OMNY - Full Fare,2,0
3/24/26 4:00,23 St-Baruch College (6),OMNY - Other,1,0
3/24/26 4:00,23 St-Baruch College (6),OMNY - Fair Fare,1,0
3/24/26 4:00,23 St-Baruch College (6),Metrocard - Other,1,0
3/24/26 3:00,23 St-Baruch College (6),Metrocard - Other,1,0
3/24/26 3:00,23 St-Baruch College (6),OMNY - Students,2,0
3/24/26 3:00,23 St-Baruch College (6),OMNY - Seniors & Disability,1,0
3/24/26 3:00,23 St-Baruch College (6),OMNY - Other,4,0
3/24/26 3:00,23 St-Baruch College (6),OMNY - Full Fare,4,0
3/24/26 2:00,23 St-Baruch College (6),OMNY - Other,4,0
3/24/26 2:00,23 St-Baruch College (6),OMNY - Fair Fare,1,0
3/24/26 2:00,23 St-Baruch College (6),OMNY - Full Fare,7,0
3/24/26 1:00,23 St-Baruch College (6),OMNY - Full Fare,12,0
3/24/26 1:00,23 St-Baruch College (6),OMNY - Fair Fare,1,0
3/24/26 1:00,23 St-Baruch College (6),OMNY - Students,1,1
3/24/26 1:00,23 St-Baruch College (6),Metrocard - Other,1,0
3/24/26 0:00,23 St-Baruch College (6),OMNY - Full Fare,72,1
3/24/26 0:00,23 St-Baruch College (6),OMNY - Fair Fare,5,0
3/24/26 0:00,23 St-Baruch College (6),OMNY - Seniors & Disability,4,0
3/24/26 0:00,23 St-Baruch College (6),OMNY - Other,5,0
3/23/26 23:00,23 St-Baruch College (6),OMNY - Students,10,0
3/23/26 23:00,23 St-Baruch College (6),OMNY - Other,5,0
3/23/26 23:00,23 St-Baruch College (6),OMNY - Seniors & Disability,9,0
3/23/26 23:00,23 St-Baruch College (6),OMNY - Fair Fare,8,0
3/23/26 23:00,23 St-Baruch College (6),Metrocard - Other,1,0
3/23/26 23:00,23 St-Baruch College (6),OMNY - Full Fare,218,3
3/23/26 22:00,23 St-Baruch College (6),OMNY - Seniors & Disability,14,1
3/23/26 22:00,23 St-Baruch College (6),OMNY - Other,13,0
3/23/26 22:00,23 St-Baruch College (6),OMNY - Fair Fare,18,0
3/23/26 22:00,23 St-Baruch College (6),OMNY - Students,16,0
3/23/26 22:00,23 St-Baruch College (6),OMNY - Full Fare,413,6
3/23/26 21:00,23 St-Baruch College (6),OMNY - Other,11,0
3/23/26 21:00,23 St-Baruch College (6),OMNY - Seniors & Disability,19,1
3/23/26 21:00,23 St-Baruch College (6),Metrocard - Other,4,0
3/23/26 21:00,23 St-Baruch College (6),Metrocard - Unlimited 7-Day,1,0
3/23/26 21:00,23 St-Baruch College (6),OMNY - Full Fare,690,5
3/23/26 21:00,23 St-Baruch College (6),OMNY - Fair Fare,54,0
3/23/26 21:00,23 St-Baruch College (6),OMNY - Students,34,0
3/23/26 20:00,23 St-Baruch College (6),OMNY - Fair Fare,89,0
3/23/26 20:00,23 St-Baruch College (6),OMNY - Students,76,0
3/23/26 20:00,23 St-Baruch College (6),OMNY - Other,21,0
3/23/26 20:00,23 St-Baruch College (6),Metrocard - Other,7,0
3/23/26 20:00,23 St-Baruch College (6),Metrocard - Unlimited 30-Day,1,0
3/23/26 20:00,23 St-Baruch College (6),OMNY - Seniors & Disability,56,2
3/23/26 20:00,23 St-Baruch College (6),OMNY - Full Fare,"1,124",13
3/23/26 19:00,23 St-Baruch College (6),Metrocard - Unlimited 30-Day,2,0
3/23/26 19:00,23 St-Baruch College (6),OMNY - Students,112,2
3/23/26 19:00,23 St-Baruch College (6),OMNY - Full Fare,"1,440",22
3/23/26 19:00,23 St-Baruch College (6),OMNY - Fair Fare,98,1
3/23/26 19:00,23 St-Baruch College (6),OMNY - Other,16,1
3/23/26 19:00,23 St-Baruch College (6),Metrocard - Other,8,0
3/23/26 19:00,23 St-Baruch College (6),OMNY - Seniors & Disability,46,1
3/23/26 18:00,23 St-Baruch College (6),Metrocard - Seniors & Disability,1,0
3/23/26 18:00,23 St-Baruch College (6),OMNY - Seniors & Disability,64,3
3/23/26 18:00,23 St-Baruch College (6),OMNY - Other,33,0
3/23/26 18:00,23 St-Baruch College (6),OMNY - Full Fare,"1,624",32
3/23/26 18:00,23 St-Baruch College (6),OMNY - Students,90,1
3/23/26 18:00,23 St-Baruch College (6),Metrocard - Unlimited 30-Day,1,0
3/23/26 18:00,23 St-Baruch College (6),OMNY - Fair Fare,43,0
3/23/26 18:00,23 St-Baruch College (6),Metrocard - Other,5,0
3/23/26 17:00,23 St-Baruch College (6),Metrocard - Other,4,0
3/23/26 17:00,23 St-Baruch College (6),Metrocard - Unlimited 30-Day,4,0
3/23/26 17:00,23 St-Baruch College (6),OMNY - Other,26,0
3/23/26 17:00,23 St-Baruch College (6),OMNY - Full Fare,"2,454",39
3/23/26 17:00,23 St-Baruch College (6),OMNY - Seniors & Disability,110,7
3/23/26 17:00,23 St-Baruch College (6),OMNY - Fair Fare,144,2
3/23/26 17:00,23 St-Baruch College (6),Metrocard - Unlimited 7-Day,1,0
3/23/26 17:00,23 St-Baruch College (6),OMNY - Students,238,3
3/23/26 16:00,23 St-Baruch College (6),OMNY - Other,10,0
3/23/26 16:00,23 St-Baruch College (6),OMNY - Full Fare,"1,784",39
3/23/26 16:00,23 St-Baruch College (6),Metrocard - Seniors & Disability,1,0
3/23/26 16:00,23 St-Baruch College (6),OMNY - Fair Fare,132,4
3/23/26 16:00,23 St-Baruch College (6),Metrocard - Unlimited 30-Day,2,0
3/23/26 16:00,23 St-Baruch College (6),OMNY - Students,200,1
3/23/26 16:00,23 St-Baruch College (6),OMNY - Seniors & Disability,111,8
3/23/26 16:00,23 St-Baruch College (6),Metrocard - Other,8,0
3/23/26 16:00,23 St-Baruch College (6),Metrocard - Unlimited 7-Day,2,0
3/23/26 15:00,23 St-Baruch College (6),OMNY - Students,344,4
3/23/26 15:00,23 St-Baruch College (6),OMNY - Fair Fare,108,1
3/23/26 15:00,23 St-Baruch College (6),OMNY - Other,18,0
3/23/26 15:00,23 St-Baruch College (6),OMNY - Full Fare,"1,664",28
3/23/26 15:00,23 St-Baruch College (6),OMNY - Seniors & Disability,109,6
3/23/26 15:00,23 St-Baruch College (6),Metrocard - Unlimited 7-Day,1,0
3/23/26 15:00,23 St-Baruch College (6),Metrocard - Other,3,0
3/23/26 15:00,23 St-Baruch College (6),Metrocard - Unlimited 30-Day,5,0
3/23/26 15:00,23 St-Baruch College (6),Metrocard - Seniors & Disability,1,0
3/23/26 14:00,23 St-Baruch College (6),OMNY - Students,266,1
3/23/26 14:00,23 St-Baruch College (6),OMNY - Full Fare,"1,219",30
3/23/26 14:00,23 St-Baruch College (6),Metrocard - Full Fare,1,0
3/23/26 14:00,23 St-Baruch College (6),OMNY - Other,18,0
3/23/26 14:00,23 St-Baruch College (6),OMNY - Seniors & Disability,99,15
3/23/26 14:00,23 St-Baruch College (6),Metrocard - Unlimited 30-Day,1,0
3/23/26 14:00,23 St-Baruch College (6),OMNY - Fair Fare,104,2
3/23/26 14:00,23 St-Baruch College (6),Metrocard - Other,6,1
3/23/26 13:00,23 St-Baruch College (6),OMNY - Students,70,0
3/23/26 13:00,23 St-Baruch College (6),OMNY - Seniors & Disability,64,6
3/23/26 13:00,23 St-Baruch College (6),OMNY - Full Fare,711,29
3/23/26 13:00,23 St-Baruch College (6),OMNY - Other,11,0
3/23/26 13:00,23 St-Baruch College (6),Metrocard - Unlimited 30-Day,1,0
3/23/26 13:00,23 St-Baruch College (6),OMNY - Fair Fare,46,1
3/23/26 13:00,23 St-Baruch College (6),Metrocard - Unlimited 7-Day,6,0
3/23/26 12:00,23 St-Baruch College (6),OMNY - Fair Fare,60,2
3/23/26 12:00,23 St-Baruch College (6),OMNY - Seniors & Disability,76,10
3/23/26 12:00,23 St-Baruch College (6),OMNY - Students,60,1
3/23/26 12:00,23 St-Baruch College (6),Metrocard - Other,3,0
3/23/26 12:00,23 St-Baruch College (6),Metrocard - Seniors & Disability,1,0
3/23/26 12:00,23 St-Baruch College (6),OMNY - Full Fare,825,17
3/23/26 12:00,23 St-Baruch College (6),Metrocard - Unlimited 30-Day,3,0
3/23/26 12:00,23 St-Baruch College (6),OMNY - Other,14,0
3/23/26 11:00,23 St-Baruch College (6),OMNY - Fair Fare,33,1
3/23/26 11:00,23 St-Baruch College (6),OMNY - Students,40,0
3/23/26 11:00,23 St-Baruch College (6),OMNY - Full Fare,553,16
3/23/26 11:00,23 St-Baruch College (6),OMNY - Other,6,0
3/23/26 11:00,23 St-Baruch College (6),Metrocard - Unlimited 30-Day,1,0
3/23/26 11:00,23 St-Baruch College (6),OMNY - Seniors & Disability,52,8
3/23/26 11:00,23 St-Baruch College (6),Metrocard - Other,5,0
3/23/26 10:00,23 St-Baruch College (6),OMNY - Seniors & Disability,56,9
3/23/26 10:00,23 St-Baruch College (6),OMNY - Other,7,0
3/23/26 10:00,23 St-Baruch College (6),OMNY - Students,31,0
3/23/26 10:00,23 St-Baruch College (6),Metrocard - Unlimited 7-Day,1,0
3/23/26 10:00,23 St-Baruch College (6),OMNY - Fair Fare,33,1
3/23/26 10:00,23 St-Baruch College (6),OMNY - Full Fare,670,40
3/23/26 10:00,23 St-Baruch College (6),Metrocard - Other,4,0
3/23/26 10:00,23 St-Baruch College (6),Metrocard - Unlimited 30-Day,1,0
3/23/26 9:00,23 St-Baruch College (6),Metrocard - Other,3,0
3/23/26 9:00,23 St-Baruch College (6),OMNY - Seniors & Disability,49,11
3/23/26 9:00,23 St-Baruch College (6),OMNY - Fair Fare,16,1
3/23/26 9:00,23 St-Baruch College (6),OMNY - Full Fare,870,62
3/23/26 9:00,23 St-Baruch College (6),OMNY - Other,9,0
3/23/26 9:00,23 St-Baruch College (6),OMNY - Students,16,3
3/23/26 8:00,23 St-Baruch College (6),OMNY - Full Fare,"1,386",128
3/23/26 8:00,23 St-Baruch College (6),Metrocard - Other,2,0
3/23/26 8:00,23 St-Baruch College (6),Metrocard - Unlimited 7-Day,1,0
3/23/26 8:00,23 St-Baruch College (6),OMNY - Other,10,0
3/23/26 8:00,23 St-Baruch College (6),OMNY - Fair Fare,17,2
3/23/26 8:00,23 St-Baruch College (6),OMNY - Seniors & Disability,41,14
3/23/26 8:00,23 St-Baruch College (6),OMNY - Students,32,1
3/23/26 7:00,23 St-Baruch College (6),Metrocard - Other,4,0
3/23/26 7:00,23 St-Baruch College (6),OMNY - Seniors & Disability,27,6
3/23/26 7:00,23 St-Baruch College (6),OMNY - Fair Fare,6,0
3/23/26 7:00,23 St-Baruch College (6),OMNY - Students,47,1
3/23/26 7:00,23 St-Baruch College (6),OMNY - Full Fare,671,91
3/23/26 7:00,23 St-Baruch College (6),OMNY - Other,13,0
3/23/26 6:00,23 St-Baruch College (6),Metrocard - Unlimited 30-Day,1,0
3/23/26 6:00,23 St-Baruch College (6),OMNY - Other,6,0
3/23/26 6:00,23 St-Baruch College (6),OMNY - Fair Fare,5,0
3/23/26 6:00,23 St-Baruch College (6),OMNY - Full Fare,214,55
3/23/26 6:00,23 St-Baruch College (6),OMNY - Seniors & Disability,11,5
3/23/26 6:00,23 St-Baruch College (6),OMNY - Students,5,0
3/23/26 6:00,23 St-Baruch College (6),Metrocard - Other,3,0
3/23/26 5:00,23 St-Baruch College (6),OMNY - Full Fare,67,22
3/23/26 5:00,23 St-Baruch College (6),OMNY - Seniors & Disability,4,2
3/23/26 5:00,23 St-Baruch College (6),OMNY - Other,3,0
3/23/26 4:00,23 St-Baruch College (6),OMNY - Other,2,0
3/23/26 4:00,23 St-Baruch College (6),OMNY - Full Fare,9,0
3/23/26 3:00,23 St-Baruch College (6),OMNY - Fair Fare,1,0
3/23/26 3:00,23 St-Baruch College (6),Metrocard - Other,1,0
3/23/26 3:00,23 St-Baruch College (6),OMNY - Students,1,0
3/23/26 3:00,23 St-Baruch College (6),OMNY - Full Fare,11,1
3/23/26 2:00,23 St-Baruch College (6),OMNY - Full Fare,8,0
3/23/26 2:00,23 St-Baruch College (6),OMNY - Other,1,0
3/23/26 1:00,23 St-Baruch College (6),OMNY - Other,2,0
3/23/26 1:00,23 St-Baruch College (6),OMNY - Full Fare,38,2
3/23/26 1:00,23 St-Baruch College (6),Metrocard - Unlimited 30-Day,1,0
3/23/26 1:00,23 St-Baruch College (6),OMNY - Students,1,0
3/23/26 0:00,23 St-Baruch College (6),OMNY - Seniors & Disability,2,0
3/23/26 0:00,23 St-Baruch College (6),OMNY - Full Fare,74,3
3/23/26 0:00,23 St-Baruch College (6),OMNY - Fair Fare,3,0
3/23/26 0:00,23 St-Baruch College (6),OMNY - Other,2,0
3/23/26 0:00,23 St-Baruch College (6),OMNY - Students,5,0
3/22/26 23:00,23 St-Baruch College (6),OMNY - Other,2,0
3/22/26 23:00,23 St-Baruch College (6),OMNY - Full Fare,151,4
3/22/26 23:00,23 St-Baruch College (6),OMNY - Seniors & Disability,5,0
3/22/26 23:00,23 St-Baruch College (6),OMNY - Students,16,0
3/22/26 23:00,23 St-Baruch College (6),OMNY - Fair Fare,7,0
3/22/26 22:00,23 St-Baruch College (6),OMNY - Fair Fare,17,0
3/22/26 22:00,23 St-Baruch College (6),OMNY - Full Fare,210,8
3/22/26 22:00,23 St-Baruch College (6),OMNY - Seniors & Disability,3,1
3/22/26 22:00,23 St-Baruch College (6),OMNY - Other,9,0
3/22/26 22:00,23 St-Baruch College (6),OMNY - Students,12,0
3/22/26 21:00,23 St-Baruch College (6),OMNY - Other,5,0
3/22/26 21:00,23 St-Baruch College (6),OMNY - Students,9,0
3/22/26 21:00,23 St-Baruch College (6),OMNY - Seniors & Disability,10,0
3/22/26 21:00,23 St-Baruch College (6),OMNY - Fair Fare,10,0
3/22/26 21:00,23 St-Baruch College (6),OMNY - Full Fare,215,5
3/22/26 20:00,23 St-Baruch College (6),OMNY - Other,3,0
3/22/26 20:00,23 St-Baruch College (6),Metrocard - Other,2,0
3/22/26 20:00,23 St-Baruch College (6),Metrocard - Unlimited 30-Day,1,0
3/22/26 20:00,23 St-Baruch College (6),OMNY - Students,16,1
3/22/26 20:00,23 St-Baruch College (6),OMNY - Seniors & Disability,21,3
3/22/26 20:00,23 St-Baruch College (6),OMNY - Fair Fare,10,1
3/22/26 20:00,23 St-Baruch College (6),OMNY - Full Fare,339,4
3/22/26 19:00,23 St-Baruch College (6),Metrocard - Unlimited 30-Day,1,0
3/22/26 19:00,23 St-Baruch College (6),Metrocard - Other,1,0
3/22/26 19:00,23 St-Baruch College (6),OMNY - Other,11,0
3/22/26 19:00,23 St-Baruch College (6),OMNY - Students,10,1
3/22/26 19:00,23 St-Baruch College (6),OMNY - Full Fare,382,5
3/22/26 19:00,23 St-Baruch College (6),OMNY - Seniors & Disability,15,1
3/22/26 19:00,23 St-Baruch College (6),OMNY - Fair Fare,10,0
3/22/26 18:00,23 St-Baruch College (6),OMNY - Students,23,2
3/22/26 18:00,23 St-Baruch College (6),OMNY - Other,10,0
3/22/26 18:00,23 St-Baruch College (6),OMNY - Fair Fare,14,0
3/22/26 18:00,23 St-Baruch College (6),OMNY - Seniors & Disability,31,2
3/22/26 18:00,23 St-Baruch College (6),OMNY - Full Fare,464,9
3/22/26 18:00,23 St-Baruch College (6),Metrocard - Other,2,0
3/22/26 18:00,23 St-Baruch College (6),Metrocard - Unlimited 7-Day,1,0
3/22/26 17:00,23 St-Baruch College (6),OMNY - Seniors & Disability,23,4
3/22/26 17:00,23 St-Baruch College (6),OMNY - Students,27,1
3/22/26 17:00,23 St-Baruch College (6),OMNY - Full Fare,509,14
3/22/26 17:00,23 St-Baruch College (6),OMNY - Other,12,0
3/22/26 17:00,23 St-Baruch College (6),OMNY - Fair Fare,21,1
3/22/26 16:00,23 St-Baruch College (6),Metrocard - Full Fare,1,0
3/22/26 16:00,23 St-Baruch College (6),OMNY - Full Fare,551,15
3/22/26 16:00,23 St-Baruch College (6),OMNY - Other,5,0
3/22/26 16:00,23 St-Baruch College (6),OMNY - Seniors & Disability,43,4
3/22/26 16:00,23 St-Baruch College (6),Metrocard - Other,3,0
3/22/26 16:00,23 St-Baruch College (6),OMNY - Students,18,0
3/22/26 16:00,23 St-Baruch College (6),OMNY - Fair Fare,22,1
3/22/26 15:00,23 St-Baruch College (6),OMNY - Fair Fare,15,3
3/22/26 15:00,23 St-Baruch College (6),OMNY - Seniors & Disability,28,4
3/22/26 15:00,23 St-Baruch College (6),Metrocard - Other,2,0
3/22/26 15:00,23 St-Baruch College (6),OMNY - Students,22,1
3/22/26 15:00,23 St-Baruch College (6),OMNY - Full Fare,570,21
3/22/26 15:00,23 St-Baruch College (6),OMNY - Other,6,0
3/22/26 14:00,23 St-Baruch College (6),OMNY - Other,8,0
3/22/26 14:00,23 St-Baruch College (6),OMNY - Seniors & Disability,39,2
3/22/26 14:00,23 St-Baruch College (6),OMNY - Fair Fare,9,0
3/22/26 14:00,23 St-Baruch College (6),OMNY - Full Fare,512,23
3/22/26 14:00,23 St-Baruch College (6),OMNY - Students,17,1
3/22/26 14:00,23 St-Baruch College (6),Metrocard - Unlimited 30-Day,2,0
3/22/26 13:00,23 St-Baruch College (6),OMNY - Fair Fare,12,0
3/22/26 13:00,23 St-Baruch College (6),OMNY - Other,13,0
3/22/26 13:00,23 St-Baruch College (6),OMNY - Full Fare,502,10
3/22/26 13:00,23 St-Baruch College (6),Metrocard - Unlimited 30-Day,1,0
3/22/26 13:00,23 St-Baruch College (6),OMNY - Students,27,1
3/22/26 13:00,23 St-Baruch College (6),Metrocard - Other,2,0
3/22/26 13:00,23 St-Baruch College (6),OMNY - Seniors & Disability,31,3
3/22/26 12:00,23 St-Baruch College (6),OMNY - Fair Fare,11,2
3/22/26 12:00,23 St-Baruch College (6),OMNY - Other,12,0
3/22/26 12:00,23 St-Baruch College (6),OMNY - Seniors & Disability,23,3
3/22/26 12:00,23 St-Baruch College (6),OMNY - Full Fare,543,19
3/22/26 12:00,23 St-Baruch College (6),Metrocard - Other,2,0
3/22/26 12:00,23 St-Baruch College (6),Metrocard - Unlimited 7-Day,4,0
3/22/26 12:00,23 St-Baruch College (6),OMNY - Students,7,0
3/22/26 11:00,23 St-Baruch College (6),OMNY - Full Fare,454,12
3/22/26 11:00,23 St-Baruch College (6),OMNY - Other,6,0
3/22/26 11:00,23 St-Baruch College (6),OMNY - Students,12,0
3/22/26 11:00,23 St-Baruch College (6),OMNY - Fair Fare,10,0
3/22/26 11:00,23 St-Baruch College (6),OMNY - Seniors & Disability,11,4
3/22/26 10:00,23 St-Baruch College (6),OMNY - Seniors & Disability,26,6
3/22/26 10:00,23 St-Baruch College (6),Metrocard - Other,1,0
3/22/26 10:00,23 St-Baruch College (6),OMNY - Other,6,0
3/22/26 10:00,23 St-Baruch College (6),OMNY - Fair Fare,9,0
3/22/26 10:00,23 St-Baruch College (6),OMNY - Full Fare,321,10
3/22/26 10:00,23 St-Baruch College (6),OMNY - Students,6,2
3/22/26 9:00,23 St-Baruch College (6),OMNY - Students,5,0
3/22/26 9:00,23 St-Baruch College (6),OMNY - Fair Fare,2,0
3/22/26 9:00,23 St-Baruch College (6),OMNY - Full Fare,182,11
3/22/26 9:00,23 St-Baruch College (6),OMNY - Other,5,0
3/22/26 9:00,23 St-Baruch College (6),OMNY - Seniors & Disability,14,4
3/22/26 9:00,23 St-Baruch College (6),Metrocard - Unlimited 30-Day,1,0
3/22/26 8:00,23 St-Baruch College (6),OMNY - Other,6,0
3/22/26 8:00,23 St-Baruch College (6),Metrocard - Other,1,0
3/22/26 8:00,23 St-Baruch College (6),OMNY - Students,2,0
3/22/26 8:00,23 St-Baruch College (6),OMNY - Full Fare,101,6
3/22/26 8:00,23 St-Baruch College (6),OMNY - Fair Fare,9,1
3/22/26 8:00,23 St-Baruch College (6),OMNY - Seniors & Disability,7,2
3/22/26 7:00,23 St-Baruch College (6),OMNY - Seniors & Disability,4,1
3/22/26 7:00,23 St-Baruch College (6),OMNY - Students,2,0
3/22/26 7:00,23 St-Baruch College (6),OMNY - Full Fare,47,5
3/22/26 7:00,23 St-Baruch College (6),Metrocard - Unlimited 30-Day,1,0
3/22/26 6:00,23 St-Baruch College (6),OMNY - Other,3,0
3/22/26 6:00,23 St-Baruch College (6),OMNY - Students,6,0
3/22/26 6:00,23 St-Baruch College (6),OMNY - Full Fare,29,1
3/22/26 5:00,23 St-Baruch College (6),OMNY - Full Fare,14,0
3/22/26 5:00,23 St-Baruch College (6),OMNY - Fair Fare,1,0
3/22/26 4:00,23 St-Baruch College (6),OMNY - Other,5,0
3/22/26 4:00,23 St-Baruch College (6),OMNY - Full Fare,34,1
3/22/26 4:00,23 St-Baruch College (6),OMNY - Fair Fare,1,0
3/22/26 4:00,23 St-Baruch College (6),OMNY - Seniors & Disability,1,0
3/22/26 3:00,23 St-Baruch College (6),OMNY - Full Fare,50,0
3/22/26 3:00,23 St-Baruch College (6),OMNY - Students,3,0
3/22/26 3:00,23 St-Baruch College (6),Metrocard - Other,2,0
3/22/26 3:00,23 St-Baruch College (6),OMNY - Fair Fare,2,0
3/22/26 3:00,23 St-Baruch College (6),OMNY - Other,7,0
3/22/26 2:00,23 St-Baruch College (6),OMNY - Seniors & Disability,1,0
3/22/26 2:00,23 St-Baruch College (6),OMNY - Students,4,0
3/22/26 2:00,23 St-Baruch College (6),OMNY - Other,8,0
3/22/26 2:00,23 St-Baruch College (6),OMNY - Fair Fare,3,0
3/22/26 2:00,23 St-Baruch College (6),OMNY - Full Fare,55,0
3/22/26 2:00,23 St-Baruch College (6),Metrocard - Other,2,0
3/22/26 1:00,23 St-Baruch College (6),OMNY - Fair Fare,1,0
3/22/26 1:00,23 St-Baruch College (6),OMNY - Seniors & Disability,2,0
3/22/26 1:00,23 St-Baruch College (6),OMNY - Students,2,0
3/22/26 1:00,23 St-Baruch College (6),OMNY - Other,3,0
3/22/26 1:00,23 St-Baruch College (6),OMNY - Full Fare,113,0
3/22/26 1:00,23 St-Baruch College (6),Metrocard - Other,2,0
3/22/26 0:00,23 St-Baruch College (6),OMNY - Other,7,0
3/22/26 0:00,23 St-Baruch College (6),Metrocard - Other,2,0
3/22/26 0:00,23 St-Baruch College (6),Metrocard - Unlimited 30-Day,1,0
3/22/26 0:00,23 St-Baruch College (6),OMNY - Fair Fare,7,0
3/22/26 0:00,23 St-Baruch College (6),OMNY - Students,6,0
3/22/26 0:00,23 St-Baruch College (6),OMNY - Seniors & Disability,1,1
3/22/26 0:00,23 St-Baruch College (6),OMNY - Full Fare,225,2
3/21/26 23:00,23 St-Baruch College (6),OMNY - Seniors & Disability,12,2
3/21/26 23:00,23 St-Baruch College (6),OMNY - Students,12,0
3/21/26 23:00,23 St-Baruch College (6),OMNY - Fair Fare,10,0
3/21/26 23:00,23 St-Baruch College (6),Metrocard - Other,4,0
3/21/26 23:00,23 St-Baruch College (6),OMNY - Full Fare,301,3
3/21/26 23:00,23 St-Baruch College (6),OMNY - Other,8,0
3/21/26 22:00,23 St-Baruch College (6),OMNY - Other,9,0
3/21/26 22:00,23 St-Baruch College (6),OMNY - Students,11,0
3/21/26 22:00,23 St-Baruch College (6),OMNY - Fair Fare,11,0
3/21/26 22:00,23 St-Baruch College (6),OMNY - Full Fare,359,9
3/21/26 22:00,23 St-Baruch College (6),OMNY - Seniors & Disability,10,1
3/21/26 21:00,23 St-Baruch College (6),OMNY - Fair Fare,15,0
3/21/26 21:00,23 St-Baruch College (6),OMNY - Students,12,0
3/21/26 21:00,23 St-Baruch College (6),OMNY - Other,9,0
3/21/26 21:00,23 St-Baruch College (6),Metrocard - Other,1,0
3/21/26 21:00,23 St-Baruch College (6),OMNY - Full Fare,472,7
3/21/26 21:00,23 St-Baruch College (6),OMNY - Seniors & Disability,25,5
3/21/26 20:00,23 St-Baruch College (6),OMNY - Seniors & Disability,22,3
3/21/26 20:00,23 St-Baruch College (6),OMNY - Students,16,0
3/21/26 20:00,23 St-Baruch College (6),OMNY - Full Fare,508,7
3/21/26 20:00,23 St-Baruch College (6),Metrocard - Other,2,0
3/21/26 20:00,23 St-Baruch College (6),OMNY - Other,4,0
3/21/26 20:00,23 St-Baruch College (6),OMNY - Fair Fare,9,0
3/21/26 19:00,23 St-Baruch College (6),OMNY - Seniors & Disability,25,2
3/21/26 19:00,23 St-Baruch College (6),Metrocard - Unlimited 30-Day,2,0
3/21/26 19:00,23 St-Baruch College (6),OMNY - Other,6,0
3/21/26 19:00,23 St-Baruch College (6),Metrocard - Full Fare,1,0
3/21/26 19:00,23 St-Baruch College (6),OMNY - Fair Fare,18,2
3/21/26 19:00,23 St-Baruch College (6),OMNY - Students,29,0
3/21/26 19:00,23 St-Baruch College (6),OMNY - Full Fare,646,22
3/21/26 18:00,23 St-Baruch College (6),OMNY - Students,23,2
3/21/26 18:00,23 St-Baruch College (6),OMNY - Fair Fare,30,2
3/21/26 18:00,23 St-Baruch College (6),OMNY - Other,7,0
3/21/26 18:00,23 St-Baruch College (6),OMNY - Seniors & Disability,31,3
3/21/26 18:00,23 St-Baruch College (6),OMNY - Full Fare,718,26
3/21/26 18:00,23 St-Baruch College (6),Metrocard - Other,2,0
3/21/26 17:00,23 St-Baruch College (6),OMNY - Fair Fare,15,1
3/21/26 17:00,23 St-Baruch College (6),OMNY - Students,27,1
3/21/26 17:00,23 St-Baruch College (6),OMNY - Seniors & Disability,38,2
3/21/26 17:00,23 St-Baruch College (6),OMNY - Full Fare,786,20
3/21/26 17:00,23 St-Baruch College (6),OMNY - Other,14,0
3/21/26 16:00,23 St-Baruch College (6),OMNY - Other,22,0
3/21/26 16:00,23 St-Baruch College (6),OMNY - Students,44,0
3/21/26 16:00,23 St-Baruch College (6),OMNY - Full Fare,793,14
3/21/26 16:00,23 St-Baruch College (6),OMNY - Seniors & Disability,48,3
3/21/26 16:00,23 St-Baruch College (6),OMNY - Fair Fare,28,2
3/21/26 16:00,23 St-Baruch College (6),Metrocard - Full Fare,1,0
3/21/26 16:00,23 St-Baruch College (6),Metrocard - Unlimited 30-Day,1,0
3/21/26 15:00,23 St-Baruch College (6),Metrocard - Full Fare,2,0
3/21/26 15:00,23 St-Baruch College (6),OMNY - Seniors & Disability,57,4
3/21/26 15:00,23 St-Baruch College (6),OMNY - Fair Fare,37,1
3/21/26 15:00,23 St-Baruch College (6),OMNY - Full Fare,892,20
3/21/26 15:00,23 St-Baruch College (6),Metrocard - Other,3,0
3/21/26 15:00,23 St-Baruch College (6),OMNY - Other,14,0
3/21/26 15:00,23 St-Baruch College (6),OMNY - Students,144,2
3/21/26 15:00,23 St-Baruch College (6),Metrocard - Unlimited 7-Day,1,0
3/21/26 14:00,23 St-Baruch College (6),Metrocard - Seniors & Disability,1,0
3/21/26 14:00,23 St-Baruch College (6),Metrocard - Unlimited 30-Day,1,0
3/21/26 14:00,23 St-Baruch College (6),OMNY - Fair Fare,36,2
3/21/26 14:00,23 St-Baruch College (6),Metrocard - Full Fare,1,0
3/21/26 14:00,23 St-Baruch College (6),Metrocard - Other,2,0
3/21/26 14:00,23 St-Baruch College (6),OMNY - Seniors & Disability,48,9
3/21/26 14:00,23 St-Baruch College (6),OMNY - Other,17,0
3/21/26 14:00,23 St-Baruch College (6),OMNY - Full Fare,849,21
3/21/26 14:00,23 St-Baruch College (6),OMNY - Students,68,7
3/21/26 13:00,23 St-Baruch College (6),OMNY - Students,34,0
3/21/26 13:00,23 St-Baruch College (6),OMNY - Seniors & Disability,35,7
3/21/26 13:00,23 St-Baruch College (6),OMNY - Full Fare,743,19
3/21/26 13:00,23 St-Baruch College (6),Metrocard - Unlimited 30-Day,2,0
3/21/26 13:00,23 St-Baruch College (6),OMNY - Other,7,0
3/21/26 13:00,23 St-Baruch College (6),OMNY - Fair Fare,36,0
3/21/26 12:00,23 St-Baruch College (6),OMNY - Seniors & Disability,30,7
3/21/26 12:00,23 St-Baruch College (6),OMNY - Full Fare,697,32
3/21/26 12:00,23 St-Baruch College (6),Metrocard - Other,2,0
3/21/26 12:00,23 St-Baruch College (6),OMNY - Other,9,0
3/21/26 12:00,23 St-Baruch College (6),Metrocard - Unlimited 30-Day,1,0
3/21/26 12:00,23 St-Baruch College (6),OMNY - Fair Fare,32,2
3/21/26 12:00,23 St-Baruch College (6),OMNY - Students,38,0
3/21/26 11:00,23 St-Baruch College (6),Metrocard - Unlimited 30-Day,1,0
3/21/26 11:00,23 St-Baruch College (6),OMNY - Full Fare,524,16
3/21/26 11:00,23 St-Baruch College (6),OMNY - Other,2,0
3/21/26 11:00,23 St-Baruch College (6),OMNY - Students,15,0
3/21/26 11:00,23 St-Baruch College (6),OMNY - Fair Fare,16,0
3/21/26 11:00,23 St-Baruch College (6),OMNY - Seniors & Disability,31,7
3/21/26 11:00,23 St-Baruch College (6),Metrocard - Unlimited 7-Day,1,0
3/21/26 10:00,23 St-Baruch College (6),Metrocard - Full Fare,1,0
3/21/26 10:00,23 St-Baruch College (6),Metrocard - Unlimited 30-Day,1,0
3/21/26 10:00,23 St-Baruch College (6),OMNY - Other,8,0
3/21/26 10:00,23 St-Baruch College (6),OMNY - Seniors & Disability,19,6
3/21/26 10:00,23 St-Baruch College (6),OMNY - Fair Fare,7,2
3/21/26 10:00,23 St-Baruch College (6),OMNY - Full Fare,396,12
3/21/26 10:00,23 St-Baruch College (6),OMNY - Students,12,2
3/21/26 9:00,23 St-Baruch College (6),OMNY - Other,2,0
3/21/26 9:00,23 St-Baruch College (6),OMNY - Seniors & Disability,18,3
3/21/26 9:00,23 St-Baruch College (6),OMNY - Students,12,0
3/21/26 9:00,23 St-Baruch College (6),OMNY - Fair Fare,4,0
3/21/26 9:00,23 St-Baruch College (6),OMNY - Full Fare,301,19
3/21/26 8:00,23 St-Baruch College (6),OMNY - Students,7,0
3/21/26 8:00,23 St-Baruch College (6),OMNY - Fair Fare,7,0
3/21/26 8:00,23 St-Baruch College (6),OMNY - Other,1,0
3/21/26 8:00,23 St-Baruch College (6),OMNY - Seniors & Disability,8,2
3/21/26 8:00,23 St-Baruch College (6),Metrocard - Other,2,0
3/21/26 8:00,23 St-Baruch College (6),OMNY - Full Fare,176,6
3/21/26 7:00,23 St-Baruch College (6),OMNY - Seniors & Disability,14,3
3/21/26 7:00,23 St-Baruch College (6),OMNY - Full Fare,85,11
3/21/26 7:00,23 St-Baruch College (6),OMNY - Students,3,0
3/21/26 7:00,23 St-Baruch College (6),OMNY - Other,5,0
3/21/26 7:00,23 St-Baruch College (6),OMNY - Fair Fare,2,0
3/21/26 6:00,23 St-Baruch College (6),OMNY - Full Fare,51,3
3/21/26 6:00,23 St-Baruch College (6),Metrocard - Unlimited 30-Day,1,0
3/21/26 6:00,23 St-Baruch College (6),OMNY - Students,4,0
3/21/26 6:00,23 St-Baruch College (6),OMNY - Fair Fare,2,0
3/21/26 6:00,23 St-Baruch College (6),OMNY - Seniors & Disability,6,0
3/21/26 6:00,23 St-Baruch College (6),OMNY - Other,4,0
3/21/26 5:00,23 St-Baruch College (6),OMNY - Other,1,0
3/21/26 5:00,23 St-Baruch College (6),Metrocard - Seniors & Disability,1,0
3/21/26 5:00,23 St-Baruch College (6),OMNY - Full Fare,27,2
3/21/26 5:00,23 St-Baruch College (6),Metrocard - Unlimited 30-Day,1,0
3/21/26 5:00,23 St-Baruch College (6),OMNY - Fair Fare,2,0
3/21/26 4:00,23 St-Baruch College (6),OMNY - Fair Fare,1,0
3/21/26 4:00,23 St-Baruch College (6),OMNY - Full Fare,37,0
3/21/26 4:00,23 St-Baruch College (6),OMNY - Other,1,0
3/21/26 3:00,23 St-Baruch College (6),OMNY - Other,1,0
3/21/26 3:00,23 St-Baruch College (6),Metrocard - Other,1,0
3/21/26 3:00,23 St-Baruch College (6),OMNY - Full Fare,42,0
3/21/26 3:00,23 St-Baruch College (6),OMNY - Fair Fare,1,0
3/21/26 3:00,23 St-Baruch College (6),OMNY - Students,2,0
3/21/26 2:00,23 St-Baruch College (6),OMNY - Students,2,0
3/21/26 2:00,23 St-Baruch College (6),OMNY - Full Fare,56,0
3/21/26 2:00,23 St-Baruch College (6),OMNY - Seniors & Disability,1,0
3/21/26 2:00,23 St-Baruch College (6),OMNY - Other,1,0
3/21/26 2:00,23 St-Baruch College (6),OMNY - Fair Fare,4,0
3/21/26 1:00,23 St-Baruch College (6),Metrocard - Unlimited 30-Day,1,0
3/21/26 1:00,23 St-Baruch College (6),OMNY - Students,1,0
3/21/26 1:00,23 St-Baruch College (6),OMNY - Full Fare,131,0
3/21/26 1:00,23 St-Baruch College (6),OMNY - Fair Fare,7,0
3/21/26 1:00,23 St-Baruch College (6),OMNY - Other,1,0
3/21/26 0:00,23 St-Baruch College (6),OMNY - Full Fare,281,0
3/21/26 0:00,23 St-Baruch College (6),OMNY - Seniors & Disability,4,0
3/21/26 0:00,23 St-Baruch College (6),OMNY - Students,6,0
3/21/26 0:00,23 St-Baruch College (6),OMNY - Other,5,0
3/21/26 0:00,23 St-Baruch College (6),OMNY - Fair Fare,11,0
3/21/26 0:00,23 St-Baruch College (6),Metrocard - Unlimited 30-Day,1,0
3/20/26 23:00,23 St-Baruch College (6),OMNY - Seniors & Disability,12,1
3/20/26 23:00,23 St-Baruch College (6),OMNY - Fair Fare,15,0
3/20/26 23:00,23 St-Baruch College (6),OMNY - Full Fare,418,7
3/20/26 23:00,23 St-Baruch College (6),OMNY - Students,20,0
3/20/26 23:00,23 St-Baruch College (6),OMNY - Other,3,0
3/20/26 23:00,23 St-Baruch College (6),Metrocard - Other,1,0
3/20/26 22:00,23 St-Baruch College (6),OMNY - Students,15,0
3/20/26 22:00,23 St-Baruch College (6),OMNY - Seniors & Disability,21,1
3/20/26 22:00,23 St-Baruch College (6),OMNY - Full Fare,466,4
3/20/26 22:00,23 St-Baruch College (6),Metrocard - Other,1,0
3/20/26 22:00,23 St-Baruch College (6),Metrocard - Seniors & Disability,1,0
3/20/26 22:00,23 St-Baruch College (6),OMNY - Fair Fare,27,0
3/20/26 22:00,23 St-Baruch College (6),OMNY - Other,9,0
3/20/26 21:00,23 St-Baruch College (6),OMNY - Full Fare,428,4
3/20/26 21:00,23 St-Baruch College (6),OMNY - Other,8,0
3/20/26 21:00,23 St-Baruch College (6),Metrocard - Unlimited 30-Day,1,0
3/20/26 21:00,23 St-Baruch College (6),OMNY - Fair Fare,16,2
3/20/26 21:00,23 St-Baruch College (6),Metrocard - Other,1,0
3/20/26 21:00,23 St-Baruch College (6),OMNY - Students,11,0
3/20/26 21:00,23 St-Baruch College (6),OMNY - Seniors & Disability,15,1
3/20/26 20:00,23 St-Baruch College (6),OMNY - Fair Fare,36,0
3/20/26 20:00,23 St-Baruch College (6),OMNY - Students,25,0
3/20/26 20:00,23 St-Baruch College (6),OMNY - Seniors & Disability,37,2
3/20/26 20:00,23 St-Baruch College (6),OMNY - Other,13,0
3/20/26 20:00,23 St-Baruch College (6),OMNY - Full Fare,681,13
3/20/26 19:00,23 St-Baruch College (6),OMNY - Students,19,0
3/20/26 19:00,23 St-Baruch College (6),Metrocard - Other,1,0
3/20/26 19:00,23 St-Baruch College (6),OMNY - Full Fare,826,16
3/20/26 19:00,23 St-Baruch College (6),OMNY - Seniors & Disability,25,0
3/20/26 19:00,23 St-Baruch College (6),OMNY - Fair Fare,26,1
3/20/26 19:00,23 St-Baruch College (6),Metrocard - Unlimited 30-Day,1,0
3/20/26 19:00,23 St-Baruch College (6),OMNY - Other,10,0
3/20/26 18:00,23 St-Baruch College (6),OMNY - Seniors & Disability,52,7
3/20/26 18:00,23 St-Baruch College (6),OMNY - Fair Fare,32,0
3/20/26 18:00,23 St-Baruch College (6),OMNY - Students,36,1
3/20/26 18:00,23 St-Baruch College (6),OMNY - Full Fare,"1,229",24
3/20/26 18:00,23 St-Baruch College (6),Metrocard - Other,1,0
3/20/26 18:00,23 St-Baruch College (6),Metrocard - Unlimited 30-Day,1,0
3/20/26 18:00,23 St-Baruch College (6),OMNY - Other,21,0
3/20/26 17:00,23 St-Baruch College (6),Metrocard - Full Fare,1,0
3/20/26 17:00,23 St-Baruch College (6),Metrocard - Unlimited 7-Day,3,0
3/20/26 17:00,23 St-Baruch College (6),Metrocard - Unlimited 30-Day,2,0
3/20/26 17:00,23 St-Baruch College (6),OMNY - Other,12,0
3/20/26 17:00,23 St-Baruch College (6),OMNY - Students,41,0
3/20/26 17:00,23 St-Baruch College (6),OMNY - Seniors & Disability,56,11
3/20/26 17:00,23 St-Baruch College (6),Metrocard - Other,3,0
3/20/26 17:00,23 St-Baruch College (6),OMNY - Full Fare,"1,363",33
3/20/26 17:00,23 St-Baruch College (6),OMNY - Fair Fare,37,2
3/20/26 16:00,23 St-Baruch College (6),OMNY - Other,17,0
3/20/26 16:00,23 St-Baruch College (6),OMNY - Full Fare,"1,364",39
3/20/26 16:00,23 St-Baruch College (6),OMNY - Students,62,1
3/20/26 16:00,23 St-Baruch College (6),Metrocard - Unlimited 7-Day,3,0
3/20/26 16:00,23 St-Baruch College (6),Metrocard - Unlimited 30-Day,2,0
3/20/26 16:00,23 St-Baruch College (6),OMNY - Seniors & Disability,90,6
3/20/26 16:00,23 St-Baruch College (6),OMNY - Fair Fare,65,3
3/20/26 16:00,23 St-Baruch College (6),Metrocard - Other,3,0
3/20/26 15:00,23 St-Baruch College (6),OMNY - Fair Fare,54,1
3/20/26 15:00,23 St-Baruch College (6),OMNY - Seniors & Disability,96,4
3/20/26 15:00,23 St-Baruch College (6),Metrocard - Unlimited 30-Day,2,0
3/20/26 15:00,23 St-Baruch College (6),OMNY - Full Fare,"1,246",33
3/20/26 15:00,23 St-Baruch College (6),OMNY - Other,21,0
3/20/26 15:00,23 St-Baruch College (6),Metrocard - Other,4,0
3/20/26 15:00,23 St-Baruch College (6),Metrocard - Seniors & Disability,1,0
3/20/26 15:00,23 St-Baruch College (6),Metrocard - Unlimited 7-Day,1,0
3/20/26 15:00,23 St-Baruch College (6),OMNY - Students,67,4
3/20/26 14:00,23 St-Baruch College (6),OMNY - Seniors & Disability,83,5
3/20/26 14:00,23 St-Baruch College (6),Metrocard - Unlimited 7-Day,1,0
3/20/26 14:00,23 St-Baruch College (6),OMNY - Students,50,1
3/20/26 14:00,23 St-Baruch College (6),Metrocard - Other,3,1
3/20/26 14:00,23 St-Baruch College (6),Metrocard - Unlimited 30-Day,2,0
3/20/26 14:00,23 St-Baruch College (6),OMNY - Full Fare,896,22
3/20/26 14:00,23 St-Baruch College (6),OMNY - Fair Fare,44,0
3/20/26 14:00,23 St-Baruch College (6),OMNY - Other,15,0
3/20/26 13:00,23 St-Baruch College (6),OMNY - Other,19,0
3/20/26 13:00,23 St-Baruch College (6),OMNY - Fair Fare,34,1
3/20/26 13:00,23 St-Baruch College (6),Metrocard - Unlimited 7-Day,1,0
3/20/26 13:00,23 St-Baruch College (6),OMNY - Students,20,0
3/20/26 13:00,23 St-Baruch College (6),OMNY - Full Fare,639,17
3/20/26 13:00,23 St-Baruch College (6),Metrocard - Full Fare,1,0
3/20/26 13:00,23 St-Baruch College (6),Metrocard - Other,2,0
3/20/26 13:00,23 St-Baruch College (6),OMNY - Seniors & Disability,76,14
3/20/26 12:00,23 St-Baruch College (6),OMNY - Other,21,0
3/20/26 12:00,23 St-Baruch College (6),OMNY - Seniors & Disability,53,8
3/20/26 12:00,23 St-Baruch College (6),Metrocard - Other,2,0
3/20/26 12:00,23 St-Baruch College (6),OMNY - Fair Fare,20,0
3/20/26 12:00,23 St-Baruch College (6),OMNY - Students,16,0
3/20/26 12:00,23 St-Baruch College (6),OMNY - Full Fare,675,14
3/20/26 11:00,23 St-Baruch College (6),Metrocard - Seniors & Disability,1,0
3/20/26 11:00,23 St-Baruch College (6),Metrocard - Other,1,0
3/20/26 11:00,23 St-Baruch College (6),Metrocard - Unlimited 30-Day,1,0
3/20/26 11:00,23 St-Baruch College (6),OMNY - Fair Fare,19,2
3/20/26 11:00,23 St-Baruch College (6),OMNY - Students,20,0
3/20/26 11:00,23 St-Baruch College (6),OMNY - Other,16,0
3/20/26 11:00,23 St-Baruch College (6),OMNY - Full Fare,543,14
3/20/26 11:00,23 St-Baruch College (6),OMNY - Seniors & Disability,67,10
3/20/26 10:00,23 St-Baruch College (6),Metrocard - Other,2,0
3/20/26 10:00,23 St-Baruch College (6),OMNY - Other,9,0
3/20/26 10:00,23 St-Baruch College (6),OMNY - Full Fare,523,20
3/20/26 10:00,23 St-Baruch College (6),Metrocard - Unlimited 7-Day,1,0
3/20/26 10:00,23 St-Baruch College (6),OMNY - Seniors & Disability,52,8
3/20/26 10:00,23 St-Baruch College (6),Metrocard - Seniors & Disability,2,0
3/20/26 10:00,23 St-Baruch College (6),OMNY - Fair Fare,19,1
3/20/26 10:00,23 St-Baruch College (6),OMNY - Students,10,0
3/20/26 9:00,23 St-Baruch College (6),OMNY - Students,13,1
3/20/26 9:00,23 St-Baruch College (6),OMNY - Full Fare,689,43
3/20/26 9:00,23 St-Baruch College (6),OMNY - Seniors & Disability,44,4
3/20/26 9:00,23 St-Baruch College (6),OMNY - Other,10,0
3/20/26 9:00,23 St-Baruch College (6),Metrocard - Other,2,0
3/20/26 9:00,23 St-Baruch College (6),Metrocard - Unlimited 30-Day,1,0
3/20/26 9:00,23 St-Baruch College (6),OMNY - Fair Fare,6,1
3/20/26 8:00,23 St-Baruch College (6),OMNY - Fair Fare,9,0
3/20/26 8:00,23 St-Baruch College (6),OMNY - Other,8,0
3/20/26 8:00,23 St-Baruch College (6),OMNY - Students,15,3
3/20/26 8:00,23 St-Baruch College (6),OMNY - Full Fare,796,47
3/20/26 8:00,23 St-Baruch College (6),OMNY - Seniors & Disability,42,5
3/20/26 7:00,23 St-Baruch College (6),OMNY - Students,28,3
3/20/26 7:00,23 St-Baruch College (6),Metrocard - Unlimited 30-Day,1,0
3/20/26 7:00,23 St-Baruch College (6),Metrocard - Other,5,0
3/20/26 7:00,23 St-Baruch College (6),OMNY - Fair Fare,11,1
3/20/26 7:00,23 St-Baruch College (6),OMNY - Seniors & Disability,21,5
3/20/26 7:00,23 St-Baruch College (6),OMNY - Other,8,0
3/20/26 7:00,23 St-Baruch College (6),OMNY - Full Fare,421,72
3/20/26 6:00,23 St-Baruch College (6),OMNY - Seniors & Disability,18,6
3/20/26 6:00,23 St-Baruch College (6),OMNY - Students,8,1
3/20/26 6:00,23 St-Baruch College (6),OMNY - Other,11,0
3/20/26 6:00,23 St-Baruch College (6),OMNY - Full Fare,171,47
3/20/26 6:00,23 St-Baruch College (6),OMNY - Fair Fare,1,1
3/20/26 5:00,23 St-Baruch College (6),OMNY - Seniors & Disability,2,1
3/20/26 5:00,23 St-Baruch College (6),OMNY - Other,2,0
3/20/26 5:00,23 St-Baruch College (6),Metrocard - Unlimited 30-Day,1,0
3/20/26 5:00,23 St-Baruch College (6),OMNY - Fair Fare,1,0
3/20/26 5:00,23 St-Baruch College (6),OMNY - Full Fare,57,23
3/20/26 4:00,23 St-Baruch College (6),OMNY - Other,1,0
3/20/26 4:00,23 St-Baruch College (6),OMNY - Full Fare,12,0
3/20/26 3:00,23 St-Baruch College (6),OMNY - Students,1,0
3/20/26 3:00,23 St-Baruch College (6),OMNY - Fair Fare,2,0
3/20/26 3:00,23 St-Baruch College (6),OMNY - Other,1,0
3/20/26 3:00,23 St-Baruch College (6),OMNY - Full Fare,7,0
3/20/26 2:00,23 St-Baruch College (6),OMNY - Fair Fare,1,0
3/20/26 2:00,23 St-Baruch College (6),OMNY - Full Fare,24,0
3/20/26 1:00,23 St-Baruch College (6),OMNY - Other,3,0
3/20/26 1:00,23 St-Baruch College (6),OMNY - Students,1,0
3/20/26 1:00,23 St-Baruch College (6),OMNY - Seniors & Disability,1,1
3/20/26 1:00,23 St-Baruch College (6),OMNY - Fair Fare,3,0
3/20/26 1:00,23 St-Baruch College (6),OMNY - Full Fare,37,1
3/20/26 0:00,23 St-Baruch College (6),Metrocard - Seniors & Disability,1,0
3/20/26 0:00,23 St-Baruch College (6),OMNY - Seniors & Disability,3,0
3/20/26 0:00,23 St-Baruch College (6),OMNY - Other,3,0
3/20/26 0:00,23 St-Baruch College (6),OMNY - Students,4,0
3/20/26 0:00,23 St-Baruch College (6),OMNY - Fair Fare,13,0
3/20/26 0:00,23 St-Baruch College (6),OMNY - Full Fare,130,1
3/19/26 23:00,23 St-Baruch College (6),OMNY - Full Fare,334,11
3/19/26 23:00,23 St-Baruch College (6),Metrocard - Full Fare,1,0
3/19/26 23:00,23 St-Baruch College (6),OMNY - Fair Fare,12,0
3/19/26 23:00,23 St-Baruch College (6),OMNY - Seniors & Disability,15,3
3/19/26 23:00,23 St-Baruch College (6),OMNY - Students,15,0
3/19/26 23:00,23 St-Baruch College (6),OMNY - Other,11,0
3/19/26 23:00,23 St-Baruch College (6),Metrocard - Other,6,0
3/19/26 22:00,23 St-Baruch College (6),OMNY - Fair Fare,35,0
3/19/26 22:00,23 St-Baruch College (6),OMNY - Students,28,0
3/19/26 22:00,23 St-Baruch College (6),Metrocard - Other,1,0
3/19/26 22:00,23 St-Baruch College (6),OMNY - Seniors & Disability,18,1
3/19/26 22:00,23 St-Baruch College (6),OMNY - Full Fare,521,6
3/19/26 22:00,23 St-Baruch College (6),OMNY - Other,9,0
3/19/26 21:00,23 St-Baruch College (6),OMNY - Full Fare,802,7
3/19/26 21:00,23 St-Baruch College (6),Metrocard - Other,4,0
3/19/26 21:00,23 St-Baruch College (6),OMNY - Seniors & Disability,34,3
3/19/26 21:00,23 St-Baruch College (6),OMNY - Fair Fare,54,1
3/19/26 21:00,23 St-Baruch College (6),OMNY - Other,10,0
3/19/26 21:00,23 St-Baruch College (6),OMNY - Students,30,0
3/19/26 20:00,23 St-Baruch College (6),OMNY - Full Fare,"1,217",14
3/19/26 20:00,23 St-Baruch College (6),OMNY - Seniors & Disability,57,2
3/19/26 20:00,23 St-Baruch College (6),Metrocard - Unlimited 30-Day,5,0
3/19/26 20:00,23 St-Baruch College (6),Metrocard - Other,6,0
3/19/26 20:00,23 St-Baruch College (6),OMNY - Other,14,0
3/19/26 20:00,23 St-Baruch College (6),OMNY - Students,55,0
3/19/26 20:00,23 St-Baruch College (6),Metrocard - Unlimited 7-Day,1,0
3/19/26 20:00,23 St-Baruch College (6),OMNY - Fair Fare,90,1
3/19/26 19:00,23 St-Baruch College (6),OMNY - Other,15,0
3/19/26 19:00,23 St-Baruch College (6),Metrocard - Other,3,0
3/19/26 19:00,23 St-Baruch College (6),OMNY - Seniors & Disability,50,4
3/19/26 19:00,23 St-Baruch College (6),OMNY - Students,90,2
3/19/26 19:00,23 St-Baruch College (6),Metrocard - Unlimited 30-Day,2,0
3/19/26 19:00,23 St-Baruch College (6),OMNY - Full Fare,"1,650",26
3/19/26 19:00,23 St-Baruch College (6),OMNY - Fair Fare,87,0
3/19/26 18:00,23 St-Baruch College (6),OMNY - Students,112,1
3/19/26 18:00,23 St-Baruch College (6),Metrocard - Other,5,0
3/19/26 18:00,23 St-Baruch College (6),OMNY - Seniors & Disability,82,6
3/19/26 18:00,23 St-Baruch College (6),OMNY - Other,26,0
3/19/26 18:00,23 St-Baruch College (6),OMNY - Full Fare,"1,906",31
3/19/26 18:00,23 St-Baruch College (6),Metrocard - Unlimited 30-Day,3,0
3/19/26 18:00,23 St-Baruch College (6),OMNY - Fair Fare,72,0
3/19/26 17:00,23 St-Baruch College (6),OMNY - Other,19,0
3/19/26 17:00,23 St-Baruch College (6),OMNY - Students,170,1
3/19/26 17:00,23 St-Baruch College (6),OMNY - Seniors & Disability,124,10
3/19/26 17:00,23 St-Baruch College (6),OMNY - Fair Fare,129,4
3/19/26 17:00,23 St-Baruch College (6),Metrocard - Unlimited 7-Day,1,0
3/19/26 17:00,23 St-Baruch College (6),OMNY - Full Fare,"2,505",39
3/19/26 17:00,23 St-Baruch College (6),Metrocard - Full Fare,1,0
3/19/26 17:00,23 St-Baruch College (6),Metrocard - Other,3,0
3/19/26 17:00,23 St-Baruch College (6),Metrocard - Unlimited 30-Day,5,0
3/19/26 16:00,23 St-Baruch College (6),OMNY - Full Fare,"2,056",60
3/19/26 16:00,23 St-Baruch College (6),Metrocard - Other,5,0
3/19/26 16:00,23 St-Baruch College (6),OMNY - Other,32,0
3/19/26 16:00,23 St-Baruch College (6),OMNY - Fair Fare,131,1
3/19/26 16:00,23 St-Baruch College (6),OMNY - Students,145,1
3/19/26 16:00,23 St-Baruch College (6),OMNY - Seniors & Disability,122,10
3/19/26 16:00,23 St-Baruch College (6),Metrocard - Unlimited 30-Day,4,0
3/19/26 16:00,23 St-Baruch College (6),Metrocard - Unlimited 7-Day,3,0
3/19/26 15:00,23 St-Baruch College (6),OMNY - Fair Fare,101,1
3/19/26 15:00,23 St-Baruch College (6),OMNY - Other,34,0
3/19/26 15:00,23 St-Baruch College (6),OMNY - Full Fare,"1,748",27
3/19/26 15:00,23 St-Baruch College (6),OMNY - Seniors & Disability,122,9
3/19/26 15:00,23 St-Baruch College (6),Metrocard - Other,8,0
3/19/26 15:00,23 St-Baruch College (6),OMNY - Students,288,4
3/19/26 15:00,23 St-Baruch College (6),Metrocard - Unlimited 30-Day,2,0
3/19/26 14:00,23 St-Baruch College (6),Metrocard - Full Fare,1,0
3/19/26 14:00,23 St-Baruch College (6),Metrocard - Other,6,0
3/19/26 14:00,23 St-Baruch College (6),OMNY - Other,28,0
3/19/26 14:00,23 St-Baruch College (6),OMNY - Fair Fare,81,2
3/19/26 14:00,23 St-Baruch College (6),OMNY - Seniors & Disability,77,8
3/19/26 14:00,23 St-Baruch College (6),OMNY - Full Fare,"1,111",21
3/19/26 14:00,23 St-Baruch College (6),OMNY - Students,112,2
3/19/26 13:00,23 St-Baruch College (6),OMNY - Full Fare,804,30
3/19/26 13:00,23 St-Baruch College (6),OMNY - Fair Fare,42,3
3/19/26 13:00,23 St-Baruch College (6),OMNY - Other,21,0
3/19/26 13:00,23 St-Baruch College (6),OMNY - Students,62,0
3/19/26 13:00,23 St-Baruch College (6),Metrocard - Other,4,0
3/19/26 13:00,23 St-Baruch College (6),OMNY - Seniors & Disability,79,12
3/19/26 12:00,23 St-Baruch College (6),Metrocard - Unlimited 30-Day,2,0
3/19/26 12:00,23 St-Baruch College (6),OMNY - Students,147,0
3/19/26 12:00,23 St-Baruch College (6),OMNY - Full Fare,"1,053",20
3/19/26 12:00,23 St-Baruch College (6),OMNY - Seniors & Disability,84,15
3/19/26 12:00,23 St-Baruch College (6),Metrocard - Other,2,0
3/19/26 12:00,23 St-Baruch College (6),OMNY - Other,14,0
3/19/26 12:00,23 St-Baruch College (6),Metrocard - Unlimited 7-Day,2,0
3/19/26 12:00,23 St-Baruch College (6),Metrocard - Full Fare,1,0
3/19/26 12:00,23 St-Baruch College (6),OMNY - Fair Fare,78,1
3/19/26 11:00,23 St-Baruch College (6),OMNY - Students,154,0
3/19/26 11:00,23 St-Baruch College (6),OMNY - Seniors & Disability,85,9
3/19/26 11:00,23 St-Baruch College (6),OMNY - Fair Fare,54,0
3/19/26 11:00,23 St-Baruch College (6),Metrocard - Other,10,1
3/19/26 11:00,23 St-Baruch College (6),OMNY - Full Fare,836,18
3/19/26 11:00,23 St-Baruch College (6),Metrocard - Seniors & Disability,1,0
3/19/26 11:00,23 St-Baruch College (6),OMNY - Other,7,0
3/19/26 10:00,23 St-Baruch College (6),OMNY - Seniors & Disability,74,10
3/19/26 10:00,23 St-Baruch College (6),OMNY - Full Fare,726,24
3/19/26 10:00,23 St-Baruch College (6),OMNY - Students,40,0
3/19/26 10:00,23 St-Baruch College (6),Metrocard - Other,3,0
3/19/26 10:00,23 St-Baruch College (6),OMNY - Fair Fare,32,2
3/19/26 10:00,23 St-Baruch College (6),Metrocard - Seniors & Disability,1,0
3/19/26 10:00,23 St-Baruch College (6),OMNY - Other,9,0
3/19/26 9:00,23 St-Baruch College (6),Metrocard - Other,2,0
3/19/26 9:00,23 St-Baruch College (6),OMNY - Students,16,1
3/19/26 9:00,23 St-Baruch College (6),OMNY - Seniors & Disability,66,6
3/19/26 9:00,23 St-Baruch College (6),OMNY - Full Fare,"1,117",63
3/19/26 9:00,23 St-Baruch College (6),OMNY - Fair Fare,22,1
3/19/26 9:00,23 St-Baruch College (6),OMNY - Other,15,1
3/19/26 8:00,23 St-Baruch College (6),OMNY - Students,52,2
3/19/26 8:00,23 St-Baruch College (6),OMNY - Full Fare,"1,549",130
3/19/26 8:00,23 St-Baruch College (6),OMNY - Fair Fare,17,1
3/19/26 8:00,23 St-Baruch College (6),Metrocard - Unlimited 30-Day,2,0
3/19/26 8:00,23 St-Baruch College (6),OMNY - Seniors & Disability,43,3
3/19/26 8:00,23 St-Baruch College (6),OMNY - Other,8,0
3/19/26 8:00,23 St-Baruch College (6),Metrocard - Other,4,1
3/19/26 7:00,23 St-Baruch College (6),Metrocard - Unlimited 7-Day,1,0
3/19/26 7:00,23 St-Baruch College (6),OMNY - Students,78,7
3/19/26 7:00,23 St-Baruch College (6),Metrocard - Other,3,0
3/19/26 7:00,23 St-Baruch College (6),OMNY - Other,6,0
3/19/26 7:00,23 St-Baruch College (6),OMNY - Seniors & Disability,28,6
3/19/26 7:00,23 St-Baruch College (6),OMNY - Full Fare,680,96
3/19/26 7:00,23 St-Baruch College (6),OMNY - Fair Fare,7,1
3/19/26 6:00,23 St-Baruch College (6),OMNY - Other,5,0
3/19/26 6:00,23 St-Baruch College (6),OMNY - Fair Fare,3,0
3/19/26 6:00,23 St-Baruch College (6),OMNY - Students,5,0
3/19/26 6:00,23 St-Baruch College (6),OMNY - Full Fare,221,54
3/19/26 6:00,23 St-Baruch College (6),OMNY - Seniors & Disability,17,7
3/19/26 6:00,23 St-Baruch College (6),Metrocard - Unlimited 30-Day,1,0
3/19/26 6:00,23 St-Baruch College (6),Metrocard - Other,1,0
3/19/26 5:00,23 St-Baruch College (6),Metrocard - Other,1,0
3/19/26 5:00,23 St-Baruch College (6),OMNY - Full Fare,46,16
3/19/26 5:00,23 St-Baruch College (6),OMNY - Seniors & Disability,4,0
3/19/26 5:00,23 St-Baruch College (6),OMNY - Fair Fare,2,0
3/19/26 5:00,23 St-Baruch College (6),OMNY - Other,1,0
3/19/26 4:00,23 St-Baruch College (6),Metrocard - Other,1,0
3/19/26 4:00,23 St-Baruch College (6),OMNY - Other,3,0
3/19/26 4:00,23 St-Baruch College (6),OMNY - Full Fare,13,0
3/19/26 3:00,23 St-Baruch College (6),OMNY - Students,1,0
3/19/26 3:00,23 St-Baruch College (6),OMNY - Full Fare,11,1
3/19/26 2:00,23 St-Baruch College (6),OMNY - Other,2,0
3/19/26 2:00,23 St-Baruch College (6),OMNY - Students,1,0
3/19/26 2:00,23 St-Baruch College (6),OMNY - Fair Fare,4,0
3/19/26 2:00,23 St-Baruch College (6),OMNY - Full Fare,17,0
3/19/26 1:00,23 St-Baruch College (6),Metrocard - Other,1,0
3/19/26 1:00,23 St-Baruch College (6),OMNY - Fair Fare,5,0
3/19/26 1:00,23 St-Baruch College (6),OMNY - Students,2,0
3/19/26 1:00,23 St-Baruch College (6),OMNY - Full Fare,26,0
3/19/26 1:00,23 St-Baruch College (6),OMNY - Other,8,0
3/19/26 0:00,23 St-Baruch College (6),OMNY - Students,3,0
3/19/26 0:00,23 St-Baruch College (6),OMNY - Fair Fare,11,0
3/19/26 0:00,23 St-Baruch College (6),OMNY - Seniors & Disability,6,0
3/19/26 0:00,23 St-Baruch College (6),OMNY - Other,4,0
3/19/26 0:00,23 St-Baruch College (6),OMNY - Full Fare,104,0
3/18/26 23:00,23 St-Baruch College (6),OMNY - Full Fare,253,6
3/18/26 23:00,23 St-Baruch College (6),OMNY - Seniors & Disability,13,2
3/18/26 23:00,23 St-Baruch College (6),OMNY - Students,13,0
3/18/26 23:00,23 St-Baruch College (6),Metrocard - Full Fare,1,0
3/18/26 23:00,23 St-Baruch College (6),OMNY - Fair Fare,11,0
3/18/26 23:00,23 St-Baruch College (6),Metrocard - Other,1,0
3/18/26 23:00,23 St-Baruch College (6),Metrocard - Unlimited 30-Day,1,0
3/18/26 23:00,23 St-Baruch College (6),OMNY - Other,5,0
3/18/26 22:00,23 St-Baruch College (6),OMNY - Other,6,0
3/18/26 22:00,23 St-Baruch College (6),OMNY - Full Fare,498,12
3/18/26 22:00,23 St-Baruch College (6),OMNY - Fair Fare,26,0
3/18/26 22:00,23 St-Baruch College (6),Metrocard - Other,1,0
3/18/26 22:00,23 St-Baruch College (6),OMNY - Seniors & Disability,23,1
3/18/26 22:00,23 St-Baruch College (6),OMNY - Students,11,0
3/18/26 21:00,23 St-Baruch College (6),OMNY - Students,38,0
3/18/26 21:00,23 St-Baruch College (6),OMNY - Other,8,0
3/18/26 21:00,23 St-Baruch College (6),OMNY - Seniors & Disability,27,2
3/18/26 21:00,23 St-Baruch College (6),OMNY - Fair Fare,60,0
3/18/26 21:00,23 St-Baruch College (6),Metrocard - Other,4,0
3/18/26 21:00,23 St-Baruch College (6),OMNY - Full Fare,847,17
3/18/26 20:00,23 St-Baruch College (6),Metrocard - Other,7,0
3/18/26 20:00,23 St-Baruch College (6),OMNY - Students,72,0
3/18/26 20:00,23 St-Baruch College (6),Metrocard - Unlimited 30-Day,1,0
3/18/26 20:00,23 St-Baruch College (6),OMNY - Full Fare,"1,275",14
3/18/26 20:00,23 St-Baruch College (6),OMNY - Other,17,0
3/18/26 20:00,23 St-Baruch College (6),OMNY - Fair Fare,106,0
3/18/26 20:00,23 St-Baruch College (6),OMNY - Seniors & Disability,53,1
3/18/26 20:00,23 St-Baruch College (6),Metrocard - Unlimited 7-Day,1,0
3/18/26 19:00,23 St-Baruch College (6),OMNY - Other,21,1
3/18/26 19:00,23 St-Baruch College (6),OMNY - Fair Fare,123,1
3/18/26 19:00,23 St-Baruch College (6),OMNY - Seniors & Disability,61,1
3/18/26 19:00,23 St-Baruch College (6),Metrocard - Unlimited 30-Day,5,0
3/18/26 19:00,23 St-Baruch College (6),Metrocard - Other,3,0
3/18/26 19:00,23 St-Baruch College (6),OMNY - Students,103,1
3/18/26 19:00,23 St-Baruch College (6),OMNY - Full Fare,"1,740",20
3/18/26 18:00,23 St-Baruch College (6),OMNY - Other,30,0
3/18/26 18:00,23 St-Baruch College (6),OMNY - Full Fare,"2,049",37
3/18/26 18:00,23 St-Baruch College (6),Metrocard - Other,5,0
3/18/26 18:00,23 St-Baruch College (6),OMNY - Students,87,2
3/18/26 18:00,23 St-Baruch College (6),OMNY - Seniors & Disability,90,4
3/18/26 18:00,23 St-Baruch College (6),OMNY - Fair Fare,67,0
3/18/26 17:00,23 St-Baruch College (6),OMNY - Other,22,0
3/18/26 17:00,23 St-Baruch College (6),Metrocard - Other,5,0
3/18/26 17:00,23 St-Baruch College (6),OMNY - Seniors & Disability,114,5
3/18/26 17:00,23 St-Baruch College (6),OMNY - Full Fare,"2,844",45
3/18/26 17:00,23 St-Baruch College (6),OMNY - Students,208,0
3/18/26 17:00,23 St-Baruch College (6),OMNY - Fair Fare,132,1
3/18/26 17:00,23 St-Baruch College (6),Metrocard - Seniors & Disability,1,1
3/18/26 17:00,23 St-Baruch College (6),Metrocard - Unlimited 30-Day,4,0
3/18/26 16:00,23 St-Baruch College (6),Metrocard - Other,8,0
3/18/26 16:00,23 St-Baruch College (6),Metrocard - Unlimited 30-Day,2,0
3/18/26 16:00,23 St-Baruch College (6),OMNY - Other,28,0
3/18/26 16:00,23 St-Baruch College (6),OMNY - Seniors & Disability,122,8
3/18/26 16:00,23 St-Baruch College (6),OMNY - Students,196,2
3/18/26 16:00,23 St-Baruch College (6),OMNY - Full Fare,"2,161",44
3/18/26 16:00,23 St-Baruch College (6),Metrocard - Unlimited 7-Day,4,0
3/18/26 16:00,23 St-Baruch College (6),OMNY - Fair Fare,133,5
3/18/26 15:00,23 St-Baruch College (6),OMNY - Other,32,0
3/18/26 15:00,23 St-Baruch College (6),OMNY - Fair Fare,99,2
3/18/26 15:00,23 St-Baruch College (6),OMNY - Students,384,4
3/18/26 15:00,23 St-Baruch College (6),OMNY - Full Fare,"1,770",27
3/18/26 15:00,23 St-Baruch College (6),Metrocard - Seniors & Disability,2,0
3/18/26 15:00,23 St-Baruch College (6),Metrocard - Full Fare,1,0
3/18/26 15:00,23 St-Baruch College (6),Metrocard - Other,6,0
3/18/26 15:00,23 St-Baruch College (6),OMNY - Seniors & Disability,120,8
3/18/26 15:00,23 St-Baruch College (6),Metrocard - Unlimited 30-Day,1,0
3/18/26 14:00,23 St-Baruch College (6),OMNY - Seniors & Disability,115,12
3/18/26 14:00,23 St-Baruch College (6),OMNY - Full Fare,"1,374",27
3/18/26 14:00,23 St-Baruch College (6),Metrocard - Unlimited 30-Day,3,0
3/18/26 14:00,23 St-Baruch College (6),OMNY - Other,37,0
3/18/26 14:00,23 St-Baruch College (6),OMNY - Students,278,4
3/18/26 14:00,23 St-Baruch College (6),Metrocard - Full Fare,1,1
3/18/26 14:00,23 St-Baruch College (6),OMNY - Fair Fare,115,4
3/18/26 14:00,23 St-Baruch College (6),Metrocard - Unlimited 7-Day,1,0
3/18/26 14:00,23 St-Baruch College (6),Metrocard - Other,9,0
3/18/26 13:00,23 St-Baruch College (6),OMNY - Other,15,0
3/18/26 13:00,23 St-Baruch College (6),Metrocard - Other,15,0
3/18/26 13:00,23 St-Baruch College (6),OMNY - Fair Fare,54,1
3/18/26 13:00,23 St-Baruch College (6),OMNY - Full Fare,849,35
3/18/26 13:00,23 St-Baruch College (6),Metrocard - Unlimited 7-Day,1,0
3/18/26 13:00,23 St-Baruch College (6),Metrocard - Unlimited 30-Day,2,0
3/18/26 13:00,23 St-Baruch College (6),OMNY - Seniors & Disability,111,10
3/18/26 13:00,23 St-Baruch College (6),OMNY - Students,80,0
3/18/26 12:00,23 St-Baruch College (6),OMNY - Full Fare,"1,027",23
3/18/26 12:00,23 St-Baruch College (6),OMNY - Other,14,1
3/18/26 12:00,23 St-Baruch College (6),Metrocard - Unlimited 7-Day,2,0
3/18/26 12:00,23 St-Baruch College (6),OMNY - Fair Fare,66,2
3/18/26 12:00,23 St-Baruch College (6),OMNY - Students,80,1
3/18/26 12:00,23 St-Baruch College (6),Metrocard - Other,4,0
3/18/26 12:00,23 St-Baruch College (6),OMNY - Seniors & Disability,85,12
3/18/26 12:00,23 St-Baruch College (6),Metrocard - Unlimited 30-Day,1,0
3/18/26 12:00,23 St-Baruch College (6),Metrocard - Seniors & Disability,1,0
3/18/26 11:00,23 St-Baruch College (6),OMNY - Fair Fare,48,1
3/18/26 11:00,23 St-Baruch College (6),OMNY - Students,58,1
3/18/26 11:00,23 St-Baruch College (6),Metrocard - Unlimited 30-Day,1,0
3/18/26 11:00,23 St-Baruch College (6),OMNY - Other,9,0
3/18/26 11:00,23 St-Baruch College (6),OMNY - Full Fare,776,22
3/18/26 11:00,23 St-Baruch College (6),OMNY - Seniors & Disability,65,7
3/18/26 11:00,23 St-Baruch College (6),Metrocard - Other,1,0
3/18/26 10:00,23 St-Baruch College (6),OMNY - Seniors & Disability,64,14
3/18/26 10:00,23 St-Baruch College (6),OMNY - Students,34,0
3/18/26 10:00,23 St-Baruch College (6),OMNY - Fair Fare,38,0
3/18/26 10:00,23 St-Baruch College (6),Metrocard - Other,3,0
3/18/26 10:00,23 St-Baruch College (6),OMNY - Full Fare,756,38
3/18/26 10:00,23 St-Baruch College (6),OMNY - Other,8,0
3/18/26 9:00,23 St-Baruch College (6),OMNY - Full Fare,"1,075",83
3/18/26 9:00,23 St-Baruch College (6),Metrocard - Unlimited 30-Day,2,0
3/18/26 9:00,23 St-Baruch College (6),OMNY - Fair Fare,18,0
3/18/26 9:00,23 St-Baruch College (6),OMNY - Seniors & Disability,64,12
3/18/26 9:00,23 St-Baruch College (6),OMNY - Other,14,0
3/18/26 9:00,23 St-Baruch College (6),OMNY - Students,29,2
3/18/26 8:00,23 St-Baruch College (6),OMNY - Full Fare,"1,659",113
3/18/26 8:00,23 St-Baruch College (6),OMNY - Students,48,4
3/18/26 8:00,23 St-Baruch College (6),OMNY - Fair Fare,27,4
3/18/26 8:00,23 St-Baruch College (6),OMNY - Other,7,0
3/18/26 8:00,23 St-Baruch College (6),Metrocard - Unlimited 30-Day,1,0
3/18/26 8:00,23 St-Baruch College (6),OMNY - Seniors & Disability,42,9
3/18/26 8:00,23 St-Baruch College (6),Metrocard - Other,3,0
3/18/26 7:00,23 St-Baruch College (6),OMNY - Other,6,0
3/18/26 7:00,23 St-Baruch College (6),OMNY - Students,88,3
3/18/26 7:00,23 St-Baruch College (6),OMNY - Full Fare,718,131
3/18/26 7:00,23 St-Baruch College (6),OMNY - Fair Fare,4,1
3/18/26 7:00,23 St-Baruch College (6),Metrocard - Other,4,0
3/18/26 7:00,23 St-Baruch College (6),OMNY - Seniors & Disability,30,6
3/18/26 6:00,23 St-Baruch College (6),OMNY - Full Fare,242,58
3/18/26 6:00,23 St-Baruch College (6),OMNY - Seniors & Disability,18,7
3/18/26 6:00,23 St-Baruch College (6),OMNY - Other,5,0
3/18/26 6:00,23 St-Baruch College (6),OMNY - Students,2,0
3/18/26 6:00,23 St-Baruch College (6),Metrocard - Other,3,0
3/18/26 6:00,23 St-Baruch College (6),OMNY - Fair Fare,1,0
3/18/26 6:00,23 St-Baruch College (6),Metrocard - Unlimited 30-Day,2,0
3/18/26 5:00,23 St-Baruch College (6),OMNY - Other,3,0
3/18/26 5:00,23 St-Baruch College (6),OMNY - Full Fare,52,23
3/18/26 5:00,23 St-Baruch College (6),OMNY - Fair Fare,3,0
3/18/26 5:00,23 St-Baruch College (6),OMNY - Seniors & Disability,4,2
3/18/26 5:00,23 St-Baruch College (6),OMNY - Students,1,0
3/18/26 4:00,23 St-Baruch College (6),OMNY - Full Fare,12,1
3/18/26 4:00,23 St-Baruch College (6),OMNY - Fair Fare,1,0
3/18/26 4:00,23 St-Baruch College (6),OMNY - Other,1,0
3/18/26 4:00,23 St-Baruch College (6),Metrocard - Other,2,0
3/18/26 3:00,23 St-Baruch College (6),OMNY - Fair Fare,1,0
3/18/26 3:00,23 St-Baruch College (6),OMNY - Full Fare,13,0
3/18/26 3:00,23 St-Baruch College (6),OMNY - Other,1,0
3/18/26 3:00,23 St-Baruch College (6),OMNY - Students,1,0
3/18/26 2:00,23 St-Baruch College (6),Metrocard - Other,1,0
3/18/26 2:00,23 St-Baruch College (6),OMNY - Full Fare,16,0
3/18/26 2:00,23 St-Baruch College (6),OMNY - Fair Fare,3,0
3/18/26 1:00,23 St-Baruch College (6),Metrocard - Other,1,0
3/18/26 1:00,23 St-Baruch College (6),OMNY - Students,2,0
3/18/26 1:00,23 St-Baruch College (6),OMNY - Fair Fare,3,0
3/18/26 1:00,23 St-Baruch College (6),OMNY - Seniors & Disability,1,0
3/18/26 1:00,23 St-Baruch College (6),OMNY - Full Fare,36,0
3/18/26 0:00,23 St-Baruch College (6),OMNY - Fair Fare,4,0
3/18/26 0:00,23 St-Baruch College (6),OMNY - Other,9,0
3/18/26 0:00,23 St-Baruch College (6),Metrocard - Other,1,0
3/18/26 0:00,23 St-Baruch College (6),OMNY - Students,6,0
3/18/26 0:00,23 St-Baruch College (6),OMNY - Seniors & Disability,3,0
3/18/26 0:00,23 St-Baruch College (6),OMNY - Full Fare,120,1
3/17/26 23:00,23 St-Baruch College (6),Metrocard - Full Fare,1,0
3/17/26 23:00,23 St-Baruch College (6),OMNY - Fair Fare,16,0
3/17/26 23:00,23 St-Baruch College (6),OMNY - Seniors & Disability,18,1
3/17/26 23:00,23 St-Baruch College (6),OMNY - Full Fare,270,6
3/17/26 23:00,23 St-Baruch College (6),OMNY - Other,3,0
3/17/26 23:00,23 St-Baruch College (6),Metrocard - Other,1,0
3/17/26 23:00,23 St-Baruch College (6),OMNY - Students,10,0
3/17/26 23:00,23 St-Baruch College (6),Metrocard - Unlimited 30-Day,1,0
3/17/26 22:00,23 St-Baruch College (6),OMNY - Students,16,0
3/17/26 22:00,23 St-Baruch College (6),OMNY - Seniors & Disability,9,0
3/17/26 22:00,23 St-Baruch College (6),OMNY - Fair Fare,27,0
3/17/26 22:00,23 St-Baruch College (6),OMNY - Other,6,0
3/17/26 22:00,23 St-Baruch College (6),OMNY - Full Fare,618,9
3/17/26 22:00,23 St-Baruch College (6),Metrocard - Other,2,0
3/17/26 21:00,23 St-Baruch College (6),OMNY - Seniors & Disability,29,0
3/17/26 21:00,23 St-Baruch College (6),OMNY - Full Fare,720,11
3/17/26 21:00,23 St-Baruch College (6),OMNY - Students,38,1
3/17/26 21:00,23 St-Baruch College (6),Metrocard - Other,7,0
3/17/26 21:00,23 St-Baruch College (6),OMNY - Other,9,0
3/17/26 21:00,23 St-Baruch College (6),OMNY - Fair Fare,47,0
3/17/26 20:00,23 St-Baruch College (6),Metrocard - Other,7,0
3/17/26 20:00,23 St-Baruch College (6),OMNY - Other,15,0
3/17/26 20:00,23 St-Baruch College (6),OMNY - Students,77,0
3/17/26 20:00,23 St-Baruch College (6),OMNY - Fair Fare,93,0
3/17/26 20:00,23 St-Baruch College (6),OMNY - Full Fare,"1,233",17
3/17/26 20:00,23 St-Baruch College (6),Metrocard - Seniors & Disability,1,0
3/17/26 20:00,23 St-Baruch College (6),OMNY - Seniors & Disability,48,3
3/17/26 20:00,23 St-Baruch College (6),Metrocard - Unlimited 30-Day,1,0
3/17/26 19:00,23 St-Baruch College (6),OMNY - Fair Fare,127,0
3/17/26 19:00,23 St-Baruch College (6),OMNY - Full Fare,"1,736",17
3/17/26 19:00,23 St-Baruch College (6),OMNY - Students,117,0
3/17/26 19:00,23 St-Baruch College (6),OMNY - Seniors & Disability,48,2
3/17/26 19:00,23 St-Baruch College (6),Metrocard - Full Fare,1,0
3/17/26 19:00,23 St-Baruch College (6),OMNY - Other,26,0
3/17/26 19:00,23 St-Baruch College (6),Metrocard - Unlimited 30-Day,3,0
3/17/26 19:00,23 St-Baruch College (6),Metrocard - Other,6,0
3/17/26 18:00,23 St-Baruch College (6),OMNY - Seniors & Disability,90,4
3/17/26 18:00,23 St-Baruch College (6),Metrocard - Full Fare,1,1
3/17/26 18:00,23 St-Baruch College (6),OMNY - Fair Fare,83,0
3/17/26 18:00,23 St-Baruch College (6),Metrocard - Unlimited 30-Day,1,0
3/17/26 18:00,23 St-Baruch College (6),OMNY - Full Fare,"2,001",44
3/17/26 18:00,23 St-Baruch College (6),OMNY - Other,22,0
3/17/26 18:00,23 St-Baruch College (6),OMNY - Students,98,2
3/17/26 18:00,23 St-Baruch College (6),Metrocard - Other,9,0
3/17/26 17:00,23 St-Baruch College (6),Metrocard - Other,4,0
3/17/26 17:00,23 St-Baruch College (6),OMNY - Seniors & Disability,124,9
3/17/26 17:00,23 St-Baruch College (6),OMNY - Full Fare,"2,922",38
3/17/26 17:00,23 St-Baruch College (6),Metrocard - Full Fare,3,0
3/17/26 17:00,23 St-Baruch College (6),Metrocard - Unlimited 7-Day,1,0
3/17/26 17:00,23 St-Baruch College (6),OMNY - Students,216,3
3/17/26 17:00,23 St-Baruch College (6),Metrocard - Unlimited 30-Day,5,0
3/17/26 17:00,23 St-Baruch College (6),OMNY - Other,24,0
3/17/26 17:00,23 St-Baruch College (6),OMNY - Fair Fare,155,2
3/17/26 16:00,23 St-Baruch College (6),OMNY - Other,28,0
3/17/26 16:00,23 St-Baruch College (6),Metrocard - Other,5,0
3/17/26 16:00,23 St-Baruch College (6),Metrocard - Unlimited 30-Day,2,0
3/17/26 16:00,23 St-Baruch College (6),OMNY - Full Fare,"2,178",46
3/17/26 16:00,23 St-Baruch College (6),OMNY - Seniors & Disability,123,9
3/17/26 16:00,23 St-Baruch College (6),OMNY - Fair Fare,138,4
3/17/26 16:00,23 St-Baruch College (6),OMNY - Students,192,8
3/17/26 16:00,23 St-Baruch College (6),Metrocard - Unlimited 7-Day,3,0
3/17/26 15:00,23 St-Baruch College (6),OMNY - Seniors & Disability,135,14
3/17/26 15:00,23 St-Baruch College (6),Metrocard - Other,4,0
3/17/26 15:00,23 St-Baruch College (6),OMNY - Fair Fare,109,2
3/17/26 15:00,23 St-Baruch College (6),Metrocard - Seniors & Disability,2,0
3/17/26 15:00,23 St-Baruch College (6),OMNY - Other,26,0
3/17/26 15:00,23 St-Baruch College (6),OMNY - Full Fare,"1,775",27
3/17/26 15:00,23 St-Baruch College (6),Metrocard - Unlimited 30-Day,1,0
3/17/26 15:00,23 St-Baruch College (6),Metrocard - Full Fare,1,0
3/17/26 15:00,23 St-Baruch College (6),OMNY - Students,402,2
3/17/26 15:00,23 St-Baruch College (6),Metrocard - Unlimited 7-Day,1,0
3/17/26 14:00,23 St-Baruch College (6),OMNY - Students,225,0
3/17/26 14:00,23 St-Baruch College (6),OMNY - Other,19,0
3/17/26 14:00,23 St-Baruch College (6),OMNY - Seniors & Disability,95,14
3/17/26 14:00,23 St-Baruch College (6),Metrocard - Unlimited 30-Day,2,0
3/17/26 14:00,23 St-Baruch College (6),Metrocard - Other,8,0
3/17/26 14:00,23 St-Baruch College (6),OMNY - Full Fare,"1,152",17
3/17/26 14:00,23 St-Baruch College (6),OMNY - Fair Fare,58,1
3/17/26 13:00,23 St-Baruch College (6),Metrocard - Unlimited 30-Day,1,0
3/17/26 13:00,23 St-Baruch College (6),OMNY - Students,38,1
3/17/26 13:00,23 St-Baruch College (6),OMNY - Full Fare,861,9
3/17/26 13:00,23 St-Baruch College (6),OMNY - Other,10,1
3/17/26 13:00,23 St-Baruch College (6),OMNY - Seniors & Disability,92,7
3/17/26 13:00,23 St-Baruch College (6),OMNY - Fair Fare,59,2
3/17/26 13:00,23 St-Baruch College (6),Metrocard - Other,4,0
3/17/26 12:00,23 St-Baruch College (6),Metrocard - Unlimited 30-Day,3,0
3/17/26 12:00,23 St-Baruch College (6),OMNY - Seniors & Disability,104,15
3/17/26 12:00,23 St-Baruch College (6),OMNY - Students,97,3
3/17/26 12:00,23 St-Baruch College (6),OMNY - Fair Fare,74,2
3/17/26 12:00,23 St-Baruch College (6),OMNY - Other,21,0
3/17/26 12:00,23 St-Baruch College (6),OMNY - Full Fare,980,12
3/17/26 12:00,23 St-Baruch College (6),Metrocard - Other,6,0
3/17/26 11:00,23 St-Baruch College (6),OMNY - Other,14,0
3/17/26 11:00,23 St-Baruch College (6),Metrocard - Other,3,0
3/17/26 11:00,23 St-Baruch College (6),OMNY - Students,37,1
3/17/26 11:00,23 St-Baruch College (6),OMNY - Full Fare,769,20
3/17/26 11:00,23 St-Baruch College (6),OMNY - Seniors & Disability,84,8
3/17/26 11:00,23 St-Baruch College (6),OMNY - Fair Fare,49,0
3/17/26 10:00,23 St-Baruch College (6),OMNY - Full Fare,798,25
3/17/26 10:00,23 St-Baruch College (6),OMNY - Students,34,0
3/17/26 10:00,23 St-Baruch College (6),OMNY - Other,7,0
3/17/26 10:00,23 St-Baruch College (6),OMNY - Fair Fare,38,0
3/17/26 10:00,23 St-Baruch College (6),Metrocard - Full Fare,1,0
3/17/26 10:00,23 St-Baruch College (6),Metrocard - Other,1,0
3/17/26 10:00,23 St-Baruch College (6),OMNY - Seniors & Disability,54,7
3/17/26 9:00,23 St-Baruch College (6),OMNY - Students,19,1
3/17/26 9:00,23 St-Baruch College (6),Metrocard - Other,2,0
3/17/26 9:00,23 St-Baruch College (6),Metrocard - Unlimited 30-Day,2,0
3/17/26 9:00,23 St-Baruch College (6),OMNY - Seniors & Disability,54,6
3/17/26 9:00,23 St-Baruch College (6),OMNY - Other,9,0
3/17/26 9:00,23 St-Baruch College (6),OMNY - Full Fare,"1,171",104
3/17/26 9:00,23 St-Baruch College (6),OMNY - Fair Fare,13,0
3/17/26 8:00,23 St-Baruch College (6),Metrocard - Other,1,0
3/17/26 8:00,23 St-Baruch College (6),OMNY - Other,8,1
3/17/26 8:00,23 St-Baruch College (6),Metrocard - Unlimited 7-Day,1,0
3/17/26 8:00,23 St-Baruch College (6),OMNY - Full Fare,"1,722",113
3/17/26 8:00,23 St-Baruch College (6),OMNY - Students,54,4
3/17/26 8:00,23 St-Baruch College (6),OMNY - Seniors & Disability,44,11
3/17/26 8:00,23 St-Baruch College (6),OMNY - Fair Fare,26,4
3/17/26 7:00,23 St-Baruch College (6),Metrocard - Other,5,0
3/17/26 7:00,23 St-Baruch College (6),OMNY - Students,62,5
3/17/26 7:00,23 St-Baruch College (6),OMNY - Full Fare,770,117
3/17/26 7:00,23 St-Baruch College (6),OMNY - Other,7,0
3/17/26 7:00,23 St-Baruch College (6),OMNY - Fair Fare,5,0
3/17/26 7:00,23 St-Baruch College (6),OMNY - Seniors & Disability,33,7
3/17/26 6:00,23 St-Baruch College (6),Metrocard - Other,3,0
3/17/26 6:00,23 St-Baruch College (6),OMNY - Fair Fare,4,1
3/17/26 6:00,23 St-Baruch College (6),OMNY - Students,4,0
3/17/26 6:00,23 St-Baruch College (6),OMNY - Full Fare,197,42
3/17/26 6:00,23 St-Baruch College (6),Metrocard - Unlimited 30-Day,1,0
3/17/26 6:00,23 St-Baruch College (6),OMNY - Seniors & Disability,11,3
3/17/26 6:00,23 St-Baruch College (6),OMNY - Other,11,0
3/17/26 5:00,23 St-Baruch College (6),OMNY - Full Fare,48,15
3/17/26 5:00,23 St-Baruch College (6),OMNY - Fair Fare,1,0
3/17/26 5:00,23 St-Baruch College (6),OMNY - Seniors & Disability,3,2
3/17/26 4:00,23 St-Baruch College (6),OMNY - Other,2,0
3/17/26 4:00,23 St-Baruch College (6),OMNY - Full Fare,12,1
3/17/26 4:00,23 St-Baruch College (6),Metrocard - Other,2,0
3/17/26 3:00,23 St-Baruch College (6),OMNY - Full Fare,13,0
3/17/26 3:00,23 St-Baruch College (6),OMNY - Seniors & Disability,1,0
3/17/26 2:00,23 St-Baruch College (6),OMNY - Fair Fare,1,0
3/17/26 2:00,23 St-Baruch College (6),OMNY - Other,1,0
3/17/26 2:00,23 St-Baruch College (6),OMNY - Full Fare,11,0
3/17/26 1:00,23 St-Baruch College (6),OMNY - Full Fare,32,0
3/17/26 1:00,23 St-Baruch College (6),OMNY - Other,2,0
3/17/26 1:00,23 St-Baruch College (6),OMNY - Fair Fare,2,0
3/17/26 0:00,23 St-Baruch College (6),Metrocard - Unlimited 30-Day,1,0
3/17/26 0:00,23 St-Baruch College (6),Metrocard - Other,3,0
3/17/26 0:00,23 St-Baruch College (6),OMNY - Seniors & Disability,2,0
3/17/26 0:00,23 St-Baruch College (6),OMNY - Students,13,1
3/17/26 0:00,23 St-Baruch College (6),OMNY - Full Fare,93,0
3/17/26 0:00,23 St-Baruch College (6),OMNY - Fair Fare,11,0
3/16/26 23:00,23 St-Baruch College (6),OMNY - Fair Fare,8,0
3/16/26 23:00,23 St-Baruch College (6),OMNY - Full Fare,215,4
3/16/26 23:00,23 St-Baruch College (6),OMNY - Seniors & Disability,9,0
3/16/26 23:00,23 St-Baruch College (6),OMNY - Other,7,0
3/16/26 23:00,23 St-Baruch College (6),OMNY - Students,12,0
3/16/26 22:00,23 St-Baruch College (6),OMNY - Students,21,2
3/16/26 22:00,23 St-Baruch College (6),Metrocard - Other,1,0
3/16/26 22:00,23 St-Baruch College (6),OMNY - Other,2,0
3/16/26 22:00,23 St-Baruch College (6),OMNY - Fair Fare,25,0
3/16/26 22:00,23 St-Baruch College (6),OMNY - Full Fare,362,10
3/16/26 22:00,23 St-Baruch College (6),OMNY - Seniors & Disability,18,4
3/16/26 21:00,23 St-Baruch College (6),OMNY - Fair Fare,42,0
3/16/26 21:00,23 St-Baruch College (6),Metrocard - Other,6,0
3/16/26 21:00,23 St-Baruch College (6),OMNY - Full Fare,653,3
3/16/26 21:00,23 St-Baruch College (6),OMNY - Seniors & Disability,22,0
3/16/26 21:00,23 St-Baruch College (6),OMNY - Other,8,0
3/16/26 21:00,23 St-Baruch College (6),OMNY - Students,29,1
3/16/26 20:00,23 St-Baruch College (6),OMNY - Full Fare,"1,077",11
3/16/26 20:00,23 St-Baruch College (6),OMNY - Students,67,1
3/16/26 20:00,23 St-Baruch College (6),Metrocard - Other,7,0
3/16/26 20:00,23 St-Baruch College (6),OMNY - Seniors & Disability,43,1
3/16/26 20:00,23 St-Baruch College (6),OMNY - Fair Fare,76,1
3/16/26 20:00,23 St-Baruch College (6),OMNY - Other,17,0
3/16/26 19:00,23 St-Baruch College (6),OMNY - Students,130,0
3/16/26 19:00,23 St-Baruch College (6),Metrocard - Unlimited 30-Day,2,0
3/16/26 19:00,23 St-Baruch College (6),OMNY - Fair Fare,115,1
3/16/26 19:00,23 St-Baruch College (6),Metrocard - Other,5,0
3/16/26 19:00,23 St-Baruch College (6),OMNY - Full Fare,"1,489",14
3/16/26 19:00,23 St-Baruch College (6),Metrocard - Seniors & Disability,1,0
3/16/26 19:00,23 St-Baruch College (6),OMNY - Other,7,0
3/16/26 19:00,23 St-Baruch College (6),OMNY - Seniors & Disability,55,4
3/16/26 18:00,23 St-Baruch College (6),Metrocard - Other,8,0
3/16/26 18:00,23 St-Baruch College (6),Metrocard - Unlimited 30-Day,1,0
3/16/26 18:00,23 St-Baruch College (6),OMNY - Other,17,0
3/16/26 18:00,23 St-Baruch College (6),OMNY - Fair Fare,67,2
3/16/26 18:00,23 St-Baruch College (6),OMNY - Students,85,3
3/16/26 18:00,23 St-Baruch College (6),OMNY - Full Fare,"1,748",25
3/16/26 18:00,23 St-Baruch College (6),OMNY - Seniors & Disability,54,3
3/16/26 17:00,23 St-Baruch College (6),OMNY - Full Fare,"2,626",36
3/16/26 17:00,23 St-Baruch College (6),OMNY - Seniors & Disability,133,9
3/16/26 17:00,23 St-Baruch College (6),Metrocard - Other,7,0
3/16/26 17:00,23 St-Baruch College (6),OMNY - Fair Fare,133,2
3/16/26 17:00,23 St-Baruch College (6),Metrocard - Seniors & Disability,1,0
3/16/26 17:00,23 St-Baruch College (6),OMNY - Other,18,0
3/16/26 17:00,23 St-Baruch College (6),Metrocard - Unlimited 7-Day,2,0
3/16/26 17:00,23 St-Baruch College (6),OMNY - Students,227,2
3/16/26 17:00,23 St-Baruch College (6),Metrocard - Unlimited 30-Day,6,0
3/16/26 16:00,23 St-Baruch College (6),OMNY - Seniors & Disability,116,5
3/16/26 16:00,23 St-Baruch College (6),OMNY - Fair Fare,139,5
3/16/26 16:00,23 St-Baruch College (6),Metrocard - Other,5,0
3/16/26 16:00,23 St-Baruch College (6),OMNY - Full Fare,"1,921",32
3/16/26 16:00,23 St-Baruch College (6),OMNY - Other,19,0
3/16/26 16:00,23 St-Baruch College (6),OMNY - Students,215,3
3/16/26 16:00,23 St-Baruch College (6),Metrocard - Unlimited 7-Day,3,0
3/16/26 16:00,23 St-Baruch College (6),Metrocard - Unlimited 30-Day,4,0
3/16/26 15:00,23 St-Baruch College (6),Metrocard - Unlimited 30-Day,2,0
3/16/26 15:00,23 St-Baruch College (6),Metrocard - Seniors & Disability,1,0
3/16/26 15:00,23 St-Baruch College (6),OMNY - Full Fare,"1,694",30
3/16/26 15:00,23 St-Baruch College (6),OMNY - Seniors & Disability,99,8
3/16/26 15:00,23 St-Baruch College (6),Metrocard - Other,8,0
3/16/26 15:00,23 St-Baruch College (6),OMNY - Fair Fare,95,1
3/16/26 15:00,23 St-Baruch College (6),OMNY - Students,397,5
3/16/26 15:00,23 St-Baruch College (6),OMNY - Other,20,0
3/16/26 14:00,23 St-Baruch College (6),Metrocard - Other,4,0
3/16/26 14:00,23 St-Baruch College (6),OMNY - Full Fare,"1,304",20
3/16/26 14:00,23 St-Baruch College (6),OMNY - Other,20,0
3/16/26 14:00,23 St-Baruch College (6),OMNY - Students,259,1
3/16/26 14:00,23 St-Baruch College (6),OMNY - Fair Fare,112,0
3/16/26 14:00,23 St-Baruch College (6),Metrocard - Unlimited 30-Day,3,0
3/16/26 14:00,23 St-Baruch College (6),OMNY - Seniors & Disability,84,10
3/16/26 13:00,23 St-Baruch College (6),OMNY - Other,11,0
3/16/26 13:00,23 St-Baruch College (6),OMNY - Full Fare,729,22
3/16/26 13:00,23 St-Baruch College (6),OMNY - Seniors & Disability,64,10
3/16/26 13:00,23 St-Baruch College (6),OMNY - Students,49,1
3/16/26 13:00,23 St-Baruch College (6),Metrocard - Unlimited 30-Day,2,0
3/16/26 13:00,23 St-Baruch College (6),Metrocard - Other,1,0
3/16/26 13:00,23 St-Baruch College (6),OMNY - Fair Fare,57,2
3/16/26 12:00,23 St-Baruch College (6),Metrocard - Full Fare,1,1
3/16/26 12:00,23 St-Baruch College (6),OMNY - Students,55,0
3/16/26 12:00,23 St-Baruch College (6),OMNY - Full Fare,848,11
3/16/26 12:00,23 St-Baruch College (6),Metrocard - Unlimited 30-Day,1,0
3/16/26 12:00,23 St-Baruch College (6),Metrocard - Other,6,0
3/16/26 12:00,23 St-Baruch College (6),OMNY - Other,21,0
3/16/26 12:00,23 St-Baruch College (6),OMNY - Seniors & Disability,87,11
3/16/26 12:00,23 St-Baruch College (6),OMNY - Fair Fare,68,1
3/16/26 11:00,23 St-Baruch College (6),Metrocard - Other,2,0
3/16/26 11:00,23 St-Baruch College (6),OMNY - Students,38,0
3/16/26 11:00,23 St-Baruch College (6),OMNY - Full Fare,612,12
3/16/26 11:00,23 St-Baruch College (6),OMNY - Other,7,0
3/16/26 11:00,23 St-Baruch College (6),OMNY - Fair Fare,36,1
3/16/26 11:00,23 St-Baruch College (6),Metrocard - Unlimited 7-Day,1,0
3/16/26 11:00,23 St-Baruch College (6),OMNY - Seniors & Disability,77,9
3/16/26 11:00,23 St-Baruch College (6),Metrocard - Unlimited 30-Day,1,0
3/16/26 10:00,23 St-Baruch College (6),Metrocard - Other,5,1
3/16/26 10:00,23 St-Baruch College (6),OMNY - Other,18,0
3/16/26 10:00,23 St-Baruch College (6),OMNY - Students,24,0
3/16/26 10:00,23 St-Baruch College (6),Metrocard - Unlimited 30-Day,2,0
3/16/26 10:00,23 St-Baruch College (6),OMNY - Seniors & Disability,52,7
3/16/26 10:00,23 St-Baruch College (6),OMNY - Full Fare,595,23
3/16/26 10:00,23 St-Baruch College (6),OMNY - Fair Fare,38,3
3/16/26 9:00,23 St-Baruch College (6),Metrocard - Unlimited 7-Day,1,0
3/16/26 9:00,23 St-Baruch College (6),OMNY - Other,4,0
3/16/26 9:00,23 St-Baruch College (6),OMNY - Seniors & Disability,44,8
3/16/26 9:00,23 St-Baruch College (6),Metrocard - Other,1,0
3/16/26 9:00,23 St-Baruch College (6),OMNY - Students,17,0
3/16/26 9:00,23 St-Baruch College (6),OMNY - Fair Fare,13,2
3/16/26 9:00,23 St-Baruch College (6),OMNY - Full Fare,872,74
3/16/26 8:00,23 St-Baruch College (6),OMNY - Seniors & Disability,26,7
3/16/26 8:00,23 St-Baruch College (6),OMNY - Students,49,2
3/16/26 8:00,23 St-Baruch College (6),Metrocard - Other,3,0
3/16/26 8:00,23 St-Baruch College (6),OMNY - Other,10,0
3/16/26 8:00,23 St-Baruch College (6),OMNY - Fair Fare,20,0
3/16/26 8:00,23 St-Baruch College (6),OMNY - Full Fare,"1,363",103
3/16/26 7:00,23 St-Baruch College (6),OMNY - Students,74,6
3/16/26 7:00,23 St-Baruch College (6),Metrocard - Other,5,0
3/16/26 7:00,23 St-Baruch College (6),OMNY - Other,6,0
3/16/26 7:00,23 St-Baruch College (6),OMNY - Full Fare,656,101
3/16/26 7:00,23 St-Baruch College (6),OMNY - Seniors & Disability,22,6
3/16/26 7:00,23 St-Baruch College (6),OMNY - Fair Fare,5,0
3/16/26 6:00,23 St-Baruch College (6),OMNY - Seniors & Disability,20,6
3/16/26 6:00,23 St-Baruch College (6),Metrocard - Unlimited 30-Day,1,0
3/16/26 6:00,23 St-Baruch College (6),OMNY - Other,12,0
3/16/26 6:00,23 St-Baruch College (6),Metrocard - Other,4,0
3/16/26 6:00,23 St-Baruch College (6),OMNY - Fair Fare,3,0
3/16/26 6:00,23 St-Baruch College (6),OMNY - Students,5,0
3/16/26 6:00,23 St-Baruch College (6),OMNY - Full Fare,181,42
3/16/26 5:00,23 St-Baruch College (6),OMNY - Full Fare,47,16
3/16/26 5:00,23 St-Baruch College (6),OMNY - Fair Fare,1,0
3/16/26 5:00,23 St-Baruch College (6),OMNY - Students,1,0
3/16/26 5:00,23 St-Baruch College (6),Metrocard - Other,1,0
3/16/26 5:00,23 St-Baruch College (6),OMNY - Other,9,0
3/16/26 5:00,23 St-Baruch College (6),OMNY - Seniors & Disability,3,2
3/16/26 4:00,23 St-Baruch College (6),Metrocard - Other,1,0
3/16/26 4:00,23 St-Baruch College (6),OMNY - Full Fare,13,0
3/16/26 4:00,23 St-Baruch College (6),OMNY - Other,1,0
3/16/26 3:00,23 St-Baruch College (6),OMNY - Other,1,0
3/16/26 3:00,23 St-Baruch College (6),OMNY - Fair Fare,1,0
3/16/26 3:00,23 St-Baruch College (6),Metrocard - Other,2,0
3/16/26 3:00,23 St-Baruch College (6),OMNY - Full Fare,14,0
3/16/26 3:00,23 St-Baruch College (6),OMNY - Students,1,0
3/16/26 2:00,23 St-Baruch College (6),OMNY - Full Fare,21,0
3/16/26 2:00,23 St-Baruch College (6),OMNY - Other,7,0
3/16/26 1:00,23 St-Baruch College (6),OMNY - Full Fare,29,0
3/16/26 1:00,23 St-Baruch College (6),OMNY - Students,2,0
3/16/26 1:00,23 St-Baruch College (6),OMNY - Other,3,0
3/16/26 0:00,23 St-Baruch College (6),OMNY - Full Fare,86,1
3/16/26 0:00,23 St-Baruch College (6),OMNY - Fair Fare,1,0
3/16/26 0:00,23 St-Baruch College (6),OMNY - Students,3,0
3/16/26 0:00,23 St-Baruch College (6),OMNY - Seniors & Disability,1,0
3/16/26 0:00,23 St-Baruch College (6),OMNY - Other,6,0
3/15/26 23:00,23 St-Baruch College (6),OMNY - Students,8,0
3/15/26 23:00,23 St-Baruch College (6),OMNY - Other,10,0
3/15/26 23:00,23 St-Baruch College (6),OMNY - Fair Fare,7,0
3/15/26 23:00,23 St-Baruch College (6),OMNY - Seniors & Disability,6,0
3/15/26 23:00,23 St-Baruch College (6),OMNY - Full Fare,217,2
3/15/26 22:00,23 St-Baruch College (6),Metrocard - Other,1,0
3/15/26 22:00,23 St-Baruch College (6),OMNY - Other,5,0
3/15/26 22:00,23 St-Baruch College (6),OMNY - Fair Fare,18,0
3/15/26 22:00,23 St-Baruch College (6),OMNY - Seniors & Disability,6,1
3/15/26 22:00,23 St-Baruch College (6),OMNY - Full Fare,266,6
3/15/26 22:00,23 St-Baruch College (6),OMNY - Students,10,0
3/15/26 21:00,23 St-Baruch College (6),OMNY - Seniors & Disability,6,2
3/15/26 21:00,23 St-Baruch College (6),OMNY - Students,12,0
3/15/26 21:00,23 St-Baruch College (6),OMNY - Full Fare,274,5
3/15/26 21:00,23 St-Baruch College (6),Metrocard - Unlimited 30-Day,1,0
3/15/26 21:00,23 St-Baruch College (6),OMNY - Other,4,0
3/15/26 21:00,23 St-Baruch College (6),OMNY - Fair Fare,12,0
3/15/26 20:00,23 St-Baruch College (6),Metrocard - Other,1,0
3/15/26 20:00,23 St-Baruch College (6),OMNY - Other,6,0
3/15/26 20:00,23 St-Baruch College (6),OMNY - Students,12,0
3/15/26 20:00,23 St-Baruch College (6),OMNY - Seniors & Disability,8,2
3/15/26 20:00,23 St-Baruch College (6),OMNY - Fair Fare,8,0
3/15/26 20:00,23 St-Baruch College (6),OMNY - Full Fare,313,8
3/15/26 20:00,23 St-Baruch College (6),Metrocard - Unlimited 30-Day,1,0
3/15/26 19:00,23 St-Baruch College (6),OMNY - Full Fare,361,7
3/15/26 19:00,23 St-Baruch College (6),OMNY - Fair Fare,10,0
3/15/26 19:00,23 St-Baruch College (6),OMNY - Students,8,0
3/15/26 19:00,23 St-Baruch College (6),OMNY - Other,7,0
3/15/26 19:00,23 St-Baruch College (6),OMNY - Seniors & Disability,16,2
3/15/26 19:00,23 St-Baruch College (6),Metrocard - Unlimited 30-Day,1,0
3/15/26 18:00,23 St-Baruch College (6),OMNY - Students,17,0
3/15/26 18:00,23 St-Baruch College (6),OMNY - Other,7,0
3/15/26 18:00,23 St-Baruch College (6),Metrocard - Other,2,0
3/15/26 18:00,23 St-Baruch College (6),OMNY - Fair Fare,17,0
3/15/26 18:00,23 St-Baruch College (6),OMNY - Seniors & Disability,14,1
3/15/26 18:00,23 St-Baruch College (6),OMNY - Full Fare,461,16
3/15/26 17:00,23 St-Baruch College (6),OMNY - Full Fare,564,11
3/15/26 17:00,23 St-Baruch College (6),OMNY - Fair Fare,24,1
3/15/26 17:00,23 St-Baruch College (6),Metrocard - Other,2,0
3/15/26 17:00,23 St-Baruch College (6),OMNY - Other,16,0
3/15/26 17:00,23 St-Baruch College (6),Metrocard - Unlimited 30-Day,1,0
3/15/26 17:00,23 St-Baruch College (6),OMNY - Seniors & Disability,19,2
3/15/26 17:00,23 St-Baruch College (6),OMNY - Students,26,0
3/15/26 16:00,23 St-Baruch College (6),OMNY - Full Fare,581,10
3/15/26 16:00,23 St-Baruch College (6),Metrocard - Unlimited 7-Day,2,0
3/15/26 16:00,23 St-Baruch College (6),OMNY - Fair Fare,15,0
3/15/26 16:00,23 St-Baruch College (6),OMNY - Other,3,0
3/15/26 16:00,23 St-Baruch College (6),Metrocard - Other,5,0
3/15/26 16:00,23 St-Baruch College (6),OMNY - Seniors & Disability,23,2
3/15/26 16:00,23 St-Baruch College (6),OMNY - Students,19,0
3/15/26 15:00,23 St-Baruch College (6),Metrocard - Other,4,0
3/15/26 15:00,23 St-Baruch College (6),OMNY - Students,29,2
3/15/26 15:00,23 St-Baruch College (6),OMNY - Full Fare,632,11
3/15/26 15:00,23 St-Baruch College (6),OMNY - Fair Fare,22,1
3/15/26 15:00,23 St-Baruch College (6),OMNY - Other,11,0
3/15/26 15:00,23 St-Baruch College (6),OMNY - Seniors & Disability,25,2
3/15/26 14:00,23 St-Baruch College (6),Metrocard - Unlimited 30-Day,2,0
3/15/26 14:00,23 St-Baruch College (6),OMNY - Full Fare,620,16
3/15/26 14:00,23 St-Baruch College (6),Metrocard - Unlimited 7-Day,2,0
3/15/26 14:00,23 St-Baruch College (6),OMNY - Seniors & Disability,31,3
3/15/26 14:00,23 St-Baruch College (6),OMNY - Fair Fare,12,1
3/15/26 14:00,23 St-Baruch College (6),OMNY - Students,24,2
3/15/26 14:00,23 St-Baruch College (6),OMNY - Other,8,0
3/15/26 13:00,23 St-Baruch College (6),OMNY - Students,32,1
3/15/26 13:00,23 St-Baruch College (6),OMNY - Full Fare,649,15
3/15/26 13:00,23 St-Baruch College (6),Metrocard - Other,3,0
3/15/26 13:00,23 St-Baruch College (6),OMNY - Other,14,0
3/15/26 13:00,23 St-Baruch College (6),OMNY - Seniors & Disability,39,5
3/15/26 13:00,23 St-Baruch College (6),Metrocard - Unlimited 7-Day,1,0
3/15/26 13:00,23 St-Baruch College (6),OMNY - Fair Fare,16,1
3/15/26 12:00,23 St-Baruch College (6),OMNY - Other,10,0
3/15/26 12:00,23 St-Baruch College (6),OMNY - Full Fare,563,16
3/15/26 12:00,23 St-Baruch College (6),OMNY - Fair Fare,16,1
3/15/26 12:00,23 St-Baruch College (6),OMNY - Students,10,1
3/15/26 12:00,23 St-Baruch College (6),OMNY - Seniors & Disability,28,4
3/15/26 12:00,23 St-Baruch College (6),Metrocard - Other,3,0
3/15/26 12:00,23 St-Baruch College (6),Metrocard - Unlimited 30-Day,1,0
3/15/26 11:00,23 St-Baruch College (6),OMNY - Full Fare,482,10
3/15/26 11:00,23 St-Baruch College (6),OMNY - Fair Fare,7,0
3/15/26 11:00,23 St-Baruch College (6),OMNY - Seniors & Disability,13,3
3/15/26 11:00,23 St-Baruch College (6),OMNY - Students,9,0
3/15/26 11:00,23 St-Baruch College (6),Metrocard - Other,1,0
3/15/26 11:00,23 St-Baruch College (6),Metrocard - Unlimited 30-Day,1,0
3/15/26 11:00,23 St-Baruch College (6),OMNY - Other,8,0
3/15/26 10:00,23 St-Baruch College (6),OMNY - Other,8,0
3/15/26 10:00,23 St-Baruch College (6),OMNY - Seniors & Disability,26,8
3/15/26 10:00,23 St-Baruch College (6),OMNY - Students,6,0
3/15/26 10:00,23 St-Baruch College (6),OMNY - Full Fare,413,20
3/15/26 10:00,23 St-Baruch College (6),OMNY - Fair Fare,6,0
3/15/26 9:00,23 St-Baruch College (6),OMNY - Students,2,1
3/15/26 9:00,23 St-Baruch College (6),OMNY - Full Fare,292,12
3/15/26 9:00,23 St-Baruch College (6),Metrocard - Other,1,0
3/15/26 9:00,23 St-Baruch College (6),OMNY - Seniors & Disability,15,1
3/15/26 9:00,23 St-Baruch College (6),OMNY - Other,7,0
3/15/26 9:00,23 St-Baruch College (6),OMNY - Fair Fare,2,0
3/15/26 8:00,23 St-Baruch College (6),OMNY - Other,4,0
3/15/26 8:00,23 St-Baruch College (6),OMNY - Full Fare,142,5
3/15/26 8:00,23 St-Baruch College (6),OMNY - Students,3,0
3/15/26 8:00,23 St-Baruch College (6),OMNY - Fair Fare,2,0
3/15/26 8:00,23 St-Baruch College (6),Metrocard - Other,1,0
3/15/26 8:00,23 St-Baruch College (6),Metrocard - Unlimited 30-Day,1,0
3/15/26 8:00,23 St-Baruch College (6),OMNY - Seniors & Disability,5,0
3/15/26 7:00,23 St-Baruch College (6),OMNY - Full Fare,75,3
3/15/26 7:00,23 St-Baruch College (6),Metrocard - Other,1,0
3/15/26 7:00,23 St-Baruch College (6),OMNY - Other,9,0
3/15/26 7:00,23 St-Baruch College (6),OMNY - Students,3,0
3/15/26 7:00,23 St-Baruch College (6),OMNY - Seniors & Disability,5,1
3/15/26 6:00,23 St-Baruch College (6),OMNY - Fair Fare,1,0
3/15/26 6:00,23 St-Baruch College (6),Metrocard - Other,3,0
3/15/26 6:00,23 St-Baruch College (6),OMNY - Students,3,0
3/15/26 6:00,23 St-Baruch College (6),OMNY - Full Fare,96,4
3/15/26 6:00,23 St-Baruch College (6),OMNY - Other,9,0
3/15/26 6:00,23 St-Baruch College (6),OMNY - Seniors & Disability,2,0
3/15/26 5:00,23 St-Baruch College (6),OMNY - Fair Fare,3,0
3/15/26 5:00,23 St-Baruch College (6),OMNY - Full Fare,71,3
3/15/26 5:00,23 St-Baruch College (6),OMNY - Other,4,0
3/15/26 5:00,23 St-Baruch College (6),Metrocard - Other,1,0
3/15/26 5:00,23 St-Baruch College (6),OMNY - Seniors & Disability,3,0
3/15/26 5:00,23 St-Baruch College (6),Metrocard - Seniors & Disability,1,0
3/15/26 4:00,23 St-Baruch College (6),OMNY - Students,2,0
3/15/26 4:00,23 St-Baruch College (6),OMNY - Full Fare,54,1
3/15/26 4:00,23 St-Baruch College (6),OMNY - Other,2,0
3/15/26 4:00,23 St-Baruch College (6),OMNY - Fair Fare,3,0
3/15/26 3:00,23 St-Baruch College (6),OMNY - Other,8,0
3/15/26 3:00,23 St-Baruch College (6),OMNY - Fair Fare,2,0
3/15/26 3:00,23 St-Baruch College (6),OMNY - Full Fare,48,1
3/15/26 3:00,23 St-Baruch College (6),OMNY - Students,3,0
3/15/26 2:00,23 St-Baruch College (6),OMNY - Other,2,0
3/15/26 2:00,23 St-Baruch College (6),OMNY - Students,1,0
3/15/26 2:00,23 St-Baruch College (6),OMNY - Fair Fare,2,0
3/15/26 2:00,23 St-Baruch College (6),OMNY - Full Fare,61,0
3/15/26 2:00,23 St-Baruch College (6),OMNY - Seniors & Disability,1,0
3/15/26 1:00,23 St-Baruch College (6),OMNY - Full Fare,131,1
3/15/26 1:00,23 St-Baruch College (6),OMNY - Seniors & Disability,1,0
3/15/26 1:00,23 St-Baruch College (6),OMNY - Students,1,0
3/15/26 1:00,23 St-Baruch College (6),OMNY - Fair Fare,6,0
3/15/26 1:00,23 St-Baruch College (6),OMNY - Other,2,0
3/15/26 0:00,23 St-Baruch College (6),OMNY - Other,6,0
3/15/26 0:00,23 St-Baruch College (6),OMNY - Full Fare,191,0
3/15/26 0:00,23 St-Baruch College (6),OMNY - Fair Fare,8,0
3/15/26 0:00,23 St-Baruch College (6),OMNY - Seniors & Disability,4,0
3/15/26 0:00,23 St-Baruch College (6),Metrocard - Other,2,0
3/15/26 0:00,23 St-Baruch College (6),OMNY - Students,11,0
3/14/26 23:00,23 St-Baruch College (6),OMNY - Seniors & Disability,8,1
3/14/26 23:00,23 St-Baruch College (6),OMNY - Full Fare,382,8
3/14/26 23:00,23 St-Baruch College (6),OMNY - Other,8,0
3/14/26 23:00,23 St-Baruch College (6),OMNY - Students,12,0
3/14/26 23:00,23 St-Baruch College (6),Metrocard - Other,1,0
3/14/26 23:00,23 St-Baruch College (6),OMNY - Fair Fare,10,0
3/14/26 23:00,23 St-Baruch College (6),Metrocard - Unlimited 30-Day,1,0
3/14/26 22:00,23 St-Baruch College (6),OMNY - Fair Fare,12,0
3/14/26 22:00,23 St-Baruch College (6),OMNY - Other,8,0
3/14/26 22:00,23 St-Baruch College (6),Metrocard - Other,3,0
3/14/26 22:00,23 St-Baruch College (6),OMNY - Seniors & Disability,11,1
3/14/26 22:00,23 St-Baruch College (6),OMNY - Full Fare,403,7
3/14/26 22:00,23 St-Baruch College (6),OMNY - Students,10,0
3/14/26 21:00,23 St-Baruch College (6),OMNY - Full Fare,467,4
3/14/26 21:00,23 St-Baruch College (6),OMNY - Students,10,0
3/14/26 21:00,23 St-Baruch College (6),OMNY - Other,2,0
3/14/26 21:00,23 St-Baruch College (6),OMNY - Seniors & Disability,11,3
3/14/26 21:00,23 St-Baruch College (6),OMNY - Fair Fare,8,1
3/14/26 20:00,23 St-Baruch College (6),OMNY - Fair Fare,14,3
3/14/26 20:00,23 St-Baruch College (6),OMNY - Full Fare,568,9
3/14/26 20:00,23 St-Baruch College (6),OMNY - Students,34,2
3/14/26 20:00,23 St-Baruch College (6),OMNY - Other,6,0
3/14/26 20:00,23 St-Baruch College (6),Metrocard - Other,1,0
3/14/26 20:00,23 St-Baruch College (6),OMNY - Seniors & Disability,18,3
3/14/26 19:00,23 St-Baruch College (6),Metrocard - Unlimited 30-Day,1,0
3/14/26 19:00,23 St-Baruch College (6),Metrocard - Other,1,0
3/14/26 19:00,23 St-Baruch College (6),OMNY - Full Fare,593,12
3/14/26 19:00,23 St-Baruch College (6),OMNY - Fair Fare,14,2
3/14/26 19:00,23 St-Baruch College (6),OMNY - Students,20,0
3/14/26 19:00,23 St-Baruch College (6),OMNY - Other,13,0
3/14/26 19:00,23 St-Baruch College (6),OMNY - Seniors & Disability,25,1
3/14/26 18:00,23 St-Baruch College (6),Metrocard - Other,1,0
3/14/26 18:00,23 St-Baruch College (6),OMNY - Other,13,0
3/14/26 18:00,23 St-Baruch College (6),OMNY - Full Fare,673,15
3/14/26 18:00,23 St-Baruch College (6),OMNY - Fair Fare,17,1
3/14/26 18:00,23 St-Baruch College (6),Metrocard - Full Fare,1,0
3/14/26 18:00,23 St-Baruch College (6),OMNY - Seniors & Disability,27,1
3/14/26 18:00,23 St-Baruch College (6),OMNY - Students,37,1
3/14/26 17:00,23 St-Baruch College (6),OMNY - Full Fare,775,16
3/14/26 17:00,23 St-Baruch College (6),OMNY - Seniors & Disability,29,6
3/14/26 17:00,23 St-Baruch College (6),OMNY - Students,29,3
3/14/26 17:00,23 St-Baruch College (6),OMNY - Fair Fare,16,0
3/14/26 17:00,23 St-Baruch College (6),OMNY - Other,10,0
3/14/26 17:00,23 St-Baruch College (6),Metrocard - Other,2,0
3/14/26 17:00,23 St-Baruch College (6),Metrocard - Unlimited 30-Day,1,0
3/14/26 16:00,23 St-Baruch College (6),OMNY - Full Fare,801,23
3/14/26 16:00,23 St-Baruch College (6),OMNY - Students,42,1
3/14/26 16:00,23 St-Baruch College (6),OMNY - Fair Fare,29,1
3/14/26 16:00,23 St-Baruch College (6),OMNY - Seniors & Disability,39,3
3/14/26 16:00,23 St-Baruch College (6),OMNY - Other,17,0
3/14/26 16:00,23 St-Baruch College (6),Metrocard - Other,4,0
3/14/26 16:00,23 St-Baruch College (6),Metrocard - Unlimited 30-Day,1,0
3/14/26 15:00,23 St-Baruch College (6),OMNY - Seniors & Disability,54,6
3/14/26 15:00,23 St-Baruch College (6),OMNY - Students,149,3
3/14/26 15:00,23 St-Baruch College (6),OMNY - Full Fare,981,25
3/14/26 15:00,23 St-Baruch College (6),Metrocard - Unlimited 30-Day,2,0
3/14/26 15:00,23 St-Baruch College (6),OMNY - Other,10,0
3/14/26 15:00,23 St-Baruch College (6),OMNY - Fair Fare,32,0
3/14/26 15:00,23 St-Baruch College (6),Metrocard - Other,8,0
3/14/26 14:00,23 St-Baruch College (6),OMNY - Fair Fare,38,2
3/14/26 14:00,23 St-Baruch College (6),Metrocard - Unlimited 30-Day,2,0
3/14/26 14:00,23 St-Baruch College (6),OMNY - Full Fare,868,36
3/14/26 14:00,23 St-Baruch College (6),OMNY - Students,73,3
3/14/26 14:00,23 St-Baruch College (6),OMNY - Other,12,0
3/14/26 14:00,23 St-Baruch College (6),OMNY - Seniors & Disability,41,7
3/14/26 14:00,23 St-Baruch College (6),Metrocard - Other,2,0
3/14/26 13:00,23 St-Baruch College (6),Metrocard - Other,3,0
3/14/26 13:00,23 St-Baruch College (6),OMNY - Fair Fare,20,2
3/14/26 13:00,23 St-Baruch College (6),OMNY - Seniors & Disability,41,2
3/14/26 13:00,23 St-Baruch College (6),OMNY - Other,9,0
3/14/26 13:00,23 St-Baruch College (6),OMNY - Full Fare,779,29
3/14/26 13:00,23 St-Baruch College (6),OMNY - Students,38,0
3/14/26 12:00,23 St-Baruch College (6),OMNY - Students,39,2
3/14/26 12:00,23 St-Baruch College (6),Metrocard - Other,4,0
3/14/26 12:00,23 St-Baruch College (6),OMNY - Other,9,0
3/14/26 12:00,23 St-Baruch College (6),OMNY - Fair Fare,17,1
3/14/26 12:00,23 St-Baruch College (6),OMNY - Full Fare,725,18
3/14/26 12:00,23 St-Baruch College (6),OMNY - Seniors & Disability,37,6
3/14/26 12:00,23 St-Baruch College (6),Metrocard - Unlimited 30-Day,1,0
3/14/26 11:00,23 St-Baruch College (6),OMNY - Full Fare,621,19
3/14/26 11:00,23 St-Baruch College (6),Metrocard - Unlimited 7-Day,2,0
3/14/26 11:00,23 St-Baruch College (6),OMNY - Students,36,1
3/14/26 11:00,23 St-Baruch College (6),OMNY - Other,6,0
3/14/26 11:00,23 St-Baruch College (6),OMNY - Seniors & Disability,19,1
3/14/26 11:00,23 St-Baruch College (6),OMNY - Fair Fare,18,0
3/14/26 11:00,23 St-Baruch College (6),Metrocard - Other,2,0
3/14/26 10:00,23 St-Baruch College (6),OMNY - Students,13,0
3/14/26 10:00,23 St-Baruch College (6),OMNY - Full Fare,424,13
3/14/26 10:00,23 St-Baruch College (6),OMNY - Other,9,0
3/14/26 10:00,23 St-Baruch College (6),OMNY - Seniors & Disability,28,5
3/14/26 10:00,23 St-Baruch College (6),OMNY - Fair Fare,3,0
3/14/26 9:00,23 St-Baruch College (6),OMNY - Fair Fare,7,1
3/14/26 9:00,23 St-Baruch College (6),OMNY - Seniors & Disability,10,3
3/14/26 9:00,23 St-Baruch College (6),OMNY - Full Fare,260,9
3/14/26 9:00,23 St-Baruch College (6),OMNY - Students,15,0
3/14/26 9:00,23 St-Baruch College (6),Metrocard - Other,1,0
3/14/26 9:00,23 St-Baruch College (6),OMNY - Other,12,1
3/14/26 8:00,23 St-Baruch College (6),OMNY - Other,6,0
3/14/26 8:00,23 St-Baruch College (6),OMNY - Fair Fare,5,2
3/14/26 8:00,23 St-Baruch College (6),OMNY - Students,9,0
3/14/26 8:00,23 St-Baruch College (6),OMNY - Full Fare,177,14
3/14/26 8:00,23 St-Baruch College (6),Metrocard - Unlimited 7-Day,1,0
3/14/26 8:00,23 St-Baruch College (6),OMNY - Seniors & Disability,17,3
3/14/26 7:00,23 St-Baruch College (6),OMNY - Other,3,0
3/14/26 7:00,23 St-Baruch College (6),OMNY - Fair Fare,3,0
3/14/26 7:00,23 St-Baruch College (6),OMNY - Students,8,1
3/14/26 7:00,23 St-Baruch College (6),Metrocard - Other,2,0
3/14/26 7:00,23 St-Baruch College (6),Metrocard - Unlimited 30-Day,1,0
3/14/26 7:00,23 St-Baruch College (6),OMNY - Seniors & Disability,6,0
3/14/26 7:00,23 St-Baruch College (6),OMNY - Full Fare,91,10
3/14/26 6:00,23 St-Baruch College (6),OMNY - Fair Fare,3,0
3/14/26 6:00,23 St-Baruch College (6),Metrocard - Other,1,0
3/14/26 6:00,23 St-Baruch College (6),OMNY - Other,5,0
3/14/26 6:00,23 St-Baruch College (6),OMNY - Full Fare,50,1
3/14/26 6:00,23 St-Baruch College (6),Metrocard - Unlimited 7-Day,4,0
3/14/26 6:00,23 St-Baruch College (6),OMNY - Students,2,0
3/14/26 6:00,23 St-Baruch College (6),OMNY - Seniors & Disability,4,0
3/14/26 5:00,23 St-Baruch College (6),OMNY - Full Fare,22,2
3/14/26 5:00,23 St-Baruch College (6),OMNY - Other,4,0
3/14/26 5:00,23 St-Baruch College (6),OMNY - Fair Fare,1,0
3/14/26 4:00,23 St-Baruch College (6),OMNY - Full Fare,34,1
3/14/26 4:00,23 St-Baruch College (6),OMNY - Seniors & Disability,1,0
3/14/26 4:00,23 St-Baruch College (6),OMNY - Fair Fare,1,0
3/14/26 4:00,23 St-Baruch College (6),OMNY - Other,2,0
3/14/26 3:00,23 St-Baruch College (6),OMNY - Fair Fare,2,0
3/14/26 3:00,23 St-Baruch College (6),OMNY - Students,2,0
3/14/26 3:00,23 St-Baruch College (6),Metrocard - Other,1,0
3/14/26 3:00,23 St-Baruch College (6),OMNY - Full Fare,33,0
3/14/26 2:00,23 St-Baruch College (6),OMNY - Fair Fare,2,0
3/14/26 2:00,23 St-Baruch College (6),OMNY - Full Fare,48,0
3/14/26 1:00,23 St-Baruch College (6),OMNY - Fair Fare,5,0
3/14/26 1:00,23 St-Baruch College (6),OMNY - Full Fare,114,0
3/14/26 1:00,23 St-Baruch College (6),OMNY - Other,7,0
3/14/26 1:00,23 St-Baruch College (6),OMNY - Students,1,0
3/14/26 0:00,23 St-Baruch College (6),OMNY - Full Fare,211,1
3/14/26 0:00,23 St-Baruch College (6),OMNY - Fair Fare,14,0
3/14/26 0:00,23 St-Baruch College (6),OMNY - Other,29,0
3/14/26 0:00,23 St-Baruch College (6),OMNY - Students,6,0
3/14/26 0:00,23 St-Baruch College (6),OMNY - Seniors & Disability,2,0
3/14/26 0:00,23 St-Baruch College (6),Metrocard - Unlimited 30-Day,1,0
3/13/26 23:00,23 St-Baruch College (6),OMNY - Students,20,0
3/13/26 23:00,23 St-Baruch College (6),Metrocard - Other,3,0
3/13/26 23:00,23 St-Baruch College (6),Metrocard - Unlimited 7-Day,1,0
3/13/26 23:00,23 St-Baruch College (6),OMNY - Seniors & Disability,26,0
3/13/26 23:00,23 St-Baruch College (6),OMNY - Full Fare,457,5
3/13/26 23:00,23 St-Baruch College (6),OMNY - Other,20,0
3/13/26 23:00,23 St-Baruch College (6),OMNY - Fair Fare,13,0
3/13/26 22:00,23 St-Baruch College (6),OMNY - Students,12,0
3/13/26 22:00,23 St-Baruch College (6),OMNY - Other,14,0
3/13/26 22:00,23 St-Baruch College (6),Metrocard - Other,3,0
3/13/26 22:00,23 St-Baruch College (6),OMNY - Fair Fare,14,0
3/13/26 22:00,23 St-Baruch College (6),OMNY - Full Fare,428,9
3/13/26 22:00,23 St-Baruch College (6),OMNY - Seniors & Disability,22,3
3/13/26 21:00,23 St-Baruch College (6),Metrocard - Unlimited 30-Day,2,0
3/13/26 21:00,23 St-Baruch College (6),OMNY - Seniors & Disability,21,2
3/13/26 21:00,23 St-Baruch College (6),Metrocard - Other,3,0
3/13/26 21:00,23 St-Baruch College (6),OMNY - Students,8,1
3/13/26 21:00,23 St-Baruch College (6),OMNY - Full Fare,551,7
3/13/26 21:00,23 St-Baruch College (6),OMNY - Other,11,1
3/13/26 21:00,23 St-Baruch College (6),OMNY - Fair Fare,21,1
3/13/26 20:00,23 St-Baruch College (6),OMNY - Seniors & Disability,39,7
3/13/26 20:00,23 St-Baruch College (6),OMNY - Other,5,0
3/13/26 20:00,23 St-Baruch College (6),OMNY - Fair Fare,39,1
3/13/26 20:00,23 St-Baruch College (6),OMNY - Full Fare,771,11
3/13/26 20:00,23 St-Baruch College (6),Metrocard - Other,5,0
3/13/26 20:00,23 St-Baruch College (6),OMNY - Students,39,0
3/13/26 20:00,23 St-Baruch College (6),Metrocard - Unlimited 30-Day,1,0
3/13/26 20:00,23 St-Baruch College (6),Metrocard - Full Fare,1,0
3/13/26 19:00,23 St-Baruch College (6),OMNY - Fair Fare,37,0
3/13/26 19:00,23 St-Baruch College (6),OMNY - Students,40,0
3/13/26 19:00,23 St-Baruch College (6),OMNY - Seniors & Disability,23,2
3/13/26 19:00,23 St-Baruch College (6),Metrocard - Other,5,0
3/13/26 19:00,23 St-Baruch College (6),OMNY - Other,16,0
3/13/26 19:00,23 St-Baruch College (6),OMNY - Full Fare,"1,009",21
3/13/26 18:00,23 St-Baruch College (6),OMNY - Other,19,0
3/13/26 18:00,23 St-Baruch College (6),Metrocard - Other,6,0
3/13/26 18:00,23 St-Baruch College (6),OMNY - Fair Fare,40,0
3/13/26 18:00,23 St-Baruch College (6),OMNY - Seniors & Disability,45,0
3/13/26 18:00,23 St-Baruch College (6),OMNY - Students,60,0
3/13/26 18:00,23 St-Baruch College (6),OMNY - Full Fare,"1,227",34
3/13/26 17:00,23 St-Baruch College (6),Metrocard - Full Fare,1,0
3/13/26 17:00,23 St-Baruch College (6),Metrocard - Unlimited 7-Day,2,0
3/13/26 17:00,23 St-Baruch College (6),OMNY - Students,118,1
3/13/26 17:00,23 St-Baruch College (6),OMNY - Full Fare,"1,771",21
3/13/26 17:00,23 St-Baruch College (6),OMNY - Fair Fare,70,1
3/13/26 17:00,23 St-Baruch College (6),Metrocard - Unlimited 30-Day,4,0
3/13/26 17:00,23 St-Baruch College (6),OMNY - Seniors & Disability,87,6
3/13/26 17:00,23 St-Baruch College (6),Metrocard - Other,4,0
3/13/26 17:00,23 St-Baruch College (6),OMNY - Other,14,0
3/13/26 16:00,23 St-Baruch College (6),OMNY - Other,18,0
3/13/26 16:00,23 St-Baruch College (6),OMNY - Students,150,4
3/13/26 16:00,23 St-Baruch College (6),Metrocard - Unlimited 7-Day,2,0
3/13/26 16:00,23 St-Baruch College (6),Metrocard - Other,10,0
3/13/26 16:00,23 St-Baruch College (6),OMNY - Seniors & Disability,107,7
3/13/26 16:00,23 St-Baruch College (6),OMNY - Fair Fare,99,4
3/13/26 16:00,23 St-Baruch College (6),OMNY - Full Fare,"1,692",40
3/13/26 16:00,23 St-Baruch College (6),Metrocard - Unlimited 30-Day,1,0
3/13/26 16:00,23 St-Baruch College (6),Metrocard - Full Fare,1,0
3/13/26 15:00,23 St-Baruch College (6),Metrocard - Seniors & Disability,1,0
3/13/26 15:00,23 St-Baruch College (6),OMNY - Other,24,0
3/13/26 15:00,23 St-Baruch College (6),Metrocard - Other,9,0
3/13/26 15:00,23 St-Baruch College (6),OMNY - Seniors & Disability,94,12
3/13/26 15:00,23 St-Baruch College (6),OMNY - Fair Fare,75,0
3/13/26 15:00,23 St-Baruch College (6),Metrocard - Unlimited 7-Day,2,0
3/13/26 15:00,23 St-Baruch College (6),OMNY - Students,231,2
3/13/26 15:00,23 St-Baruch College (6),OMNY - Full Fare,"1,499",26
3/13/26 14:00,23 St-Baruch College (6),OMNY - Seniors & Disability,104,6
3/13/26 14:00,23 St-Baruch College (6),Metrocard - Other,6,0
3/13/26 14:00,23 St-Baruch College (6),OMNY - Other,23,0
3/13/26 14:00,23 St-Baruch College (6),Metrocard - Unlimited 7-Day,1,0
3/13/26 14:00,23 St-Baruch College (6),OMNY - Students,249,0
3/13/26 14:00,23 St-Baruch College (6),Metrocard - Unlimited 30-Day,2,0
3/13/26 14:00,23 St-Baruch College (6),OMNY - Full Fare,"1,274",16
3/13/26 14:00,23 St-Baruch College (6),OMNY - Fair Fare,87,1
3/13/26 13:00,23 St-Baruch College (6),Metrocard - Unlimited 30-Day,1,0
3/13/26 13:00,23 St-Baruch College (6),OMNY - Full Fare,974,20
3/13/26 13:00,23 St-Baruch College (6),OMNY - Students,104,0
3/13/26 13:00,23 St-Baruch College (6),OMNY - Seniors & Disability,86,10
3/13/26 13:00,23 St-Baruch College (6),OMNY - Other,18,0
3/13/26 13:00,23 St-Baruch College (6),OMNY - Fair Fare,57,3
3/13/26 13:00,23 St-Baruch College (6),Metrocard - Other,3,0
3/13/26 12:00,23 St-Baruch College (6),OMNY - Full Fare,947,19
3/13/26 12:00,23 St-Baruch College (6),Metrocard - Other,5,0
3/13/26 12:00,23 St-Baruch College (6),OMNY - Fair Fare,74,2
3/13/26 12:00,23 St-Baruch College (6),Metrocard - Full Fare,2,0
3/13/26 12:00,23 St-Baruch College (6),OMNY - Seniors & Disability,74,14
3/13/26 12:00,23 St-Baruch College (6),Metrocard - Seniors & Disability,2,0
3/13/26 12:00,23 St-Baruch College (6),OMNY - Students,106,1
3/13/26 12:00,23 St-Baruch College (6),OMNY - Other,20,0
3/13/26 11:00,23 St-Baruch College (6),OMNY - Fair Fare,43,1
3/13/26 11:00,23 St-Baruch College (6),Metrocard - Full Fare,1,0
3/13/26 11:00,23 St-Baruch College (6),Metrocard - Unlimited 30-Day,2,0
3/13/26 11:00,23 St-Baruch College (6),OMNY - Other,14,0
3/13/26 11:00,23 St-Baruch College (6),OMNY - Students,57,0
3/13/26 11:00,23 St-Baruch College (6),OMNY - Full Fare,690,13
3/13/26 11:00,23 St-Baruch College (6),OMNY - Seniors & Disability,74,5
3/13/26 11:00,23 St-Baruch College (6),Metrocard - Other,4,0
3/13/26 10:00,23 St-Baruch College (6),OMNY - Other,8,0
3/13/26 10:00,23 St-Baruch College (6),Metrocard - Unlimited 30-Day,2,0
3/13/26 10:00,23 St-Baruch College (6),OMNY - Seniors & Disability,69,10
3/13/26 10:00,23 St-Baruch College (6),OMNY - Full Fare,585,21
3/13/26 10:00,23 St-Baruch College (6),Metrocard - Other,3,0
3/13/26 10:00,23 St-Baruch College (6),OMNY - Students,17,0
3/13/26 10:00,23 St-Baruch College (6),OMNY - Fair Fare,22,0
3/13/26 9:00,23 St-Baruch College (6),OMNY - Other,10,0
3/13/26 9:00,23 St-Baruch College (6),Metrocard - Unlimited 30-Day,1,0
3/13/26 9:00,23 St-Baruch College (6),Metrocard - Other,4,0
3/13/26 9:00,23 St-Baruch College (6),OMNY - Full Fare,773,54
3/13/26 9:00,23 St-Baruch College (6),OMNY - Seniors & Disability,50,14
3/13/26 9:00,23 St-Baruch College (6),OMNY - Fair Fare,10,1
3/13/26 9:00,23 St-Baruch College (6),Metrocard - Unlimited 7-Day,1,0
3/13/26 9:00,23 St-Baruch College (6),OMNY - Students,20,1
3/13/26 8:00,23 St-Baruch College (6),OMNY - Seniors & Disability,38,5
3/13/26 8:00,23 St-Baruch College (6),OMNY - Full Fare,952,82
3/13/26 8:00,23 St-Baruch College (6),OMNY - Fair Fare,24,4
3/13/26 8:00,23 St-Baruch College (6),OMNY - Students,40,2
3/13/26 8:00,23 St-Baruch College (6),Metrocard - Other,3,0
3/13/26 8:00,23 St-Baruch College (6),OMNY - Other,8,0
3/13/26 7:00,23 St-Baruch College (6),OMNY - Fair Fare,9,0
3/13/26 7:00,23 St-Baruch College (6),OMNY - Full Fare,516,68
3/13/26 7:00,23 St-Baruch College (6),OMNY - Other,8,0
3/13/26 7:00,23 St-Baruch College (6),OMNY - Students,69,6
3/13/26 7:00,23 St-Baruch College (6),OMNY - Seniors & Disability,20,3
3/13/26 7:00,23 St-Baruch College (6),Metrocard - Other,2,0
3/13/26 6:00,23 St-Baruch College (6),Metrocard - Other,4,0
3/13/26 6:00,23 St-Baruch College (6),OMNY - Other,4,0
3/13/26 6:00,23 St-Baruch College (6),OMNY - Fair Fare,3,0
3/13/26 6:00,23 St-Baruch College (6),Metrocard - Unlimited 30-Day,1,0
3/13/26 6:00,23 St-Baruch College (6),OMNY - Seniors & Disability,13,3
3/13/26 6:00,23 St-Baruch College (6),OMNY - Students,4,0
3/13/26 6:00,23 St-Baruch College (6),OMNY - Full Fare,174,52
3/13/26 5:00,23 St-Baruch College (6),OMNY - Other,3,0
3/13/26 5:00,23 St-Baruch College (6),OMNY - Full Fare,63,24
3/13/26 5:00,23 St-Baruch College (6),OMNY - Seniors & Disability,2,1
3/13/26 5:00,23 St-Baruch College (6),OMNY - Fair Fare,1,0
3/13/26 5:00,23 St-Baruch College (6),OMNY - Students,1,0
3/13/26 4:00,23 St-Baruch College (6),OMNY - Fair Fare,1,0
3/13/26 4:00,23 St-Baruch College (6),OMNY - Students,2,0
3/13/26 4:00,23 St-Baruch College (6),OMNY - Full Fare,17,0
3/13/26 4:00,23 St-Baruch College (6),OMNY - Other,3,0
3/13/26 3:00,23 St-Baruch College (6),OMNY - Full Fare,10,0
3/13/26 3:00,23 St-Baruch College (6),OMNY - Fair Fare,1,0
3/13/26 2:00,23 St-Baruch College (6),OMNY - Other,1,0
3/13/26 2:00,23 St-Baruch College (6),OMNY - Full Fare,25,1
3/13/26 2:00,23 St-Baruch College (6),Metrocard - Other,2,0
3/13/26 1:00,23 St-Baruch College (6),OMNY - Full Fare,61,0
3/13/26 1:00,23 St-Baruch College (6),OMNY - Other,4,0
3/13/26 1:00,23 St-Baruch College (6),OMNY - Fair Fare,6,0
3/13/26 1:00,23 St-Baruch College (6),OMNY - Students,3,0
3/13/26 1:00,23 St-Baruch College (6),Metrocard - Other,3,0
3/13/26 0:00,23 St-Baruch College (6),OMNY - Fair Fare,9,0
3/13/26 0:00,23 St-Baruch College (6),OMNY - Full Fare,158,0
3/13/26 0:00,23 St-Baruch College (6),OMNY - Students,8,0
3/13/26 0:00,23 St-Baruch College (6),Metrocard - Other,1,0
3/13/26 0:00,23 St-Baruch College (6),OMNY - Other,3,0
3/13/26 0:00,23 St-Baruch College (6),OMNY - Seniors & Disability,4,0
3/12/26 23:00,23 St-Baruch College (6),Metrocard - Full Fare,1,0
3/12/26 23:00,23 St-Baruch College (6),OMNY - Seniors & Disability,12,1
3/12/26 23:00,23 St-Baruch College (6),OMNY - Other,6,0
3/12/26 23:00,23 St-Baruch College (6),OMNY - Full Fare,334,7
3/12/26 23:00,23 St-Baruch College (6),OMNY - Fair Fare,16,1
3/12/26 23:00,23 St-Baruch College (6),OMNY - Students,8,0
3/12/26 23:00,23 St-Baruch College (6),Metrocard - Other,5,0
3/12/26 22:00,23 St-Baruch College (6),OMNY - Students,16,0
3/12/26 22:00,23 St-Baruch College (6),OMNY - Fair Fare,30,0
3/12/26 22:00,23 St-Baruch College (6),OMNY - Seniors & Disability,15,1
3/12/26 22:00,23 St-Baruch College (6),OMNY - Other,9,0
3/12/26 22:00,23 St-Baruch College (6),OMNY - Full Fare,518,5
3/12/26 21:00,23 St-Baruch College (6),Metrocard - Unlimited 30-Day,1,0
3/12/26 21:00,23 St-Baruch College (6),OMNY - Seniors & Disability,28,0
3/12/26 21:00,23 St-Baruch College (6),OMNY - Fair Fare,53,0
3/12/26 21:00,23 St-Baruch College (6),OMNY - Other,7,0
3/12/26 21:00,23 St-Baruch College (6),Metrocard - Other,3,0
3/12/26 21:00,23 St-Baruch College (6),OMNY - Students,34,0
3/12/26 21:00,23 St-Baruch College (6),Metrocard - Unlimited 7-Day,2,0
3/12/26 21:00,23 St-Baruch College (6),OMNY - Full Fare,896,6
3/12/26 20:00,23 St-Baruch College (6),OMNY - Fair Fare,93,1
3/12/26 20:00,23 St-Baruch College (6),OMNY - Seniors & Disability,54,2
3/12/26 20:00,23 St-Baruch College (6),OMNY - Students,61,0
3/12/26 20:00,23 St-Baruch College (6),Metrocard - Other,8,0
3/12/26 20:00,23 St-Baruch College (6),OMNY - Other,8,0
3/12/26 20:00,23 St-Baruch College (6),OMNY - Full Fare,"1,360",12
3/12/26 20:00,23 St-Baruch College (6),Metrocard - Unlimited 30-Day,2,0
3/12/26 19:00,23 St-Baruch College (6),Metrocard - Unlimited 30-Day,2,0
3/12/26 19:00,23 St-Baruch College (6),Metrocard - Full Fare,1,0
3/12/26 19:00,23 St-Baruch College (6),OMNY - Students,113,0
3/12/26 19:00,23 St-Baruch College (6),OMNY - Fair Fare,129,2
3/12/26 19:00,23 St-Baruch College (6),OMNY - Full Fare,"1,880",22
3/12/26 19:00,23 St-Baruch College (6),OMNY - Other,19,0
3/12/26 19:00,23 St-Baruch College (6),OMNY - Seniors & Disability,56,4
3/12/26 19:00,23 St-Baruch College (6),Metrocard - Other,5,0
3/12/26 18:00,23 St-Baruch College (6),OMNY - Other,28,0
3/12/26 18:00,23 St-Baruch College (6),OMNY - Fair Fare,73,0
3/12/26 18:00,23 St-Baruch College (6),OMNY - Full Fare,"1,990",28
3/12/26 18:00,23 St-Baruch College (6),OMNY - Seniors & Disability,77,4
3/12/26 18:00,23 St-Baruch College (6),Metrocard - Unlimited 30-Day,2,0
3/12/26 18:00,23 St-Baruch College (6),Metrocard - Other,13,0
3/12/26 18:00,23 St-Baruch College (6),OMNY - Students,89,1
3/12/26 17:00,23 St-Baruch College (6),OMNY - Fair Fare,123,1
3/12/26 17:00,23 St-Baruch College (6),OMNY - Other,13,0
3/12/26 17:00,23 St-Baruch College (6),OMNY - Full Fare,"2,721",42
3/12/26 17:00,23 St-Baruch College (6),OMNY - Students,243,1
3/12/26 17:00,23 St-Baruch College (6),Metrocard - Other,6,0
3/12/26 17:00,23 St-Baruch College (6),Metrocard - Full Fare,2,0
3/12/26 17:00,23 St-Baruch College (6),Metrocard - Unlimited 7-Day,1,0
3/12/26 17:00,23 St-Baruch College (6),Metrocard - Unlimited 30-Day,4,0
3/12/26 17:00,23 St-Baruch College (6),OMNY - Seniors & Disability,127,10
3/12/26 16:00,23 St-Baruch College (6),OMNY - Other,28,0
3/12/26 16:00,23 St-Baruch College (6),Metrocard - Unlimited 7-Day,4,0
3/12/26 16:00,23 St-Baruch College (6),OMNY - Seniors & Disability,135,10
3/12/26 16:00,23 St-Baruch College (6),OMNY - Students,230,3
3/12/26 16:00,23 St-Baruch College (6),OMNY - Fair Fare,150,3
3/12/26 16:00,23 St-Baruch College (6),OMNY - Full Fare,"2,274",49
3/12/26 16:00,23 St-Baruch College (6),Metrocard - Seniors & Disability,1,0
3/12/26 16:00,23 St-Baruch College (6),Metrocard - Other,9,0
3/12/26 15:00,23 St-Baruch College (6),Metrocard - Other,5,1
3/12/26 15:00,23 St-Baruch College (6),OMNY - Seniors & Disability,133,13
3/12/26 15:00,23 St-Baruch College (6),Metrocard - Full Fare,1,1
3/12/26 15:00,23 St-Baruch College (6),OMNY - Other,28,0
3/12/26 15:00,23 St-Baruch College (6),Metrocard - Unlimited 30-Day,1,0
3/12/26 15:00,23 St-Baruch College (6),Metrocard - Seniors & Disability,1,0
3/12/26 15:00,23 St-Baruch College (6),OMNY - Fair Fare,125,2
3/12/26 15:00,23 St-Baruch College (6),OMNY - Full Fare,"1,746",29
3/12/26 15:00,23 St-Baruch College (6),OMNY - Students,412,9
3/12/26 14:00,23 St-Baruch College (6),OMNY - Other,15,0
3/12/26 14:00,23 St-Baruch College (6),Metrocard - Unlimited 7-Day,2,0
3/12/26 14:00,23 St-Baruch College (6),OMNY - Full Fare,"1,116",24
3/12/26 14:00,23 St-Baruch College (6),Metrocard - Other,8,0
3/12/26 14:00,23 St-Baruch College (6),OMNY - Students,171,0
3/12/26 14:00,23 St-Baruch College (6),Metrocard - Unlimited 30-Day,1,0
3/12/26 14:00,23 St-Baruch College (6),OMNY - Seniors & Disability,106,5
3/12/26 14:00,23 St-Baruch College (6),OMNY - Fair Fare,69,2
3/12/26 13:00,23 St-Baruch College (6),OMNY - Other,13,0
3/12/26 13:00,23 St-Baruch College (6),OMNY - Fair Fare,50,0
3/12/26 13:00,23 St-Baruch College (6),OMNY - Full Fare,838,25
3/12/26 13:00,23 St-Baruch College (6),Metrocard - Other,9,0
3/12/26 13:00,23 St-Baruch College (6),OMNY - Seniors & Disability,93,7
3/12/26 13:00,23 St-Baruch College (6),Metrocard - Unlimited 30-Day,2,0
3/12/26 13:00,23 St-Baruch College (6),OMNY - Students,56,0
3/12/26 12:00,23 St-Baruch College (6),OMNY - Other,21,0
3/12/26 12:00,23 St-Baruch College (6),OMNY - Full Fare,"1,069",18
3/12/26 12:00,23 St-Baruch College (6),OMNY - Students,102,1
3/12/26 12:00,23 St-Baruch College (6),Metrocard - Other,5,0
3/12/26 12:00,23 St-Baruch College (6),Metrocard - Unlimited 30-Day,2,0
3/12/26 12:00,23 St-Baruch College (6),OMNY - Seniors & Disability,88,10
3/12/26 12:00,23 St-Baruch College (6),OMNY - Fair Fare,78,0
3/12/26 12:00,23 St-Baruch College (6),Metrocard - Full Fare,1,0
3/12/26 11:00,23 St-Baruch College (6),OMNY - Fair Fare,59,2
3/12/26 11:00,23 St-Baruch College (6),OMNY - Other,17,0
3/12/26 11:00,23 St-Baruch College (6),OMNY - Students,71,3
3/12/26 11:00,23 St-Baruch College (6),Metrocard - Unlimited 7-Day,1,0
3/12/26 11:00,23 St-Baruch College (6),OMNY - Seniors & Disability,77,12
3/12/26 11:00,23 St-Baruch College (6),OMNY - Full Fare,796,14
3/12/26 10:00,23 St-Baruch College (6),OMNY - Fair Fare,38,3
3/12/26 10:00,23 St-Baruch College (6),Metrocard - Other,3,0
3/12/26 10:00,23 St-Baruch College (6),OMNY - Other,9,0
3/12/26 10:00,23 St-Baruch College (6),OMNY - Students,42,1
3/12/26 10:00,23 St-Baruch College (6),OMNY - Full Fare,823,50
3/12/26 10:00,23 St-Baruch College (6),OMNY - Seniors & Disability,73,11
3/12/26 9:00,23 St-Baruch College (6),OMNY - Other,17,0
3/12/26 9:00,23 St-Baruch College (6),OMNY - Fair Fare,18,1
3/12/26 9:00,23 St-Baruch College (6),OMNY - Full Fare,"1,178",81
3/12/26 9:00,23 St-Baruch College (6),Metrocard - Unlimited 7-Day,1,0
3/12/26 9:00,23 St-Baruch College (6),Metrocard - Other,1,0
3/12/26 9:00,23 St-Baruch College (6),OMNY - Students,25,2
3/12/26 9:00,23 St-Baruch College (6),OMNY - Seniors & Disability,69,11
3/12/26 8:00,23 St-Baruch College (6),OMNY - Other,11,0
3/12/26 8:00,23 St-Baruch College (6),Metrocard - Unlimited 30-Day,2,0
3/12/26 8:00,23 St-Baruch College (6),OMNY - Seniors & Disability,43,9
3/12/26 8:00,23 St-Baruch College (6),Metrocard - Other,2,0
3/12/26 8:00,23 St-Baruch College (6),OMNY - Students,50,4
3/12/26 8:00,23 St-Baruch College (6),OMNY - Full Fare,"1,664",115
3/12/26 8:00,23 St-Baruch College (6),OMNY - Fair Fare,24,1
3/12/26 7:00,23 St-Baruch College (6),OMNY - Students,81,4
3/12/26 7:00,23 St-Baruch College (6),Metrocard - Other,3,0
3/12/26 7:00,23 St-Baruch College (6),OMNY - Fair Fare,10,1
3/12/26 7:00,23 St-Baruch College (6),OMNY - Full Fare,696,127
3/12/26 7:00,23 St-Baruch College (6),OMNY - Other,9,0
3/12/26 7:00,23 St-Baruch College (6),OMNY - Seniors & Disability,23,6
3/12/26 6:00,23 St-Baruch College (6),OMNY - Other,6,0
3/12/26 6:00,23 St-Baruch College (6),Metrocard - Other,2,0
3/12/26 6:00,23 St-Baruch College (6),OMNY - Students,3,0
3/12/26 6:00,23 St-Baruch College (6),OMNY - Full Fare,219,48
3/12/26 6:00,23 St-Baruch College (6),OMNY - Fair Fare,3,1
3/12/26 6:00,23 St-Baruch College (6),Metrocard - Unlimited 30-Day,1,0
3/12/26 6:00,23 St-Baruch College (6),OMNY - Seniors & Disability,11,5
3/12/26 5:00,23 St-Baruch College (6),Metrocard - Other,1,0
3/12/26 5:00,23 St-Baruch College (6),OMNY - Full Fare,55,17
3/12/26 5:00,23 St-Baruch College (6),OMNY - Students,1,0
3/12/26 5:00,23 St-Baruch College (6),OMNY - Fair Fare,2,0
3/12/26 5:00,23 St-Baruch College (6),OMNY - Seniors & Disability,3,1
3/12/26 5:00,23 St-Baruch College (6),OMNY - Other,4,0
3/12/26 4:00,23 St-Baruch College (6),OMNY - Other,10,0
3/12/26 4:00,23 St-Baruch College (6),Metrocard - Other,1,0
3/12/26 4:00,23 St-Baruch College (6),OMNY - Students,1,0
3/12/26 4:00,23 St-Baruch College (6),OMNY - Full Fare,19,0
3/12/26 3:00,23 St-Baruch College (6),OMNY - Students,2,1
3/12/26 3:00,23 St-Baruch College (6),OMNY - Full Fare,15,0
3/12/26 3:00,23 St-Baruch College (6),OMNY - Other,2,0
3/12/26 2:00,23 St-Baruch College (6),Metrocard - Other,2,0
3/12/26 2:00,23 St-Baruch College (6),OMNY - Fair Fare,1,0
3/12/26 2:00,23 St-Baruch College (6),OMNY - Other,4,0
3/12/26 2:00,23 St-Baruch College (6),OMNY - Full Fare,11,0
3/12/26 1:00,23 St-Baruch College (6),OMNY - Students,3,0
3/12/26 1:00,23 St-Baruch College (6),OMNY - Full Fare,45,0
3/12/26 1:00,23 St-Baruch College (6),OMNY - Fair Fare,5,0
3/12/26 1:00,23 St-Baruch College (6),Metrocard - Other,1,0
3/12/26 0:00,23 St-Baruch College (6),OMNY - Students,5,0
3/12/26 0:00,23 St-Baruch College (6),OMNY - Full Fare,141,1
3/12/26 0:00,23 St-Baruch College (6),OMNY - Other,4,0
3/12/26 0:00,23 St-Baruch College (6),OMNY - Fair Fare,12,0
3/12/26 0:00,23 St-Baruch College (6),OMNY - Seniors & Disability,2,0
3/11/26 23:00,23 St-Baruch College (6),OMNY - Full Fare,366,7
3/11/26 23:00,23 St-Baruch College (6),OMNY - Other,4,0
3/11/26 23:00,23 St-Baruch College (6),Metrocard - Full Fare,1,0
3/11/26 23:00,23 St-Baruch College (6),OMNY - Fair Fare,19,0
3/11/26 23:00,23 St-Baruch College (6),OMNY - Seniors & Disability,18,1
3/11/26 23:00,23 St-Baruch College (6),OMNY - Students,17,0
3/11/26 23:00,23 St-Baruch College (6),Metrocard - Other,4,0
3/11/26 23:00,23 St-Baruch College (6),Metrocard - Unlimited 30-Day,2,0
3/11/26 22:00,23 St-Baruch College (6),Metrocard - Unlimited 30-Day,1,0
3/11/26 22:00,23 St-Baruch College (6),OMNY - Fair Fare,24,2
3/11/26 22:00,23 St-Baruch College (6),Metrocard - Other,3,0
3/11/26 22:00,23 St-Baruch College (6),OMNY - Full Fare,416,12
3/11/26 22:00,23 St-Baruch College (6),OMNY - Other,11,0
3/11/26 22:00,23 St-Baruch College (6),OMNY - Seniors & Disability,17,0
3/11/26 22:00,23 St-Baruch College (6),OMNY - Students,15,0
3/11/26 21:00,23 St-Baruch College (6),Metrocard - Other,3,0
3/11/26 21:00,23 St-Baruch College (6),OMNY - Seniors & Disability,18,1
3/11/26 21:00,23 St-Baruch College (6),OMNY - Students,36,0
3/11/26 21:00,23 St-Baruch College (6),OMNY - Full Fare,750,9
3/11/26 21:00,23 St-Baruch College (6),OMNY - Fair Fare,45,0
3/11/26 21:00,23 St-Baruch College (6),OMNY - Other,12,0
3/11/26 20:00,23 St-Baruch College (6),Metrocard - Unlimited 30-Day,1,0
3/11/26 20:00,23 St-Baruch College (6),OMNY - Seniors & Disability,62,1
3/11/26 20:00,23 St-Baruch College (6),OMNY - Fair Fare,84,0
3/11/26 20:00,23 St-Baruch College (6),OMNY - Full Fare,"1,281",14
3/11/26 20:00,23 St-Baruch College (6),OMNY - Other,20,0
3/11/26 20:00,23 St-Baruch College (6),Metrocard - Other,6,0
3/11/26 20:00,23 St-Baruch College (6),OMNY - Students,60,0
3/11/26 19:00,23 St-Baruch College (6),Metrocard - Other,6,0
3/11/26 19:00,23 St-Baruch College (6),OMNY - Full Fare,"1,641",15
3/11/26 19:00,23 St-Baruch College (6),OMNY - Seniors & Disability,64,3
3/11/26 19:00,23 St-Baruch College (6),Metrocard - Unlimited 30-Day,1,0
3/11/26 19:00,23 St-Baruch College (6),OMNY - Other,21,0
3/11/26 19:00,23 St-Baruch College (6),OMNY - Students,115,0
3/11/26 19:00,23 St-Baruch College (6),OMNY - Fair Fare,102,0
3/11/26 19:00,23 St-Baruch College (6),Metrocard - Unlimited 7-Day,1,0
3/11/26 18:00,23 St-Baruch College (6),Metrocard - Other,7,0
3/11/26 18:00,23 St-Baruch College (6),OMNY - Students,96,1
3/11/26 18:00,23 St-Baruch College (6),OMNY - Full Fare,"1,883",27
3/11/26 18:00,23 St-Baruch College (6),OMNY - Seniors & Disability,73,5
3/11/26 18:00,23 St-Baruch College (6),OMNY - Fair Fare,66,1
3/11/26 18:00,23 St-Baruch College (6),OMNY - Other,26,0
3/11/26 17:00,23 St-Baruch College (6),Metrocard - Full Fare,1,0
3/11/26 17:00,23 St-Baruch College (6),OMNY - Students,223,3
3/11/26 17:00,23 St-Baruch College (6),OMNY - Fair Fare,134,1
3/11/26 17:00,23 St-Baruch College (6),OMNY - Full Fare,"2,642",29
3/11/26 17:00,23 St-Baruch College (6),OMNY - Other,23,0
3/11/26 17:00,23 St-Baruch College (6),OMNY - Seniors & Disability,122,5
3/11/26 17:00,23 St-Baruch College (6),Metrocard - Unlimited 30-Day,3,0
3/11/26 17:00,23 St-Baruch College (6),Metrocard - Other,3,0
3/11/26 16:00,23 St-Baruch College (6),OMNY - Seniors & Disability,123,12
3/11/26 16:00,23 St-Baruch College (6),Metrocard - Unlimited 7-Day,4,0
3/11/26 16:00,23 St-Baruch College (6),OMNY - Other,22,0
3/11/26 16:00,23 St-Baruch College (6),Metrocard - Other,16,0
3/11/26 16:00,23 St-Baruch College (6),OMNY - Full Fare,"2,022",47
3/11/26 16:00,23 St-Baruch College (6),OMNY - Students,225,1
3/11/26 16:00,23 St-Baruch College (6),OMNY - Fair Fare,137,5
3/11/26 15:00,23 St-Baruch College (6),OMNY - Fair Fare,112,2
3/11/26 15:00,23 St-Baruch College (6),OMNY - Seniors & Disability,116,6
3/11/26 15:00,23 St-Baruch College (6),Metrocard - Other,4,0
3/11/26 15:00,23 St-Baruch College (6),OMNY - Full Fare,"1,746",19
3/11/26 15:00,23 St-Baruch College (6),Metrocard - Seniors & Disability,1,0
3/11/26 15:00,23 St-Baruch College (6),OMNY - Other,19,0
3/11/26 15:00,23 St-Baruch College (6),Metrocard - Unlimited 30-Day,2,0
3/11/26 15:00,23 St-Baruch College (6),OMNY - Students,385,2
3/11/26 14:00,23 St-Baruch College (6),OMNY - Students,218,1
3/11/26 14:00,23 St-Baruch College (6),Metrocard - Other,12,0
3/11/26 14:00,23 St-Baruch College (6),OMNY - Seniors & Disability,96,7
3/11/26 14:00,23 St-Baruch College (6),Metrocard - Unlimited 7-Day,1,0
3/11/26 14:00,23 St-Baruch College (6),Metrocard - Unlimited 30-Day,3,0
3/11/26 14:00,23 St-Baruch College (6),OMNY - Full Fare,"1,483",29
3/11/26 14:00,23 St-Baruch College (6),OMNY - Other,21,0
3/11/26 14:00,23 St-Baruch College (6),OMNY - Fair Fare,118,2
3/11/26 13:00,23 St-Baruch College (6),OMNY - Fair Fare,61,1
3/11/26 13:00,23 St-Baruch College (6),OMNY - Seniors & Disability,103,12
3/11/26 13:00,23 St-Baruch College (6),Metrocard - Unlimited 30-Day,4,0
3/11/26 13:00,23 St-Baruch College (6),Metrocard - Other,4,0
3/11/26 13:00,23 St-Baruch College (6),OMNY - Students,47,1
3/11/26 13:00,23 St-Baruch College (6),Metrocard - Full Fare,1,0
3/11/26 13:00,23 St-Baruch College (6),OMNY - Other,15,1
3/11/26 13:00,23 St-Baruch College (6),OMNY - Full Fare,860,15
3/11/26 12:00,23 St-Baruch College (6),OMNY - Full Fare,836,15
3/11/26 12:00,23 St-Baruch College (6),OMNY - Seniors & Disability,89,8
3/11/26 12:00,23 St-Baruch College (6),Metrocard - Unlimited 7-Day,1,0
3/11/26 12:00,23 St-Baruch College (6),OMNY - Fair Fare,56,1
3/11/26 12:00,23 St-Baruch College (6),OMNY - Other,22,0
3/11/26 12:00,23 St-Baruch College (6),Metrocard - Unlimited 30-Day,2,0
3/11/26 12:00,23 St-Baruch College (6),Metrocard - Other,2,0
3/11/26 12:00,23 St-Baruch College (6),OMNY - Students,64,1
3/11/26 11:00,23 St-Baruch College (6),OMNY - Seniors & Disability,66,5
3/11/26 11:00,23 St-Baruch College (6),OMNY - Fair Fare,50,0
3/11/26 11:00,23 St-Baruch College (6),OMNY - Full Fare,760,20
3/11/26 11:00,23 St-Baruch College (6),Metrocard - Seniors & Disability,2,1
3/11/26 11:00,23 St-Baruch College (6),OMNY - Other,10,0
3/11/26 11:00,23 St-Baruch College (6),Metrocard - Other,4,0
3/11/26 11:00,23 St-Baruch College (6),OMNY - Students,28,0
3/11/26 10:00,23 St-Baruch College (6),OMNY - Seniors & Disability,74,11
3/11/26 10:00,23 St-Baruch College (6),Metrocard - Other,2,0
3/11/26 10:00,23 St-Baruch College (6),OMNY - Other,7,0
3/11/26 10:00,23 St-Baruch College (6),Metrocard - Unlimited 30-Day,1,0
3/11/26 10:00,23 St-Baruch College (6),OMNY - Fair Fare,37,0
3/11/26 10:00,23 St-Baruch College (6),OMNY - Full Fare,746,29
3/11/26 10:00,23 St-Baruch College (6),OMNY - Students,54,1
3/11/26 9:00,23 St-Baruch College (6),OMNY - Full Fare,"1,092",69
3/11/26 9:00,23 St-Baruch College (6),OMNY - Fair Fare,16,2
3/11/26 9:00,23 St-Baruch College (6),OMNY - Students,22,3
3/11/26 9:00,23 St-Baruch College (6),Metrocard - Other,2,0
3/11/26 9:00,23 St-Baruch College (6),Metrocard - Unlimited 7-Day,1,0
3/11/26 9:00,23 St-Baruch College (6),Metrocard - Unlimited 30-Day,2,0
3/11/26 9:00,23 St-Baruch College (6),OMNY - Other,11,0
3/11/26 9:00,23 St-Baruch College (6),OMNY - Seniors & Disability,44,10
3/11/26 8:00,23 St-Baruch College (6),OMNY - Students,49,4
3/11/26 8:00,23 St-Baruch College (6),OMNY - Other,12,0
3/11/26 8:00,23 St-Baruch College (6),Metrocard - Other,3,0
3/11/26 8:00,23 St-Baruch College (6),OMNY - Full Fare,"1,553",120
3/11/26 8:00,23 St-Baruch College (6),OMNY - Seniors & Disability,35,7
3/11/26 8:00,23 St-Baruch College (6),Metrocard - Unlimited 7-Day,1,0
3/11/26 8:00,23 St-Baruch College (6),OMNY - Fair Fare,27,3
3/11/26 7:00,23 St-Baruch College (6),OMNY - Other,7,0
3/11/26 7:00,23 St-Baruch College (6),Metrocard - Other,4,0
3/11/26 7:00,23 St-Baruch College (6),Metrocard - Unlimited 7-Day,1,0
3/11/26 7:00,23 St-Baruch College (6),OMNY - Full Fare,675,117
3/11/26 7:00,23 St-Baruch College (6),OMNY - Fair Fare,9,1
3/11/26 7:00,23 St-Baruch College (6),OMNY - Students,79,2
3/11/26 7:00,23 St-Baruch College (6),OMNY - Seniors & Disability,27,8
3/11/26 6:00,23 St-Baruch College (6),Metrocard - Unlimited 30-Day,1,0
3/11/26 6:00,23 St-Baruch College (6),OMNY - Students,6,0
3/11/26 6:00,23 St-Baruch College (6),OMNY - Full Fare,202,40
3/11/26 6:00,23 St-Baruch College (6),OMNY - Seniors & Disability,11,2
3/11/26 6:00,23 St-Baruch College (6),OMNY - Other,3,0
3/11/26 6:00,23 St-Baruch College (6),OMNY - Fair Fare,2,0
3/11/26 6:00,23 St-Baruch College (6),Metrocard - Other,2,0
3/11/26 5:00,23 St-Baruch College (6),OMNY - Other,2,0
3/11/26 5:00,23 St-Baruch College (6),OMNY - Full Fare,50,24
3/11/26 5:00,23 St-Baruch College (6),OMNY - Seniors & Disability,2,0
3/11/26 5:00,23 St-Baruch College (6),OMNY - Students,1,0
3/11/26 5:00,23 St-Baruch College (6),OMNY - Fair Fare,2,0
3/11/26 4:00,23 St-Baruch College (6),OMNY - Students,1,0
3/11/26 4:00,23 St-Baruch College (6),OMNY - Other,2,0
3/11/26 4:00,23 St-Baruch College (6),OMNY - Full Fare,13,0
3/11/26 3:00,23 St-Baruch College (6),OMNY - Full Fare,8,0
3/11/26 3:00,23 St-Baruch College (6),Metrocard - Other,1,0
3/11/26 3:00,23 St-Baruch College (6),OMNY - Fair Fare,1,0
3/11/26 3:00,23 St-Baruch College (6),OMNY - Students,1,0
3/11/26 2:00,23 St-Baruch College (6),OMNY - Full Fare,25,0
3/11/26 2:00,23 St-Baruch College (6),OMNY - Other,2,0
3/11/26 2:00,23 St-Baruch College (6),OMNY - Fair Fare,1,0
3/11/26 2:00,23 St-Baruch College (6),OMNY - Seniors & Disability,1,0
3/11/26 1:00,23 St-Baruch College (6),OMNY - Full Fare,41,1
3/11/26 1:00,23 St-Baruch College (6),OMNY - Students,1,0
3/11/26 1:00,23 St-Baruch College (6),OMNY - Fair Fare,2,0
3/11/26 0:00,23 St-Baruch College (6),OMNY - Seniors & Disability,3,0
3/11/26 0:00,23 St-Baruch College (6),OMNY - Fair Fare,10,0
3/11/26 0:00,23 St-Baruch College (6),OMNY - Full Fare,139,1
3/11/26 0:00,23 St-Baruch College (6),OMNY - Students,7,0
3/10/26 23:00,23 St-Baruch College (6),OMNY - Students,12,0
3/10/26 23:00,23 St-Baruch College (6),OMNY - Full Fare,306,5
3/10/26 23:00,23 St-Baruch College (6),Metrocard - Full Fare,1,0
3/10/26 23:00,23 St-Baruch College (6),OMNY - Seniors & Disability,14,1
3/10/26 23:00,23 St-Baruch College (6),Metrocard - Other,1,0
3/10/26 23:00,23 St-Baruch College (6),OMNY - Fair Fare,16,0
3/10/26 23:00,23 St-Baruch College (6),OMNY - Other,6,0
3/10/26 22:00,23 St-Baruch College (6),OMNY - Other,7,0
3/10/26 22:00,23 St-Baruch College (6),OMNY - Full Fare,472,6
3/10/26 22:00,23 St-Baruch College (6),Metrocard - Other,3,0
3/10/26 22:00,23 St-Baruch College (6),OMNY - Seniors & Disability,16,0
3/10/26 22:00,23 St-Baruch College (6),OMNY - Students,10,0
3/10/26 22:00,23 St-Baruch College (6),OMNY - Fair Fare,28,0
3/10/26 21:00,23 St-Baruch College (6),OMNY - Other,7,0
3/10/26 21:00,23 St-Baruch College (6),OMNY - Students,32,1
3/10/26 21:00,23 St-Baruch College (6),OMNY - Fair Fare,54,0
3/10/26 21:00,23 St-Baruch College (6),Metrocard - Other,7,0
3/10/26 21:00,23 St-Baruch College (6),OMNY - Seniors & Disability,38,3
3/10/26 21:00,23 St-Baruch College (6),OMNY - Full Fare,727,9
3/10/26 20:00,23 St-Baruch College (6),OMNY - Fair Fare,96,1
3/10/26 20:00,23 St-Baruch College (6),OMNY - Seniors & Disability,57,3
3/10/26 20:00,23 St-Baruch College (6),Metrocard - Unlimited 30-Day,1,0
3/10/26 20:00,23 St-Baruch College (6),OMNY - Other,16,0
3/10/26 20:00,23 St-Baruch College (6),OMNY - Students,86,0
3/10/26 20:00,23 St-Baruch College (6),OMNY - Full Fare,"1,183",10
3/10/26 20:00,23 St-Baruch College (6),Metrocard - Other,4,0
3/10/26 19:00,23 St-Baruch College (6),OMNY - Other,18,0
3/10/26 19:00,23 St-Baruch College (6),OMNY - Seniors & Disability,60,4
3/10/26 19:00,23 St-Baruch College (6),Metrocard - Other,3,0
3/10/26 19:00,23 St-Baruch College (6),OMNY - Full Fare,"1,594",23
3/10/26 19:00,23 St-Baruch College (6),OMNY - Fair Fare,115,1
3/10/26 19:00,23 St-Baruch College (6),OMNY - Students,101,1
3/10/26 19:00,23 St-Baruch College (6),Metrocard - Unlimited 30-Day,3,0
3/10/26 18:00,23 St-Baruch College (6),Metrocard - Other,8,0
3/10/26 18:00,23 St-Baruch College (6),OMNY - Other,24,1
3/10/26 18:00,23 St-Baruch College (6),OMNY - Seniors & Disability,59,4
3/10/26 18:00,23 St-Baruch College (6),Metrocard - Unlimited 30-Day,1,0
3/10/26 18:00,23 St-Baruch College (6),OMNY - Full Fare,"1,852",36
3/10/26 18:00,23 St-Baruch College (6),OMNY - Students,112,4
3/10/26 18:00,23 St-Baruch College (6),OMNY - Fair Fare,77,0
3/10/26 17:00,23 St-Baruch College (6),Metrocard - Unlimited 7-Day,3,0
3/10/26 17:00,23 St-Baruch College (6),OMNY - Other,18,0
3/10/26 17:00,23 St-Baruch College (6),Metrocard - Unlimited 30-Day,2,0
3/10/26 17:00,23 St-Baruch College (6),Metrocard - Full Fare,1,0
3/10/26 17:00,23 St-Baruch College (6),OMNY - Seniors & Disability,132,9
3/10/26 17:00,23 St-Baruch College (6),OMNY - Full Fare,"2,616",45
3/10/26 17:00,23 St-Baruch College (6),OMNY - Students,200,4
3/10/26 17:00,23 St-Baruch College (6),OMNY - Fair Fare,154,0
3/10/26 17:00,23 St-Baruch College (6),Metrocard - Other,7,0
3/10/26 16:00,23 St-Baruch College (6),Metrocard - Other,10,0
3/10/26 16:00,23 St-Baruch College (6),OMNY - Fair Fare,125,4
3/10/26 16:00,23 St-Baruch College (6),Metrocard - Unlimited 30-Day,4,0
3/10/26 16:00,23 St-Baruch College (6),Metrocard - Unlimited 7-Day,4,0
3/10/26 16:00,23 St-Baruch College (6),OMNY - Full Fare,"1,966",45
3/10/26 16:00,23 St-Baruch College (6),OMNY - Other,23,0
3/10/26 16:00,23 St-Baruch College (6),OMNY - Seniors & Disability,111,10
3/10/26 16:00,23 St-Baruch College (6),OMNY - Students,193,1
3/10/26 16:00,23 St-Baruch College (6),Metrocard - Full Fare,1,0
3/10/26 15:00,23 St-Baruch College (6),Metrocard - Unlimited 30-Day,1,0
3/10/26 15:00,23 St-Baruch College (6),Metrocard - Seniors & Disability,1,0
3/10/26 15:00,23 St-Baruch College (6),OMNY - Other,24,1
3/10/26 15:00,23 St-Baruch College (6),Metrocard - Other,5,0
3/10/26 15:00,23 St-Baruch College (6),OMNY - Full Fare,"1,627",29
3/10/26 15:00,23 St-Baruch College (6),OMNY - Students,291,8
3/10/26 15:00,23 St-Baruch College (6),OMNY - Seniors & Disability,114,9
3/10/26 15:00,23 St-Baruch College (6),Metrocard - Full Fare,1,0
3/10/26 15:00,23 St-Baruch College (6),OMNY - Fair Fare,120,2
3/10/26 14:00,23 St-Baruch College (6),OMNY - Full Fare,"1,145",18
3/10/26 14:00,23 St-Baruch College (6),Metrocard - Unlimited 30-Day,3,0
3/10/26 14:00,23 St-Baruch College (6),OMNY - Seniors & Disability,95,10
3/10/26 14:00,23 St-Baruch College (6),OMNY - Other,13,0
3/10/26 14:00,23 St-Baruch College (6),Metrocard - Other,7,0
3/10/26 14:00,23 St-Baruch College (6),OMNY - Students,224,2
3/10/26 14:00,23 St-Baruch College (6),OMNY - Fair Fare,64,0
3/10/26 13:00,23 St-Baruch College (6),OMNY - Other,10,0
3/10/26 13:00,23 St-Baruch College (6),Metrocard - Other,7,0
3/10/26 13:00,23 St-Baruch College (6),OMNY - Fair Fare,39,0
3/10/26 13:00,23 St-Baruch College (6),Metrocard - Full Fare,1,0
3/10/26 13:00,23 St-Baruch College (6),OMNY - Seniors & Disability,88,12
3/10/26 13:00,23 St-Baruch College (6),Metrocard - Unlimited 30-Day,2,0
3/10/26 13:00,23 St-Baruch College (6),OMNY - Students,52,2
3/10/26 13:00,23 St-Baruch College (6),OMNY - Full Fare,734,14
3/10/26 12:00,23 St-Baruch College (6),OMNY - Other,11,0
3/10/26 12:00,23 St-Baruch College (6),OMNY - Students,80,0
3/10/26 12:00,23 St-Baruch College (6),OMNY - Fair Fare,79,2
3/10/26 12:00,23 St-Baruch College (6),OMNY - Full Fare,965,17
3/10/26 12:00,23 St-Baruch College (6),OMNY - Seniors & Disability,88,10
3/10/26 12:00,23 St-Baruch College (6),Metrocard - Other,6,0
3/10/26 12:00,23 St-Baruch College (6),Metrocard - Unlimited 30-Day,3,0
3/10/26 12:00,23 St-Baruch College (6),Metrocard - Unlimited 7-Day,2,0
3/10/26 11:00,23 St-Baruch College (6),OMNY - Students,53,1
3/10/26 11:00,23 St-Baruch College (6),OMNY - Full Fare,675,13
3/10/26 11:00,23 St-Baruch College (6),OMNY - Other,8,0
3/10/26 11:00,23 St-Baruch College (6),OMNY - Fair Fare,47,0
3/10/26 11:00,23 St-Baruch College (6),OMNY - Seniors & Disability,78,10
3/10/26 11:00,23 St-Baruch College (6),Metrocard - Other,2,0
3/10/26 11:00,23 St-Baruch College (6),Metrocard - Unlimited 7-Day,2,0
3/10/26 10:00,23 St-Baruch College (6),OMNY - Full Fare,703,28
3/10/26 10:00,23 St-Baruch College (6),OMNY - Seniors & Disability,61,10
3/10/26 10:00,23 St-Baruch College (6),OMNY - Other,5,0
3/10/26 10:00,23 St-Baruch College (6),Metrocard - Unlimited 30-Day,1,0
3/10/26 10:00,23 St-Baruch College (6),OMNY - Fair Fare,29,2
3/10/26 10:00,23 St-Baruch College (6),Metrocard - Other,2,0
3/10/26 10:00,23 St-Baruch College (6),Metrocard - Unlimited 7-Day,16,0
3/10/26 10:00,23 St-Baruch College (6),OMNY - Students,31,0
3/10/26 9:00,23 St-Baruch College (6),Metrocard - Seniors & Disability,2,0
3/10/26 9:00,23 St-Baruch College (6),OMNY - Other,9,0
3/10/26 9:00,23 St-Baruch College (6),OMNY - Students,20,3
3/10/26 9:00,23 St-Baruch College (6),OMNY - Seniors & Disability,61,14
3/10/26 9:00,23 St-Baruch College (6),OMNY - Fair Fare,16,2
3/10/26 9:00,23 St-Baruch College (6),OMNY - Full Fare,"1,138",123
3/10/26 9:00,23 St-Baruch College (6),Metrocard - Other,4,1
3/10/26 8:00,23 St-Baruch College (6),OMNY - Students,46,3
3/10/26 8:00,23 St-Baruch College (6),OMNY - Seniors & Disability,48,13
3/10/26 8:00,23 St-Baruch College (6),OMNY - Fair Fare,18,1
3/10/26 8:00,23 St-Baruch College (6),Metrocard - Other,3,0
3/10/26 8:00,23 St-Baruch College (6),OMNY - Other,4,0
3/10/26 8:00,23 St-Baruch College (6),OMNY - Full Fare,"1,560",123
3/10/26 7:00,23 St-Baruch College (6),OMNY - Students,86,5
3/10/26 7:00,23 St-Baruch College (6),OMNY - Seniors & Disability,25,7
3/10/26 7:00,23 St-Baruch College (6),Metrocard - Unlimited 7-Day,1,0
3/10/26 7:00,23 St-Baruch College (6),Metrocard - Other,8,0
3/10/26 7:00,23 St-Baruch College (6),OMNY - Fair Fare,7,0
3/10/26 7:00,23 St-Baruch College (6),OMNY - Full Fare,752,115
3/10/26 7:00,23 St-Baruch College (6),OMNY - Other,5,0
3/10/26 6:00,23 St-Baruch College (6),OMNY - Fair Fare,3,1
3/10/26 6:00,23 St-Baruch College (6),OMNY - Students,4,0
3/10/26 6:00,23 St-Baruch College (6),Metrocard - Unlimited 30-Day,2,0
3/10/26 6:00,23 St-Baruch College (6),OMNY - Full Fare,219,42
3/10/26 6:00,23 St-Baruch College (6),Metrocard - Other,2,0
3/10/26 6:00,23 St-Baruch College (6),OMNY - Seniors & Disability,8,1
3/10/26 6:00,23 St-Baruch College (6),OMNY - Other,4,0
3/10/26 5:00,23 St-Baruch College (6),OMNY - Other,1,0
3/10/26 5:00,23 St-Baruch College (6),OMNY - Full Fare,42,10
3/10/26 5:00,23 St-Baruch College (6),OMNY - Students,1,0
3/10/26 4:00,23 St-Baruch College (6),Metrocard - Other,2,0
3/10/26 4:00,23 St-Baruch College (6),OMNY - Full Fare,13,0
3/10/26 3:00,23 St-Baruch College (6),OMNY - Full Fare,9,0
3/10/26 3:00,23 St-Baruch College (6),OMNY - Fair Fare,1,0
3/10/26 3:00,23 St-Baruch College (6),OMNY - Other,1,0
3/10/26 3:00,23 St-Baruch College (6),Metrocard - Other,1,0
3/10/26 2:00,23 St-Baruch College (6),OMNY - Other,1,0
3/10/26 2:00,23 St-Baruch College (6),OMNY - Full Fare,11,0
3/10/26 2:00,23 St-Baruch College (6),OMNY - Fair Fare,2,0
3/10/26 1:00,23 St-Baruch College (6),OMNY - Other,4,0
3/10/26 1:00,23 St-Baruch College (6),OMNY - Full Fare,30,0
3/10/26 1:00,23 St-Baruch College (6),OMNY - Fair Fare,1,0
3/10/26 1:00,23 St-Baruch College (6),OMNY - Students,1,0
3/10/26 0:00,23 St-Baruch College (6),OMNY - Seniors & Disability,5,1
3/10/26 0:00,23 St-Baruch College (6),OMNY - Other,3,0
3/10/26 0:00,23 St-Baruch College (6),OMNY - Full Fare,128,4
3/10/26 0:00,23 St-Baruch College (6),OMNY - Students,10,0
3/10/26 0:00,23 St-Baruch College (6),OMNY - Fair Fare,12,0
3/9/26 23:00,23 St-Baruch College (6),OMNY - Students,9,0
3/9/26 23:00,23 St-Baruch College (6),OMNY - Full Fare,213,6
3/9/26 23:00,23 St-Baruch College (6),OMNY - Seniors & Disability,14,1
3/9/26 23:00,23 St-Baruch College (6),OMNY - Other,2,0
3/9/26 23:00,23 St-Baruch College (6),OMNY - Fair Fare,6,0
3/9/26 22:00,23 St-Baruch College (6),Metrocard - Other,3,0
3/9/26 22:00,23 St-Baruch College (6),OMNY - Seniors & Disability,11,0
3/9/26 22:00,23 St-Baruch College (6),OMNY - Other,4,0
3/9/26 22:00,23 St-Baruch College (6),OMNY - Students,14,0
3/9/26 22:00,23 St-Baruch College (6),Metrocard - Unlimited 30-Day,1,0
3/9/26 22:00,23 St-Baruch College (6),OMNY - Fair Fare,20,0
3/9/26 22:00,23 St-Baruch College (6),OMNY - Full Fare,312,3
3/9/26 22:00,23 St-Baruch College (6),Metrocard - Full Fare,1,0
3/9/26 21:00,23 St-Baruch College (6),Metrocard - Full Fare,1,0
3/9/26 21:00,23 St-Baruch College (6),Metrocard - Seniors & Disability,1,0
3/9/26 21:00,23 St-Baruch College (6),OMNY - Seniors & Disability,29,1
3/9/26 21:00,23 St-Baruch College (6),OMNY - Other,6,0
3/9/26 21:00,23 St-Baruch College (6),OMNY - Students,26,0
3/9/26 21:00,23 St-Baruch College (6),OMNY - Fair Fare,34,0
3/9/26 21:00,23 St-Baruch College (6),Metrocard - Other,2,0
3/9/26 21:00,23 St-Baruch College (6),OMNY - Full Fare,713,7
3/9/26 20:00,23 St-Baruch College (6),Metrocard - Other,10,0
3/9/26 20:00,23 St-Baruch College (6),Metrocard - Unlimited 30-Day,2,0
3/9/26 20:00,23 St-Baruch College (6),OMNY - Students,79,0
3/9/26 20:00,23 St-Baruch College (6),OMNY - Full Fare,"1,026",11
3/9/26 20:00,23 St-Baruch College (6),OMNY - Fair Fare,86,1
3/9/26 20:00,23 St-Baruch College (6),OMNY - Seniors & Disability,63,2
3/9/26 20:00,23 St-Baruch College (6),OMNY - Other,16,0
3/9/26 20:00,23 St-Baruch College (6),Metrocard - Unlimited 7-Day,1,0
3/9/26 20:00,23 St-Baruch College (6),Metrocard - Full Fare,1,0
3/9/26 19:00,23 St-Baruch College (6),Metrocard - Other,4,0
3/9/26 19:00,23 St-Baruch College (6),OMNY - Students,120,1
3/9/26 19:00,23 St-Baruch College (6),OMNY - Fair Fare,104,1
3/9/26 19:00,23 St-Baruch College (6),OMNY - Other,17,0
3/9/26 19:00,23 St-Baruch College (6),Metrocard - Unlimited 30-Day,1,0
3/9/26 19:00,23 St-Baruch College (6),OMNY - Seniors & Disability,49,6
3/9/26 19:00,23 St-Baruch College (6),OMNY - Full Fare,"1,445",22
3/9/26 19:00,23 St-Baruch College (6),Metrocard - Full Fare,1,0
3/9/26 18:00,23 St-Baruch College (6),Metrocard - Full Fare,2,0
3/9/26 18:00,23 St-Baruch College (6),OMNY - Other,10,0
3/9/26 18:00,23 St-Baruch College (6),OMNY - Fair Fare,55,1
3/9/26 18:00,23 St-Baruch College (6),OMNY - Full Fare,"1,491",22
3/9/26 18:00,23 St-Baruch College (6),OMNY - Students,95,0
3/9/26 18:00,23 St-Baruch College (6),Metrocard - Unlimited 30-Day,1,0
3/9/26 18:00,23 St-Baruch College (6),Metrocard - Other,10,1
3/9/26 18:00,23 St-Baruch College (6),OMNY - Seniors & Disability,56,5
3/9/26 17:00,23 St-Baruch College (6),Metrocard - Unlimited 30-Day,6,0
3/9/26 17:00,23 St-Baruch College (6),OMNY - Students,194,3
3/9/26 17:00,23 St-Baruch College (6),Metrocard - Other,2,0
3/9/26 17:00,23 St-Baruch College (6),OMNY - Other,22,0
3/9/26 17:00,23 St-Baruch College (6),OMNY - Fair Fare,126,6
3/9/26 17:00,23 St-Baruch College (6),OMNY - Seniors & Disability,113,7
3/9/26 17:00,23 St-Baruch College (6),Metrocard - Unlimited 7-Day,1,0
3/9/26 17:00,23 St-Baruch College (6),OMNY - Full Fare,"2,447",35
3/9/26 16:00,23 St-Baruch College (6),Metrocard - Unlimited 30-Day,4,0
3/9/26 16:00,23 St-Baruch College (6),OMNY - Students,233,2
3/9/26 16:00,23 St-Baruch College (6),OMNY - Seniors & Disability,111,8
3/9/26 16:00,23 St-Baruch College (6),OMNY - Fair Fare,144,4
3/9/26 16:00,23 St-Baruch College (6),Metrocard - Other,10,0
3/9/26 16:00,23 St-Baruch College (6),Metrocard - Unlimited 7-Day,4,0
3/9/26 16:00,23 St-Baruch College (6),OMNY - Other,19,0
3/9/26 16:00,23 St-Baruch College (6),OMNY - Full Fare,"1,907",29
3/9/26 15:00,23 St-Baruch College (6),OMNY - Seniors & Disability,139,11
3/9/26 15:00,23 St-Baruch College (6),Metrocard - Full Fare,1,0
3/9/26 15:00,23 St-Baruch College (6),Metrocard - Other,12,1
3/9/26 15:00,23 St-Baruch College (6),Metrocard - Seniors & Disability,1,0
3/9/26 15:00,23 St-Baruch College (6),Metrocard - Unlimited 30-Day,7,0
3/9/26 15:00,23 St-Baruch College (6),Metrocard - Unlimited 7-Day,1,0
3/9/26 15:00,23 St-Baruch College (6),OMNY - Full Fare,"1,608",23
3/9/26 15:00,23 St-Baruch College (6),OMNY - Other,26,0
3/9/26 15:00,23 St-Baruch College (6),OMNY - Fair Fare,111,0
3/9/26 15:00,23 St-Baruch College (6),OMNY - Students,305,3
3/9/26 14:00,23 St-Baruch College (6),OMNY - Students,258,1
3/9/26 14:00,23 St-Baruch College (6),OMNY - Fair Fare,121,1
3/9/26 14:00,23 St-Baruch College (6),OMNY - Other,21,0
3/9/26 14:00,23 St-Baruch College (6),Metrocard - Full Fare,1,1
3/9/26 14:00,23 St-Baruch College (6),Metrocard - Unlimited 7-Day,1,0
3/9/26 14:00,23 St-Baruch College (6),OMNY - Full Fare,"1,172",25
3/9/26 14:00,23 St-Baruch College (6),OMNY - Seniors & Disability,110,15
3/9/26 14:00,23 St-Baruch College (6),Metrocard - Other,12,0
3/9/26 14:00,23 St-Baruch College (6),Metrocard - Seniors & Disability,1,0
3/9/26 13:00,23 St-Baruch College (6),OMNY - Students,42,1
3/9/26 13:00,23 St-Baruch College (6),OMNY - Seniors & Disability,68,5
3/9/26 13:00,23 St-Baruch College (6),Metrocard - Unlimited 7-Day,2,0
3/9/26 13:00,23 St-Baruch College (6),Metrocard - Unlimited 30-Day,2,0
3/9/26 13:00,23 St-Baruch College (6),OMNY - Full Fare,726,15
3/9/26 13:00,23 St-Baruch College (6),Metrocard - Other,2,0
3/9/26 13:00,23 St-Baruch College (6),OMNY - Other,9,0
3/9/26 13:00,23 St-Baruch College (6),OMNY - Fair Fare,42,2
3/9/26 12:00,23 St-Baruch College (6),Metrocard - Full Fare,2,0
3/9/26 12:00,23 St-Baruch College (6),OMNY - Students,64,3
3/9/26 12:00,23 St-Baruch College (6),OMNY - Fair Fare,69,2
3/9/26 12:00,23 St-Baruch College (6),OMNY - Full Fare,788,18
3/9/26 12:00,23 St-Baruch College (6),Metrocard - Unlimited 7-Day,3,0
3/9/26 12:00,23 St-Baruch College (6),Metrocard - Unlimited 30-Day,1,0
3/9/26 12:00,23 St-Baruch College (6),Metrocard - Seniors & Disability,1,0
3/9/26 12:00,23 St-Baruch College (6),OMNY - Seniors & Disability,97,8
3/9/26 12:00,23 St-Baruch College (6),Metrocard - Other,3,0
3/9/26 12:00,23 St-Baruch College (6),OMNY - Other,19,0
3/9/26 11:00,23 St-Baruch College (6),OMNY - Fair Fare,36,1
3/9/26 11:00,23 St-Baruch College (6),Metrocard - Other,6,0
3/9/26 11:00,23 St-Baruch College (6),OMNY - Full Fare,613,14
3/9/26 11:00,23 St-Baruch College (6),OMNY - Seniors & Disability,72,8
3/9/26 11:00,23 St-Baruch College (6),OMNY - Other,8,0
3/9/26 11:00,23 St-Baruch College (6),OMNY - Students,34,0
3/9/26 10:00,23 St-Baruch College (6),OMNY - Seniors & Disability,63,8
3/9/26 10:00,23 St-Baruch College (6),OMNY - Full Fare,638,30
3/9/26 10:00,23 St-Baruch College (6),Metrocard - Unlimited 7-Day,37,0
3/9/26 10:00,23 St-Baruch College (6),OMNY - Other,4,0
3/9/26 10:00,23 St-Baruch College (6),OMNY - Fair Fare,35,2
3/9/26 10:00,23 St-Baruch College (6),OMNY - Students,26,0
3/9/26 10:00,23 St-Baruch College (6),Metrocard - Other,3,0
3/9/26 9:00,23 St-Baruch College (6),Metrocard - Unlimited 7-Day,12,0
3/9/26 9:00,23 St-Baruch College (6),OMNY - Full Fare,946,65
3/9/26 9:00,23 St-Baruch College (6),Metrocard - Other,2,0
3/9/26 9:00,23 St-Baruch College (6),OMNY - Seniors & Disability,59,12
3/9/26 9:00,23 St-Baruch College (6),OMNY - Other,8,0
3/9/26 9:00,23 St-Baruch College (6),OMNY - Students,18,0
3/9/26 9:00,23 St-Baruch College (6),OMNY - Fair Fare,21,3
3/9/26 8:00,23 St-Baruch College (6),OMNY - Students,46,4
3/9/26 8:00,23 St-Baruch College (6),OMNY - Other,6,0
3/9/26 8:00,23 St-Baruch College (6),Metrocard - Unlimited 7-Day,1,0
3/9/26 8:00,23 St-Baruch College (6),OMNY - Full Fare,"1,305",92
3/9/26 8:00,23 St-Baruch College (6),OMNY - Fair Fare,27,2
3/9/26 8:00,23 St-Baruch College (6),Metrocard - Other,2,0
3/9/26 8:00,23 St-Baruch College (6),OMNY - Seniors & Disability,45,9
3/9/26 7:00,23 St-Baruch College (6),OMNY - Seniors & Disability,22,7
3/9/26 7:00,23 St-Baruch College (6),OMNY - Full Fare,665,90
3/9/26 7:00,23 St-Baruch College (6),OMNY - Fair Fare,5,0
3/9/26 7:00,23 St-Baruch College (6),OMNY - Other,7,0
3/9/26 7:00,23 St-Baruch College (6),Metrocard - Other,5,0
3/9/26 7:00,23 St-Baruch College (6),OMNY - Students,71,2
3/9/26 6:00,23 St-Baruch College (6),OMNY - Seniors & Disability,13,2
3/9/26 6:00,23 St-Baruch College (6),Metrocard - Other,4,0
3/9/26 6:00,23 St-Baruch College (6),OMNY - Other,4,0
3/9/26 6:00,23 St-Baruch College (6),OMNY - Students,7,0
3/9/26 6:00,23 St-Baruch College (6),OMNY - Fair Fare,6,1
3/9/26 6:00,23 St-Baruch College (6),Metrocard - Unlimited 30-Day,1,0
3/9/26 6:00,23 St-Baruch College (6),OMNY - Full Fare,190,41
3/9/26 5:00,23 St-Baruch College (6),OMNY - Seniors & Disability,3,3
3/9/26 5:00,23 St-Baruch College (6),OMNY - Fair Fare,3,0
3/9/26 5:00,23 St-Baruch College (6),OMNY - Full Fare,49,15
3/9/26 5:00,23 St-Baruch College (6),OMNY - Other,1,0
3/9/26 5:00,23 St-Baruch College (6),OMNY - Students,1,0
3/9/26 4:00,23 St-Baruch College (6),Metrocard - Unlimited 30-Day,1,0
3/9/26 4:00,23 St-Baruch College (6),Metrocard - Other,2,0
3/9/26 4:00,23 St-Baruch College (6),OMNY - Full Fare,6,1
3/9/26 3:00,23 St-Baruch College (6),Metrocard - Other,2,0
3/9/26 3:00,23 St-Baruch College (6),OMNY - Full Fare,12,0
3/9/26 2:00,23 St-Baruch College (6),OMNY - Students,1,0
3/9/26 2:00,23 St-Baruch College (6),OMNY - Full Fare,15,1
3/9/26 1:00,23 St-Baruch College (6),OMNY - Full Fare,34,0
3/9/26 1:00,23 St-Baruch College (6),OMNY - Other,1,0
3/9/26 1:00,23 St-Baruch College (6),OMNY - Students,2,0
3/9/26 0:00,23 St-Baruch College (6),OMNY - Full Fare,89,0
3/9/26 0:00,23 St-Baruch College (6),OMNY - Fair Fare,6,0
3/9/26 0:00,23 St-Baruch College (6),OMNY - Seniors & Disability,2,0
3/9/26 0:00,23 St-Baruch College (6),OMNY - Other,1,0
3/9/26 0:00,23 St-Baruch College (6),OMNY - Students,2,0
3/9/26 0:00,23 St-Baruch College (6),Metrocard - Other,1,0
3/8/26 23:00,23 St-Baruch College (6),OMNY - Other,1,0
3/8/26 23:00,23 St-Baruch College (6),OMNY - Seniors & Disability,1,0
3/8/26 23:00,23 St-Baruch College (6),OMNY - Full Fare,169,3
3/8/26 23:00,23 St-Baruch College (6),OMNY - Fair Fare,14,0
3/8/26 23:00,23 St-Baruch College (6),OMNY - Students,8,0
3/8/26 22:00,23 St-Baruch College (6),OMNY - Seniors & Disability,6,0
3/8/26 22:00,23 St-Baruch College (6),OMNY - Fair Fare,18,0
3/8/26 22:00,23 St-Baruch College (6),OMNY - Students,8,0
3/8/26 22:00,23 St-Baruch College (6),OMNY - Full Fare,272,5
3/8/26 22:00,23 St-Baruch College (6),OMNY - Other,6,0
3/8/26 22:00,23 St-Baruch College (6),Metrocard - Other,2,0
3/8/26 21:00,23 St-Baruch College (6),OMNY - Fair Fare,10,1
3/8/26 21:00,23 St-Baruch College (6),OMNY - Students,7,0
3/8/26 21:00,23 St-Baruch College (6),OMNY - Full Fare,277,3
3/8/26 21:00,23 St-Baruch College (6),Metrocard - Other,1,0
3/8/26 21:00,23 St-Baruch College (6),OMNY - Seniors & Disability,11,0
3/8/26 21:00,23 St-Baruch College (6),OMNY - Other,3,0
3/8/26 20:00,23 St-Baruch College (6),OMNY - Seniors & Disability,17,1
3/8/26 20:00,23 St-Baruch College (6),OMNY - Students,13,0
3/8/26 20:00,23 St-Baruch College (6),OMNY - Other,2,0
3/8/26 20:00,23 St-Baruch College (6),Metrocard - Other,2,0
3/8/26 20:00,23 St-Baruch College (6),OMNY - Fair Fare,11,0
3/8/26 20:00,23 St-Baruch College (6),OMNY - Full Fare,363,3
3/8/26 19:00,23 St-Baruch College (6),Metrocard - Unlimited 7-Day,4,0
3/8/26 19:00,23 St-Baruch College (6),OMNY - Seniors & Disability,19,4
3/8/26 19:00,23 St-Baruch College (6),OMNY - Fair Fare,10,0
3/8/26 19:00,23 St-Baruch College (6),OMNY - Students,15,0
3/8/26 19:00,23 St-Baruch College (6),OMNY - Full Fare,445,14
3/8/26 18:00,23 St-Baruch College (6),Metrocard - Unlimited 30-Day,1,0
3/8/26 18:00,23 St-Baruch College (6),OMNY - Full Fare,539,11
3/8/26 18:00,23 St-Baruch College (6),OMNY - Students,13,1
3/8/26 18:00,23 St-Baruch College (6),Metrocard - Unlimited 7-Day,13,0
3/8/26 18:00,23 St-Baruch College (6),OMNY - Other,5,0
3/8/26 18:00,23 St-Baruch College (6),OMNY - Seniors & Disability,20,1
3/8/26 18:00,23 St-Baruch College (6),OMNY - Fair Fare,7,0
3/8/26 17:00,23 St-Baruch College (6),OMNY - Seniors & Disability,26,2
3/8/26 17:00,23 St-Baruch College (6),OMNY - Fair Fare,21,1
3/8/26 17:00,23 St-Baruch College (6),Metrocard - Other,2,0
3/8/26 17:00,23 St-Baruch College (6),OMNY - Full Fare,530,13
3/8/26 17:00,23 St-Baruch College (6),OMNY - Students,22,1
3/8/26 17:00,23 St-Baruch College (6),OMNY - Other,9,0
3/8/26 17:00,23 St-Baruch College (6),Metrocard - Unlimited 7-Day,1,0
3/8/26 16:00,23 St-Baruch College (6),OMNY - Students,22,0
3/8/26 16:00,23 St-Baruch College (6),OMNY - Fair Fare,23,0
3/8/26 16:00,23 St-Baruch College (6),OMNY - Full Fare,626,16
3/8/26 16:00,23 St-Baruch College (6),OMNY - Other,8,0
3/8/26 16:00,23 St-Baruch College (6),Metrocard - Other,2,0
3/8/26 16:00,23 St-Baruch College (6),OMNY - Seniors & Disability,29,2
3/8/26 16:00,23 St-Baruch College (6),Metrocard - Unlimited 7-Day,4,0
3/8/26 15:00,23 St-Baruch College (6),OMNY - Other,6,0
3/8/26 15:00,23 St-Baruch College (6),OMNY - Students,29,2
3/8/26 15:00,23 St-Baruch College (6),OMNY - Fair Fare,21,1
3/8/26 15:00,23 St-Baruch College (6),OMNY - Seniors & Disability,38,4
3/8/26 15:00,23 St-Baruch College (6),OMNY - Full Fare,618,19
3/8/26 15:00,23 St-Baruch College (6),Metrocard - Other,4,0
3/8/26 14:00,23 St-Baruch College (6),OMNY - Other,9,0
3/8/26 14:00,23 St-Baruch College (6),OMNY - Seniors & Disability,44,4
3/8/26 14:00,23 St-Baruch College (6),OMNY - Full Fare,631,19
3/8/26 14:00,23 St-Baruch College (6),OMNY - Fair Fare,16,1
3/8/26 14:00,23 St-Baruch College (6),OMNY - Students,18,1
3/8/26 14:00,23 St-Baruch College (6),Metrocard - Other,3,0
3/8/26 13:00,23 St-Baruch College (6),Metrocard - Unlimited 30-Day,1,0
3/8/26 13:00,23 St-Baruch College (6),OMNY - Fair Fare,18,0
3/8/26 13:00,23 St-Baruch College (6),OMNY - Students,29,1
3/8/26 13:00,23 St-Baruch College (6),OMNY - Full Fare,620,18
3/8/26 13:00,23 St-Baruch College (6),Metrocard - Other,3,0
3/8/26 13:00,23 St-Baruch College (6),OMNY - Seniors & Disability,23,3
3/8/26 13:00,23 St-Baruch College (6),OMNY - Other,8,0
3/8/26 12:00,23 St-Baruch College (6),Metrocard - Seniors & Disability,2,0
3/8/26 12:00,23 St-Baruch College (6),OMNY - Seniors & Disability,39,4
3/8/26 12:00,23 St-Baruch College (6),OMNY - Students,14,0
3/8/26 12:00,23 St-Baruch College (6),OMNY - Other,3,0
3/8/26 12:00,23 St-Baruch College (6),Metrocard - Other,3,0
3/8/26 12:00,23 St-Baruch College (6),OMNY - Full Fare,577,13
3/8/26 12:00,23 St-Baruch College (6),OMNY - Fair Fare,12,0
3/8/26 11:00,23 St-Baruch College (6),OMNY - Other,3,0
3/8/26 11:00,23 St-Baruch College (6),OMNY - Full Fare,424,10
3/8/26 11:00,23 St-Baruch College (6),OMNY - Seniors & Disability,21,7
3/8/26 11:00,23 St-Baruch College (6),OMNY - Fair Fare,5,0
3/8/26 11:00,23 St-Baruch College (6),OMNY - Students,8,1
3/8/26 10:00,23 St-Baruch College (6),OMNY - Other,3,0
3/8/26 10:00,23 St-Baruch College (6),OMNY - Seniors & Disability,8,3
3/8/26 10:00,23 St-Baruch College (6),OMNY - Students,7,0
3/8/26 10:00,23 St-Baruch College (6),OMNY - Full Fare,337,11
3/8/26 10:00,23 St-Baruch College (6),OMNY - Fair Fare,4,0
3/8/26 9:00,23 St-Baruch College (6),OMNY - Seniors & Disability,10,2
3/8/26 9:00,23 St-Baruch College (6),OMNY - Full Fare,170,10
3/8/26 9:00,23 St-Baruch College (6),OMNY - Students,2,1
3/8/26 9:00,23 St-Baruch College (6),OMNY - Fair Fare,2,0
3/8/26 9:00,23 St-Baruch College (6),Metrocard - Unlimited 7-Day,12,0
3/8/26 9:00,23 St-Baruch College (6),Metrocard - Other,1,0
3/8/26 8:00,23 St-Baruch College (6),OMNY - Fair Fare,3,0
3/8/26 8:00,23 St-Baruch College (6),OMNY - Students,5,1
3/8/26 8:00,23 St-Baruch College (6),Metrocard - Unlimited 30-Day,1,0
3/8/26 8:00,23 St-Baruch College (6),OMNY - Seniors & Disability,9,4
3/8/26 8:00,23 St-Baruch College (6),OMNY - Full Fare,105,4
3/8/26 8:00,23 St-Baruch College (6),OMNY - Other,4,0
3/8/26 7:00,23 St-Baruch College (6),OMNY - Seniors & Disability,8,1
3/8/26 7:00,23 St-Baruch College (6),OMNY - Other,5,0
3/8/26 7:00,23 St-Baruch College (6),OMNY - Students,2,0
3/8/26 7:00,23 St-Baruch College (6),Metrocard - Other,1,0
3/8/26 7:00,23 St-Baruch College (6),OMNY - Full Fare,68,4
3/8/26 7:00,23 St-Baruch College (6),OMNY - Fair Fare,2,0
3/8/26 6:00,23 St-Baruch College (6),OMNY - Students,1,0
3/8/26 6:00,23 St-Baruch College (6),OMNY - Other,2,0
3/8/26 6:00,23 St-Baruch College (6),Metrocard - Other,4,1
3/8/26 6:00,23 St-Baruch College (6),OMNY - Full Fare,39,1
3/8/26 6:00,23 St-Baruch College (6),OMNY - Seniors & Disability,2,0
3/8/26 6:00,23 St-Baruch College (6),OMNY - Fair Fare,3,0
3/8/26 5:00,23 St-Baruch College (6),OMNY - Seniors & Disability,1,0
3/8/26 5:00,23 St-Baruch College (6),OMNY - Other,1,0
3/8/26 5:00,23 St-Baruch College (6),OMNY - Students,1,0
3/8/26 5:00,23 St-Baruch College (6),OMNY - Full Fare,28,0
3/8/26 5:00,23 St-Baruch College (6),OMNY - Fair Fare,1,0
3/8/26 4:00,23 St-Baruch College (6),OMNY - Full Fare,57,1
3/8/26 4:00,23 St-Baruch College (6),OMNY - Fair Fare,1,0
3/8/26 4:00,23 St-Baruch College (6),OMNY - Other,1,0
3/8/26 4:00,23 St-Baruch College (6),Metrocard - Other,2,0
3/8/26 4:00,23 St-Baruch College (6),Metrocard - Unlimited 30-Day,1,0
3/8/26 3:00,23 St-Baruch College (6),OMNY - Fair Fare,3,0
3/8/26 3:00,23 St-Baruch College (6),OMNY - Other,1,0
3/8/26 3:00,23 St-Baruch College (6),OMNY - Full Fare,88,3
3/8/26 3:00,23 St-Baruch College (6),Metrocard - Other,2,0
3/8/26 1:00,23 St-Baruch College (6),OMNY - Students,3,0
3/8/26 1:00,23 St-Baruch College (6),OMNY - Full Fare,138,0
3/8/26 1:00,23 St-Baruch College (6),OMNY - Other,2,0
3/8/26 1:00,23 St-Baruch College (6),OMNY - Fair Fare,5,0
3/8/26 0:00,23 St-Baruch College (6),OMNY - Other,6,0
3/8/26 0:00,23 St-Baruch College (6),OMNY - Fair Fare,10,0
3/8/26 0:00,23 St-Baruch College (6),OMNY - Seniors & Disability,1,0
3/8/26 0:00,23 St-Baruch College (6),OMNY - Students,5,0
3/8/26 0:00,23 St-Baruch College (6),Metrocard - Other,1,0
3/8/26 0:00,23 St-Baruch College (6),OMNY - Full Fare,222,0
3/7/26 23:00,23 St-Baruch College (6),OMNY - Students,6,0
3/7/26 23:00,23 St-Baruch College (6),OMNY - Other,5,0
3/7/26 23:00,23 St-Baruch College (6),OMNY - Fair Fare,5,1
3/7/26 23:00,23 St-Baruch College (6),OMNY - Seniors & Disability,8,1
3/7/26 23:00,23 St-Baruch College (6),OMNY - Full Fare,382,11
3/7/26 22:00,23 St-Baruch College (6),Metrocard - Other,1,0
3/7/26 22:00,23 St-Baruch College (6),OMNY - Other,4,0
3/7/26 22:00,23 St-Baruch College (6),OMNY - Fair Fare,15,0
3/7/26 22:00,23 St-Baruch College (6),OMNY - Students,11,0
3/7/26 22:00,23 St-Baruch College (6),OMNY - Seniors & Disability,9,2
3/7/26 22:00,23 St-Baruch College (6),OMNY - Full Fare,431,5
3/7/26 21:00,23 St-Baruch College (6),OMNY - Students,13,1
3/7/26 21:00,23 St-Baruch College (6),OMNY - Fair Fare,15,0
3/7/26 21:00,23 St-Baruch College (6),Metrocard - Full Fare,1,0
3/7/26 21:00,23 St-Baruch College (6),Metrocard - Unlimited 30-Day,1,0
3/7/26 21:00,23 St-Baruch College (6),Metrocard - Other,1,0
3/7/26 21:00,23 St-Baruch College (6),OMNY - Full Fare,456,10
3/7/26 21:00,23 St-Baruch College (6),OMNY - Other,6,0
3/7/26 21:00,23 St-Baruch College (6),OMNY - Seniors & Disability,5,1
3/7/26 20:00,23 St-Baruch College (6),OMNY - Students,16,0
3/7/26 20:00,23 St-Baruch College (6),Metrocard - Unlimited 30-Day,1,0
3/7/26 20:00,23 St-Baruch College (6),OMNY - Seniors & Disability,27,5
3/7/26 20:00,23 St-Baruch College (6),OMNY - Full Fare,564,9
3/7/26 20:00,23 St-Baruch College (6),OMNY - Fair Fare,16,2
3/7/26 20:00,23 St-Baruch College (6),OMNY - Other,2,0
3/7/26 19:00,23 St-Baruch College (6),Metrocard - Other,1,0
3/7/26 19:00,23 St-Baruch College (6),OMNY - Students,18,0
3/7/26 19:00,23 St-Baruch College (6),OMNY - Other,13,0
3/7/26 19:00,23 St-Baruch College (6),OMNY - Seniors & Disability,25,1
3/7/26 19:00,23 St-Baruch College (6),OMNY - Fair Fare,14,0
3/7/26 19:00,23 St-Baruch College (6),OMNY - Full Fare,652,18
3/7/26 18:00,23 St-Baruch College (6),OMNY - Seniors & Disability,27,3
3/7/26 18:00,23 St-Baruch College (6),OMNY - Other,9,0
3/7/26 18:00,23 St-Baruch College (6),Metrocard - Other,2,0
3/7/26 18:00,23 St-Baruch College (6),OMNY - Full Fare,794,15
3/7/26 18:00,23 St-Baruch College (6),OMNY - Students,28,0
3/7/26 18:00,23 St-Baruch College (6),OMNY - Fair Fare,24,2
3/7/26 17:00,23 St-Baruch College (6),Metrocard - Unlimited 30-Day,2,0
3/7/26 17:00,23 St-Baruch College (6),OMNY - Other,18,0
3/7/26 17:00,23 St-Baruch College (6),OMNY - Seniors & Disability,33,2
3/7/26 17:00,23 St-Baruch College (6),OMNY - Full Fare,812,19
3/7/26 17:00,23 St-Baruch College (6),OMNY - Fair Fare,23,2
3/7/26 17:00,23 St-Baruch College (6),OMNY - Students,37,0
3/7/26 17:00,23 St-Baruch College (6),Metrocard - Other,3,0
3/7/26 16:00,23 St-Baruch College (6),OMNY - Students,42,0
3/7/26 16:00,23 St-Baruch College (6),OMNY - Full Fare,913,24
3/7/26 16:00,23 St-Baruch College (6),Metrocard - Unlimited 30-Day,1,0
3/7/26 16:00,23 St-Baruch College (6),Metrocard - Other,5,0
3/7/26 16:00,23 St-Baruch College (6),OMNY - Other,18,0
3/7/26 16:00,23 St-Baruch College (6),Metrocard - Full Fare,1,0
3/7/26 16:00,23 St-Baruch College (6),OMNY - Fair Fare,26,0
3/7/26 16:00,23 St-Baruch College (6),OMNY - Seniors & Disability,38,1
3/7/26 15:00,23 St-Baruch College (6),OMNY - Fair Fare,40,0
3/7/26 15:00,23 St-Baruch College (6),OMNY - Seniors & Disability,58,1
3/7/26 15:00,23 St-Baruch College (6),OMNY - Other,9,0
3/7/26 15:00,23 St-Baruch College (6),OMNY - Students,151,2
3/7/26 15:00,23 St-Baruch College (6),OMNY - Full Fare,996,28
3/7/26 15:00,23 St-Baruch College (6),Metrocard - Other,10,0
3/7/26 14:00,23 St-Baruch College (6),OMNY - Students,81,3
3/7/26 14:00,23 St-Baruch College (6),Metrocard - Other,5,0
3/7/26 14:00,23 St-Baruch College (6),OMNY - Seniors & Disability,39,3
3/7/26 14:00,23 St-Baruch College (6),OMNY - Fair Fare,43,2
3/7/26 14:00,23 St-Baruch College (6),OMNY - Other,10,0
3/7/26 14:00,23 St-Baruch College (6),OMNY - Full Fare,960,19
3/7/26 13:00,23 St-Baruch College (6),OMNY - Students,58,0
3/7/26 13:00,23 St-Baruch College (6),OMNY - Seniors & Disability,38,3
3/7/26 13:00,23 St-Baruch College (6),OMNY - Full Fare,848,18
3/7/26 13:00,23 St-Baruch College (6),Metrocard - Other,3,0
3/7/26 13:00,23 St-Baruch College (6),OMNY - Fair Fare,25,0
3/7/26 13:00,23 St-Baruch College (6),OMNY - Other,8,0
3/7/26 12:00,23 St-Baruch College (6),OMNY - Other,10,0
3/7/26 12:00,23 St-Baruch College (6),OMNY - Full Fare,807,20
3/7/26 12:00,23 St-Baruch College (6),OMNY - Seniors & Disability,33,3
3/7/26 12:00,23 St-Baruch College (6),OMNY - Students,39,1
3/7/26 12:00,23 St-Baruch College (6),OMNY - Fair Fare,27,1
3/7/26 12:00,23 St-Baruch College (6),Metrocard - Unlimited 30-Day,1,0
3/7/26 11:00,23 St-Baruch College (6),OMNY - Full Fare,683,22
3/7/26 11:00,23 St-Baruch College (6),OMNY - Other,3,0
3/7/26 11:00,23 St-Baruch College (6),OMNY - Fair Fare,21,0
3/7/26 11:00,23 St-Baruch College (6),OMNY - Seniors & Disability,28,3
3/7/26 11:00,23 St-Baruch College (6),Metrocard - Full Fare,1,0
3/7/26 11:00,23 St-Baruch College (6),OMNY - Students,29,0
3/7/26 10:00,23 St-Baruch College (6),OMNY - Students,19,0
3/7/26 10:00,23 St-Baruch College (6),Metrocard - Unlimited 30-Day,1,0
3/7/26 10:00,23 St-Baruch College (6),OMNY - Full Fare,428,10
3/7/26 10:00,23 St-Baruch College (6),OMNY - Other,1,0
3/7/26 10:00,23 St-Baruch College (6),OMNY - Fair Fare,6,0
3/7/26 10:00,23 St-Baruch College (6),OMNY - Seniors & Disability,28,5
3/7/26 9:00,23 St-Baruch College (6),OMNY - Seniors & Disability,16,1
3/7/26 9:00,23 St-Baruch College (6),OMNY - Fair Fare,2,0
3/7/26 9:00,23 St-Baruch College (6),OMNY - Other,10,0
3/7/26 9:00,23 St-Baruch College (6),OMNY - Full Fare,329,12
3/7/26 9:00,23 St-Baruch College (6),OMNY - Students,22,0
3/7/26 8:00,23 St-Baruch College (6),Metrocard - Other,2,0
3/7/26 8:00,23 St-Baruch College (6),Metrocard - Unlimited 30-Day,2,0
3/7/26 8:00,23 St-Baruch College (6),OMNY - Students,6,0
3/7/26 8:00,23 St-Baruch College (6),OMNY - Seniors & Disability,14,3
3/7/26 8:00,23 St-Baruch College (6),OMNY - Other,4,0
3/7/26 8:00,23 St-Baruch College (6),OMNY - Full Fare,181,4
3/7/26 8:00,23 St-Baruch College (6),OMNY - Fair Fare,5,0
3/7/26 7:00,23 St-Baruch College (6),OMNY - Other,2,0
3/7/26 7:00,23 St-Baruch College (6),OMNY - Full Fare,117,9
3/7/26 7:00,23 St-Baruch College (6),OMNY - Seniors & Disability,8,3
3/7/26 7:00,23 St-Baruch College (6),OMNY - Students,9,0
3/7/26 7:00,23 St-Baruch College (6),OMNY - Fair Fare,1,0
3/7/26 7:00,23 St-Baruch College (6),Metrocard - Other,2,0
3/7/26 6:00,23 St-Baruch College (6),Metrocard - Unlimited 30-Day,1,0
3/7/26 6:00,23 St-Baruch College (6),OMNY - Seniors & Disability,7,0
3/7/26 6:00,23 St-Baruch College (6),OMNY - Full Fare,55,1
3/7/26 6:00,23 St-Baruch College (6),OMNY - Fair Fare,2,1
3/7/26 6:00,23 St-Baruch College (6),OMNY - Students,1,0
3/7/26 6:00,23 St-Baruch College (6),OMNY - Other,3,0
3/7/26 5:00,23 St-Baruch College (6),OMNY - Fair Fare,1,0
3/7/26 5:00,23 St-Baruch College (6),OMNY - Other,2,0
3/7/26 5:00,23 St-Baruch College (6),OMNY - Full Fare,17,0
3/7/26 4:00,23 St-Baruch College (6),OMNY - Students,2,0
3/7/26 4:00,23 St-Baruch College (6),OMNY - Fair Fare,2,0
3/7/26 4:00,23 St-Baruch College (6),OMNY - Seniors & Disability,1,0
3/7/26 4:00,23 St-Baruch College (6),Metrocard - Other,1,0
3/7/26 4:00,23 St-Baruch College (6),OMNY - Full Fare,37,1
3/7/26 3:00,23 St-Baruch College (6),OMNY - Full Fare,30,0
3/7/26 3:00,23 St-Baruch College (6),Metrocard - Other,1,0
3/7/26 3:00,23 St-Baruch College (6),OMNY - Fair Fare,2,0
3/7/26 3:00,23 St-Baruch College (6),OMNY - Students,3,0
3/7/26 3:00,23 St-Baruch College (6),OMNY - Other,2,0
3/7/26 2:00,23 St-Baruch College (6),OMNY - Fair Fare,2,0
3/7/26 2:00,23 St-Baruch College (6),OMNY - Full Fare,52,1
3/7/26 1:00,23 St-Baruch College (6),OMNY - Full Fare,109,0
3/7/26 1:00,23 St-Baruch College (6),OMNY - Fair Fare,4,0
3/7/26 1:00,23 St-Baruch College (6),OMNY - Students,3,0
3/7/26 0:00,23 St-Baruch College (6),OMNY - Students,5,0
3/7/26 0:00,23 St-Baruch College (6),Metrocard - Other,1,0
3/7/26 0:00,23 St-Baruch College (6),Metrocard - Seniors & Disability,1,0
3/7/26 0:00,23 St-Baruch College (6),OMNY - Full Fare,252,2
3/7/26 0:00,23 St-Baruch College (6),OMNY - Fair Fare,11,1
3/7/26 0:00,23 St-Baruch College (6),OMNY - Seniors & Disability,3,0
3/7/26 0:00,23 St-Baruch College (6),OMNY - Other,4,0
3/6/26 23:00,23 St-Baruch College (6),OMNY - Students,17,1
3/6/26 23:00,23 St-Baruch College (6),OMNY - Full Fare,457,10
3/6/26 23:00,23 St-Baruch College (6),OMNY - Other,3,0
3/6/26 23:00,23 St-Baruch College (6),OMNY - Seniors & Disability,15,2
3/6/26 23:00,23 St-Baruch College (6),Metrocard - Full Fare,1,0
3/6/26 23:00,23 St-Baruch College (6),OMNY - Fair Fare,11,2
3/6/26 23:00,23 St-Baruch College (6),Metrocard - Other,1,0
3/6/26 22:00,23 St-Baruch College (6),OMNY - Fair Fare,30,1
3/6/26 22:00,23 St-Baruch College (6),OMNY - Seniors & Disability,18,0
3/6/26 22:00,23 St-Baruch College (6),Metrocard - Unlimited 7-Day,1,0
3/6/26 22:00,23 St-Baruch College (6),OMNY - Other,19,0
3/6/26 22:00,23 St-Baruch College (6),OMNY - Full Fare,569,7
3/6/26 22:00,23 St-Baruch College (6),Metrocard - Other,8,0
3/6/26 22:00,23 St-Baruch College (6),OMNY - Students,11,0
3/6/26 21:00,23 St-Baruch College (6),OMNY - Other,13,0
3/6/26 21:00,23 St-Baruch College (6),OMNY - Fair Fare,15,1
3/6/26 21:00,23 St-Baruch College (6),OMNY - Full Fare,521,8
3/6/26 21:00,23 St-Baruch College (6),OMNY - Seniors & Disability,23,1
3/6/26 21:00,23 St-Baruch College (6),Metrocard - Unlimited 30-Day,1,0
3/6/26 21:00,23 St-Baruch College (6),OMNY - Students,20,0
3/6/26 21:00,23 St-Baruch College (6),Metrocard - Other,2,0
3/6/26 21:00,23 St-Baruch College (6),Metrocard - Seniors & Disability,1,0
3/6/26 20:00,23 St-Baruch College (6),OMNY - Fair Fare,38,1
3/6/26 20:00,23 St-Baruch College (6),Metrocard - Other,5,0
3/6/26 20:00,23 St-Baruch College (6),OMNY - Full Fare,749,9
3/6/26 20:00,23 St-Baruch College (6),OMNY - Seniors & Disability,25,1
3/6/26 20:00,23 St-Baruch College (6),OMNY - Other,25,0
3/6/26 20:00,23 St-Baruch College (6),OMNY - Students,37,0
3/6/26 19:00,23 St-Baruch College (6),OMNY - Seniors & Disability,27,4
3/6/26 19:00,23 St-Baruch College (6),OMNY - Fair Fare,35,1
3/6/26 19:00,23 St-Baruch College (6),OMNY - Students,37,0
3/6/26 19:00,23 St-Baruch College (6),Metrocard - Other,3,0
3/6/26 19:00,23 St-Baruch College (6),OMNY - Other,15,0
3/6/26 19:00,23 St-Baruch College (6),OMNY - Full Fare,937,13
3/6/26 19:00,23 St-Baruch College (6),Metrocard - Unlimited 7-Day,1,0
3/6/26 18:00,23 St-Baruch College (6),Metrocard - Other,2,0
3/6/26 18:00,23 St-Baruch College (6),OMNY - Full Fare,"1,168",27
3/6/26 18:00,23 St-Baruch College (6),Metrocard - Unlimited 7-Day,1,0
3/6/26 18:00,23 St-Baruch College (6),OMNY - Seniors & Disability,56,5
3/6/26 18:00,23 St-Baruch College (6),OMNY - Fair Fare,45,1
3/6/26 18:00,23 St-Baruch College (6),OMNY - Students,59,0
3/6/26 18:00,23 St-Baruch College (6),Metrocard - Full Fare,1,0
3/6/26 18:00,23 St-Baruch College (6),OMNY - Other,21,0
3/6/26 17:00,23 St-Baruch College (6),Metrocard - Unlimited 30-Day,3,0
3/6/26 17:00,23 St-Baruch College (6),OMNY - Full Fare,"1,710",43
3/6/26 17:00,23 St-Baruch College (6),OMNY - Seniors & Disability,77,6
3/6/26 17:00,23 St-Baruch College (6),Metrocard - Other,5,0
3/6/26 17:00,23 St-Baruch College (6),OMNY - Other,14,0
3/6/26 17:00,23 St-Baruch College (6),Metrocard - Seniors & Disability,1,1
3/6/26 17:00,23 St-Baruch College (6),OMNY - Students,127,5
3/6/26 17:00,23 St-Baruch College (6),OMNY - Fair Fare,74,5
3/6/26 16:00,23 St-Baruch College (6),OMNY - Seniors & Disability,97,5
3/6/26 16:00,23 St-Baruch College (6),Metrocard - Unlimited 30-Day,2,0
3/6/26 16:00,23 St-Baruch College (6),Metrocard - Unlimited 7-Day,2,0
3/6/26 16:00,23 St-Baruch College (6),OMNY - Students,162,2
3/6/26 16:00,23 St-Baruch College (6),OMNY - Fair Fare,101,1
3/6/26 16:00,23 St-Baruch College (6),Metrocard - Other,9,0
3/6/26 16:00,23 St-Baruch College (6),OMNY - Other,21,0
3/6/26 16:00,23 St-Baruch College (6),OMNY - Full Fare,"1,592",33
3/6/26 15:00,23 St-Baruch College (6),OMNY - Other,30,0
3/6/26 15:00,23 St-Baruch College (6),OMNY - Full Fare,"1,493",24
3/6/26 15:00,23 St-Baruch College (6),Metrocard - Seniors & Disability,1,0
3/6/26 15:00,23 St-Baruch College (6),Metrocard - Other,8,0
3/6/26 15:00,23 St-Baruch College (6),Metrocard - Unlimited 30-Day,2,0
3/6/26 15:00,23 St-Baruch College (6),Metrocard - Unlimited 7-Day,1,0
3/6/26 15:00,23 St-Baruch College (6),OMNY - Seniors & Disability,121,10
3/6/26 15:00,23 St-Baruch College (6),OMNY - Students,241,3
3/6/26 15:00,23 St-Baruch College (6),OMNY - Fair Fare,67,2
3/6/26 14:00,23 St-Baruch College (6),OMNY - Seniors & Disability,109,7
3/6/26 14:00,23 St-Baruch College (6),Metrocard - Full Fare,1,1
3/6/26 14:00,23 St-Baruch College (6),OMNY - Full Fare,"1,154",21
3/6/26 14:00,23 St-Baruch College (6),Metrocard - Other,6,0
3/6/26 14:00,23 St-Baruch College (6),OMNY - Students,330,1
3/6/26 14:00,23 St-Baruch College (6),Metrocard - Unlimited 30-Day,4,0
3/6/26 14:00,23 St-Baruch College (6),OMNY - Fair Fare,83,0
3/6/26 14:00,23 St-Baruch College (6),OMNY - Other,15,0
3/6/26 14:00,23 St-Baruch College (6),Metrocard - Unlimited 7-Day,1,0
3/6/26 13:00,23 St-Baruch College (6),OMNY - Fair Fare,68,2
3/6/26 13:00,23 St-Baruch College (6),OMNY - Students,52,1
3/6/26 13:00,23 St-Baruch College (6),OMNY - Full Fare,847,20
3/6/26 13:00,23 St-Baruch College (6),OMNY - Other,10,1
3/6/26 13:00,23 St-Baruch College (6),Metrocard - Full Fare,1,0
3/6/26 13:00,23 St-Baruch College (6),Metrocard - Unlimited 30-Day,3,0
3/6/26 13:00,23 St-Baruch College (6),OMNY - Seniors & Disability,81,9
3/6/26 13:00,23 St-Baruch College (6),Metrocard - Other,6,0
3/6/26 12:00,23 St-Baruch College (6),OMNY - Full Fare,883,14
3/6/26 12:00,23 St-Baruch College (6),Metrocard - Other,3,0
3/6/26 12:00,23 St-Baruch College (6),OMNY - Fair Fare,65,0
3/6/26 12:00,23 St-Baruch College (6),OMNY - Seniors & Disability,84,12
3/6/26 12:00,23 St-Baruch College (6),Metrocard - Seniors & Disability,2,0
3/6/26 12:00,23 St-Baruch College (6),OMNY - Other,14,0
3/6/26 12:00,23 St-Baruch College (6),Metrocard - Unlimited 30-Day,1,0
3/6/26 12:00,23 St-Baruch College (6),OMNY - Students,53,1
3/6/26 11:00,23 St-Baruch College (6),Metrocard - Unlimited 30-Day,1,0
3/6/26 11:00,23 St-Baruch College (6),OMNY - Full Fare,716,20
3/6/26 11:00,23 St-Baruch College (6),OMNY - Seniors & Disability,68,8
3/6/26 11:00,23 St-Baruch College (6),OMNY - Students,38,0
3/6/26 11:00,23 St-Baruch College (6),OMNY - Other,5,0
3/6/26 11:00,23 St-Baruch College (6),Metrocard - Other,4,0
3/6/26 11:00,23 St-Baruch College (6),OMNY - Fair Fare,37,2
3/6/26 10:00,23 St-Baruch College (6),OMNY - Full Fare,578,13
3/6/26 10:00,23 St-Baruch College (6),OMNY - Students,20,0
3/6/26 10:00,23 St-Baruch College (6),OMNY - Seniors & Disability,66,9
3/6/26 10:00,23 St-Baruch College (6),OMNY - Fair Fare,22,0
3/6/26 10:00,23 St-Baruch College (6),Metrocard - Unlimited 7-Day,1,0
3/6/26 10:00,23 St-Baruch College (6),Metrocard - Other,3,0
3/6/26 10:00,23 St-Baruch College (6),OMNY - Other,6,0
3/6/26 10:00,23 St-Baruch College (6),Metrocard - Full Fare,1,1
3/6/26 9:00,23 St-Baruch College (6),OMNY - Other,8,0
3/6/26 9:00,23 St-Baruch College (6),OMNY - Full Fare,766,47
3/6/26 9:00,23 St-Baruch College (6),OMNY - Students,14,1
3/6/26 9:00,23 St-Baruch College (6),OMNY - Fair Fare,12,1
3/6/26 9:00,23 St-Baruch College (6),Metrocard - Other,1,0
3/6/26 9:00,23 St-Baruch College (6),OMNY - Seniors & Disability,49,7
3/6/26 8:00,23 St-Baruch College (6),OMNY - Seniors & Disability,43,9
3/6/26 8:00,23 St-Baruch College (6),Metrocard - Unlimited 30-Day,1,0
3/6/26 8:00,23 St-Baruch College (6),OMNY - Fair Fare,18,1
3/6/26 8:00,23 St-Baruch College (6),OMNY - Students,39,5
3/6/26 8:00,23 St-Baruch College (6),OMNY - Full Fare,954,59
3/6/26 8:00,23 St-Baruch College (6),OMNY - Other,4,0
3/6/26 8:00,23 St-Baruch College (6),Metrocard - Other,4,0
3/6/26 7:00,23 St-Baruch College (6),Metrocard - Unlimited 30-Day,1,0
3/6/26 7:00,23 St-Baruch College (6),Metrocard - Other,1,0
3/6/26 7:00,23 St-Baruch College (6),OMNY - Seniors & Disability,18,3
3/6/26 7:00,23 St-Baruch College (6),OMNY - Other,6,0
3/6/26 7:00,23 St-Baruch College (6),OMNY - Students,61,1
3/6/26 7:00,23 St-Baruch College (6),Metrocard - Seniors & Disability,1,0
3/6/26 7:00,23 St-Baruch College (6),OMNY - Fair Fare,5,0
3/6/26 7:00,23 St-Baruch College (6),OMNY - Full Fare,496,100
3/6/26 6:00,23 St-Baruch College (6),Metrocard - Unlimited 30-Day,2,0
3/6/26 6:00,23 St-Baruch College (6),OMNY - Seniors & Disability,15,3
3/6/26 6:00,23 St-Baruch College (6),OMNY - Full Fare,190,46
3/6/26 6:00,23 St-Baruch College (6),OMNY - Fair Fare,3,1
3/6/26 6:00,23 St-Baruch College (6),Metrocard - Other,1,0
3/6/26 6:00,23 St-Baruch College (6),OMNY - Students,6,0
3/6/26 6:00,23 St-Baruch College (6),OMNY - Other,1,0
3/6/26 5:00,23 St-Baruch College (6),OMNY - Other,1,0
3/6/26 5:00,23 St-Baruch College (6),OMNY - Students,2,0
3/6/26 5:00,23 St-Baruch College (6),OMNY - Seniors & Disability,3,1
3/6/26 5:00,23 St-Baruch College (6),Metrocard - Unlimited 30-Day,1,0
3/6/26 5:00,23 St-Baruch College (6),OMNY - Fair Fare,5,1
3/6/26 5:00,23 St-Baruch College (6),OMNY - Full Fare,52,20
3/6/26 4:00,23 St-Baruch College (6),OMNY - Students,2,0
3/6/26 4:00,23 St-Baruch College (6),OMNY - Full Fare,22,0
3/6/26 4:00,23 St-Baruch College (6),Metrocard - Other,2,0
3/6/26 4:00,23 St-Baruch College (6),OMNY - Other,6,0
3/6/26 4:00,23 St-Baruch College (6),OMNY - Seniors & Disability,1,0
3/6/26 3:00,23 St-Baruch College (6),Metrocard - Other,2,0
3/6/26 3:00,23 St-Baruch College (6),OMNY - Fair Fare,1,0
3/6/26 3:00,23 St-Baruch College (6),OMNY - Seniors & Disability,1,0
3/6/26 3:00,23 St-Baruch College (6),OMNY - Full Fare,16,0
3/6/26 3:00,23 St-Baruch College (6),OMNY - Other,2,0
3/6/26 3:00,23 St-Baruch College (6),OMNY - Students,2,0
3/6/26 2:00,23 St-Baruch College (6),OMNY - Other,3,0
3/6/26 2:00,23 St-Baruch College (6),OMNY - Fair Fare,1,0
3/6/26 2:00,23 St-Baruch College (6),OMNY - Full Fare,33,0
3/6/26 1:00,23 St-Baruch College (6),OMNY - Seniors & Disability,1,1
3/6/26 1:00,23 St-Baruch College (6),OMNY - Fair Fare,3,0
3/6/26 1:00,23 St-Baruch College (6),OMNY - Students,1,0
3/6/26 1:00,23 St-Baruch College (6),OMNY - Full Fare,53,0
3/6/26 1:00,23 St-Baruch College (6),OMNY - Other,3,0
3/6/26 0:00,23 St-Baruch College (6),OMNY - Seniors & Disability,6,0
3/6/26 0:00,23 St-Baruch College (6),OMNY - Full Fare,146,0
3/6/26 0:00,23 St-Baruch College (6),OMNY - Fair Fare,9,0
3/6/26 0:00,23 St-Baruch College (6),Metrocard - Seniors & Disability,1,0
3/6/26 0:00,23 St-Baruch College (6),Metrocard - Other,1,0
3/6/26 0:00,23 St-Baruch College (6),OMNY - Students,6,0
3/5/26 23:00,23 St-Baruch College (6),Metrocard - Full Fare,1,0
3/5/26 23:00,23 St-Baruch College (6),OMNY - Seniors & Disability,14,2
3/5/26 23:00,23 St-Baruch College (6),Metrocard - Other,3,0
3/5/26 23:00,23 St-Baruch College (6),OMNY - Fair Fare,16,0
3/5/26 23:00,23 St-Baruch College (6),OMNY - Other,4,0
3/5/26 23:00,23 St-Baruch College (6),OMNY - Students,11,0
3/5/26 23:00,23 St-Baruch College (6),OMNY - Full Fare,342,5
3/5/26 22:00,23 St-Baruch College (6),OMNY - Seniors & Disability,24,0
3/5/26 22:00,23 St-Baruch College (6),OMNY - Fair Fare,38,0
3/5/26 22:00,23 St-Baruch College (6),OMNY - Other,10,0
3/5/26 22:00,23 St-Baruch College (6),Metrocard - Other,3,0
3/5/26 22:00,23 St-Baruch College (6),OMNY - Full Fare,511,16
3/5/26 22:00,23 St-Baruch College (6),OMNY - Students,18,0
3/5/26 21:00,23 St-Baruch College (6),Metrocard - Other,4,0
3/5/26 21:00,23 St-Baruch College (6),OMNY - Students,31,0
3/5/26 21:00,23 St-Baruch College (6),OMNY - Fair Fare,44,0
3/5/26 21:00,23 St-Baruch College (6),OMNY - Full Fare,823,8
3/5/26 21:00,23 St-Baruch College (6),OMNY - Seniors & Disability,50,1
3/5/26 21:00,23 St-Baruch College (6),OMNY - Other,8,0
3/5/26 20:00,23 St-Baruch College (6),Metrocard - Unlimited 30-Day,2,0
3/5/26 20:00,23 St-Baruch College (6),OMNY - Students,57,0
3/5/26 20:00,23 St-Baruch College (6),OMNY - Full Fare,"1,203",11
3/5/26 20:00,23 St-Baruch College (6),OMNY - Seniors & Disability,39,4
3/5/26 20:00,23 St-Baruch College (6),OMNY - Fair Fare,81,0
3/5/26 20:00,23 St-Baruch College (6),OMNY - Other,9,0
3/5/26 20:00,23 St-Baruch College (6),Metrocard - Other,7,0
3/5/26 19:00,23 St-Baruch College (6),OMNY - Full Fare,"1,723",21
3/5/26 19:00,23 St-Baruch College (6),OMNY - Fair Fare,107,1
3/5/26 19:00,23 St-Baruch College (6),OMNY - Other,16,0
3/5/26 19:00,23 St-Baruch College (6),Metrocard - Unlimited 30-Day,2,0
3/5/26 19:00,23 St-Baruch College (6),OMNY - Seniors & Disability,49,6
3/5/26 19:00,23 St-Baruch College (6),Metrocard - Other,6,0
3/5/26 19:00,23 St-Baruch College (6),OMNY - Students,112,1
3/5/26 18:00,23 St-Baruch College (6),Metrocard - Unlimited 30-Day,4,0
3/5/26 18:00,23 St-Baruch College (6),OMNY - Fair Fare,75,1
3/5/26 18:00,23 St-Baruch College (6),OMNY - Seniors & Disability,72,2
3/5/26 18:00,23 St-Baruch College (6),Metrocard - Seniors & Disability,1,0
3/5/26 18:00,23 St-Baruch College (6),OMNY - Full Fare,"1,937",36
3/5/26 18:00,23 St-Baruch College (6),Metrocard - Other,8,0
3/5/26 18:00,23 St-Baruch College (6),OMNY - Students,135,6
3/5/26 18:00,23 St-Baruch College (6),OMNY - Other,17,0
3/5/26 17:00,23 St-Baruch College (6),Metrocard - Unlimited 7-Day,1,0
3/5/26 17:00,23 St-Baruch College (6),OMNY - Full Fare,"2,829",43
3/5/26 17:00,23 St-Baruch College (6),Metrocard - Full Fare,1,0
3/5/26 17:00,23 St-Baruch College (6),OMNY - Seniors & Disability,123,7
3/5/26 17:00,23 St-Baruch College (6),Metrocard - Unlimited 30-Day,5,0
3/5/26 17:00,23 St-Baruch College (6),Metrocard - Other,8,0
3/5/26 17:00,23 St-Baruch College (6),OMNY - Students,197,1
3/5/26 17:00,23 St-Baruch College (6),OMNY - Fair Fare,145,2
3/5/26 17:00,23 St-Baruch College (6),OMNY - Other,19,0
3/5/26 16:00,23 St-Baruch College (6),Metrocard - Unlimited 7-Day,2,0
3/5/26 16:00,23 St-Baruch College (6),Metrocard - Unlimited 30-Day,2,0
3/5/26 16:00,23 St-Baruch College (6),OMNY - Other,31,0
3/5/26 16:00,23 St-Baruch College (6),Metrocard - Other,10,0
3/5/26 16:00,23 St-Baruch College (6),OMNY - Students,203,5
3/5/26 16:00,23 St-Baruch College (6),OMNY - Full Fare,"2,069",50
3/5/26 16:00,23 St-Baruch College (6),Metrocard - Full Fare,2,0
3/5/26 16:00,23 St-Baruch College (6),OMNY - Seniors & Disability,119,12
3/5/26 16:00,23 St-Baruch College (6),OMNY - Fair Fare,144,5
3/5/26 15:00,23 St-Baruch College (6),OMNY - Full Fare,"1,750",24
3/5/26 15:00,23 St-Baruch College (6),OMNY - Other,24,0
3/5/26 15:00,23 St-Baruch College (6),OMNY - Seniors & Disability,106,12
3/5/26 15:00,23 St-Baruch College (6),Metrocard - Seniors & Disability,2,1
3/5/26 15:00,23 St-Baruch College (6),Metrocard - Other,13,1
3/5/26 15:00,23 St-Baruch College (6),OMNY - Students,390,8
3/5/26 15:00,23 St-Baruch College (6),Metrocard - Unlimited 7-Day,1,0
3/5/26 15:00,23 St-Baruch College (6),OMNY - Fair Fare,121,3
3/5/26 15:00,23 St-Baruch College (6),Metrocard - Unlimited 30-Day,3,0
3/5/26 15:00,23 St-Baruch College (6),Metrocard - Full Fare,1,0
3/5/26 14:00,23 St-Baruch College (6),OMNY - Full Fare,"1,091",36
3/5/26 14:00,23 St-Baruch College (6),OMNY - Other,16,0
3/5/26 14:00,23 St-Baruch College (6),Metrocard - Other,8,0
3/5/26 14:00,23 St-Baruch College (6),OMNY - Students,174,1
3/5/26 14:00,23 St-Baruch College (6),OMNY - Seniors & Disability,86,8
3/5/26 14:00,23 St-Baruch College (6),Metrocard - Unlimited 30-Day,4,0
3/5/26 14:00,23 St-Baruch College (6),OMNY - Fair Fare,69,2
3/5/26 13:00,23 St-Baruch College (6),OMNY - Fair Fare,36,2
3/5/26 13:00,23 St-Baruch College (6),OMNY - Full Fare,764,17
3/5/26 13:00,23 St-Baruch College (6),OMNY - Students,43,0
3/5/26 13:00,23 St-Baruch College (6),OMNY - Other,7,0
3/5/26 13:00,23 St-Baruch College (6),Metrocard - Unlimited 7-Day,1,0
3/5/26 13:00,23 St-Baruch College (6),Metrocard - Other,3,0
3/5/26 13:00,23 St-Baruch College (6),Metrocard - Unlimited 30-Day,1,0
3/5/26 13:00,23 St-Baruch College (6),OMNY - Seniors & Disability,88,16
3/5/26 12:00,23 St-Baruch College (6),OMNY - Full Fare,975,13
3/5/26 12:00,23 St-Baruch College (6),OMNY - Other,12,0
3/5/26 12:00,23 St-Baruch College (6),OMNY - Students,97,0
3/5/26 12:00,23 St-Baruch College (6),Metrocard - Other,8,0
3/5/26 12:00,23 St-Baruch College (6),Metrocard - Unlimited 30-Day,4,0
3/5/26 12:00,23 St-Baruch College (6),OMNY - Seniors & Disability,92,7
3/5/26 12:00,23 St-Baruch College (6),OMNY - Fair Fare,83,4
3/5/26 11:00,23 St-Baruch College (6),OMNY - Fair Fare,62,3
3/5/26 11:00,23 St-Baruch College (6),OMNY - Students,58,1
3/5/26 11:00,23 St-Baruch College (6),Metrocard - Other,5,0
3/5/26 11:00,23 St-Baruch College (6),OMNY - Seniors & Disability,93,11
3/5/26 11:00,23 St-Baruch College (6),Metrocard - Seniors & Disability,1,0
3/5/26 11:00,23 St-Baruch College (6),OMNY - Other,11,0
3/5/26 11:00,23 St-Baruch College (6),OMNY - Full Fare,837,21
3/5/26 10:00,23 St-Baruch College (6),OMNY - Full Fare,805,37
3/5/26 10:00,23 St-Baruch College (6),OMNY - Other,9,0
3/5/26 10:00,23 St-Baruch College (6),Metrocard - Other,5,1
3/5/26 10:00,23 St-Baruch College (6),OMNY - Seniors & Disability,73,9
3/5/26 10:00,23 St-Baruch College (6),OMNY - Fair Fare,37,0
3/5/26 10:00,23 St-Baruch College (6),OMNY - Students,33,1
3/5/26 9:00,23 St-Baruch College (6),OMNY - Full Fare,"1,076",97
3/5/26 9:00,23 St-Baruch College (6),OMNY - Other,9,0
3/5/26 9:00,23 St-Baruch College (6),OMNY - Fair Fare,13,0
3/5/26 9:00,23 St-Baruch College (6),Metrocard - Other,2,0
3/5/26 9:00,23 St-Baruch College (6),OMNY - Students,25,0
3/5/26 9:00,23 St-Baruch College (6),Metrocard - Unlimited 7-Day,1,0
3/5/26 9:00,23 St-Baruch College (6),OMNY - Seniors & Disability,46,9
3/5/26 8:00,23 St-Baruch College (6),OMNY - Full Fare,"1,708",125
3/5/26 8:00,23 St-Baruch College (6),OMNY - Seniors & Disability,32,8
3/5/26 8:00,23 St-Baruch College (6),Metrocard - Unlimited 30-Day,1,0
3/5/26 8:00,23 St-Baruch College (6),Metrocard - Other,2,0
3/5/26 8:00,23 St-Baruch College (6),OMNY - Other,7,0
3/5/26 8:00,23 St-Baruch College (6),OMNY - Students,57,3
3/5/26 8:00,23 St-Baruch College (6),OMNY - Fair Fare,23,2
3/5/26 7:00,23 St-Baruch College (6),OMNY - Other,8,0
3/5/26 7:00,23 St-Baruch College (6),Metrocard - Other,6,0
3/5/26 7:00,23 St-Baruch College (6),OMNY - Fair Fare,12,2
3/5/26 7:00,23 St-Baruch College (6),OMNY - Full Fare,730,127
3/5/26 7:00,23 St-Baruch College (6),OMNY - Seniors & Disability,32,8
3/5/26 7:00,23 St-Baruch College (6),OMNY - Students,75,3
3/5/26 6:00,23 St-Baruch College (6),Metrocard - Other,2,0
3/5/26 6:00,23 St-Baruch College (6),OMNY - Seniors & Disability,13,6
3/5/26 6:00,23 St-Baruch College (6),OMNY - Students,7,0
3/5/26 6:00,23 St-Baruch College (6),OMNY - Other,5,0
3/5/26 6:00,23 St-Baruch College (6),OMNY - Fair Fare,2,0
3/5/26 6:00,23 St-Baruch College (6),OMNY - Full Fare,229,47
3/5/26 5:00,23 St-Baruch College (6),OMNY - Seniors & Disability,1,1
3/5/26 5:00,23 St-Baruch College (6),Metrocard - Unlimited 30-Day,1,0
3/5/26 5:00,23 St-Baruch College (6),OMNY - Fair Fare,3,1
3/5/26 5:00,23 St-Baruch College (6),OMNY - Full Fare,53,18
3/5/26 5:00,23 St-Baruch College (6),Metrocard - Other,1,0
3/5/26 4:00,23 St-Baruch College (6),OMNY - Other,5,0
3/5/26 4:00,23 St-Baruch College (6),OMNY - Full Fare,15,0
3/5/26 3:00,23 St-Baruch College (6),OMNY - Full Fare,12,0
3/5/26 3:00,23 St-Baruch College (6),Metrocard - Other,2,0
3/5/26 2:00,23 St-Baruch College (6),OMNY - Full Fare,17,0
3/5/26 2:00,23 St-Baruch College (6),OMNY - Fair Fare,1,0
3/5/26 2:00,23 St-Baruch College (6),OMNY - Other,2,0
3/5/26 1:00,23 St-Baruch College (6),OMNY - Full Fare,32,1
3/5/26 1:00,23 St-Baruch College (6),OMNY - Students,2,0
3/5/26 1:00,23 St-Baruch College (6),OMNY - Fair Fare,2,0
3/5/26 1:00,23 St-Baruch College (6),OMNY - Other,2,0
3/5/26 0:00,23 St-Baruch College (6),OMNY - Fair Fare,11,0
3/5/26 0:00,23 St-Baruch College (6),OMNY - Students,3,0
3/5/26 0:00,23 St-Baruch College (6),OMNY - Full Fare,144,3
3/5/26 0:00,23 St-Baruch College (6),Metrocard - Seniors & Disability,1,0
3/5/26 0:00,23 St-Baruch College (6),OMNY - Other,2,0
3/5/26 0:00,23 St-Baruch College (6),OMNY - Seniors & Disability,6,0
3/4/26 23:00,23 St-Baruch College (6),Metrocard - Full Fare,1,0
3/4/26 23:00,23 St-Baruch College (6),OMNY - Fair Fare,14,0
3/4/26 23:00,23 St-Baruch College (6),OMNY - Full Fare,346,4
3/4/26 23:00,23 St-Baruch College (6),OMNY - Other,7,0
3/4/26 23:00,23 St-Baruch College (6),OMNY - Students,17,0
3/4/26 23:00,23 St-Baruch College (6),OMNY - Seniors & Disability,13,1
3/4/26 22:00,23 St-Baruch College (6),OMNY - Other,8,0
3/4/26 22:00,23 St-Baruch College (6),Metrocard - Other,1,0
3/4/26 22:00,23 St-Baruch College (6),OMNY - Students,20,0
3/4/26 22:00,23 St-Baruch College (6),OMNY - Seniors & Disability,24,0
3/4/26 22:00,23 St-Baruch College (6),OMNY - Fair Fare,22,0
3/4/26 22:00,23 St-Baruch College (6),OMNY - Full Fare,437,9
3/4/26 21:00,23 St-Baruch College (6),OMNY - Students,21,0
3/4/26 21:00,23 St-Baruch College (6),OMNY - Fair Fare,36,0
3/4/26 21:00,23 St-Baruch College (6),OMNY - Full Fare,766,10
3/4/26 21:00,23 St-Baruch College (6),Metrocard - Other,4,0
3/4/26 21:00,23 St-Baruch College (6),OMNY - Seniors & Disability,29,0
3/4/26 21:00,23 St-Baruch College (6),OMNY - Other,12,0
3/4/26 20:00,23 St-Baruch College (6),Metrocard - Other,6,0
3/4/26 20:00,23 St-Baruch College (6),OMNY - Students,66,0
3/4/26 20:00,23 St-Baruch College (6),OMNY - Full Fare,"1,201",16
3/4/26 20:00,23 St-Baruch College (6),Metrocard - Full Fare,1,0
3/4/26 20:00,23 St-Baruch College (6),OMNY - Other,9,0
3/4/26 20:00,23 St-Baruch College (6),OMNY - Fair Fare,100,0
3/4/26 20:00,23 St-Baruch College (6),Metrocard - Unlimited 30-Day,3,0
3/4/26 20:00,23 St-Baruch College (6),OMNY - Seniors & Disability,35,2
3/4/26 19:00,23 St-Baruch College (6),OMNY - Seniors & Disability,62,3
3/4/26 19:00,23 St-Baruch College (6),Metrocard - Other,9,0
3/4/26 19:00,23 St-Baruch College (6),Metrocard - Unlimited 30-Day,4,0
3/4/26 19:00,23 St-Baruch College (6),OMNY - Full Fare,"1,568",21
3/4/26 19:00,23 St-Baruch College (6),OMNY - Students,106,2
3/4/26 19:00,23 St-Baruch College (6),OMNY - Fair Fare,117,2
3/4/26 19:00,23 St-Baruch College (6),OMNY - Other,15,0
3/4/26 19:00,23 St-Baruch College (6),Metrocard - Unlimited 7-Day,1,0
3/4/26 18:00,23 St-Baruch College (6),OMNY - Other,22,0
3/4/26 18:00,23 St-Baruch College (6),Metrocard - Unlimited 30-Day,1,0
3/4/26 18:00,23 St-Baruch College (6),OMNY - Full Fare,"1,934",34
3/4/26 18:00,23 St-Baruch College (6),OMNY - Students,130,4
3/4/26 18:00,23 St-Baruch College (6),OMNY - Fair Fare,75,1
3/4/26 18:00,23 St-Baruch College (6),Metrocard - Other,8,0
3/4/26 18:00,23 St-Baruch College (6),OMNY - Seniors & Disability,79,9
3/4/26 17:00,23 St-Baruch College (6),OMNY - Other,26,0
3/4/26 17:00,23 St-Baruch College (6),OMNY - Full Fare,"2,897",40
3/4/26 17:00,23 St-Baruch College (6),Metrocard - Unlimited 7-Day,1,0
3/4/26 17:00,23 St-Baruch College (6),OMNY - Seniors & Disability,124,7
3/4/26 17:00,23 St-Baruch College (6),Metrocard - Other,7,0
3/4/26 17:00,23 St-Baruch College (6),Metrocard - Seniors & Disability,1,0
3/4/26 17:00,23 St-Baruch College (6),Metrocard - Unlimited 30-Day,2,0
3/4/26 17:00,23 St-Baruch College (6),OMNY - Students,244,3
3/4/26 17:00,23 St-Baruch College (6),OMNY - Fair Fare,145,2
3/4/26 16:00,23 St-Baruch College (6),OMNY - Other,23,0
3/4/26 16:00,23 St-Baruch College (6),Metrocard - Unlimited 30-Day,5,0
3/4/26 16:00,23 St-Baruch College (6),OMNY - Seniors & Disability,128,9
3/4/26 16:00,23 St-Baruch College (6),OMNY - Fair Fare,146,3
3/4/26 16:00,23 St-Baruch College (6),OMNY - Students,258,3
3/4/26 16:00,23 St-Baruch College (6),Metrocard - Other,6,0
3/4/26 16:00,23 St-Baruch College (6),Metrocard - Unlimited 7-Day,4,0
3/4/26 16:00,23 St-Baruch College (6),OMNY - Full Fare,"2,120",33
3/4/26 15:00,23 St-Baruch College (6),Metrocard - Full Fare,2,0
3/4/26 15:00,23 St-Baruch College (6),OMNY - Fair Fare,100,2
3/4/26 15:00,23 St-Baruch College (6),Metrocard - Other,9,0
3/4/26 15:00,23 St-Baruch College (6),OMNY - Other,21,0
3/4/26 15:00,23 St-Baruch College (6),Metrocard - Unlimited 30-Day,1,0
3/4/26 15:00,23 St-Baruch College (6),OMNY - Full Fare,"1,719",35
3/4/26 15:00,23 St-Baruch College (6),OMNY - Students,364,2
3/4/26 15:00,23 St-Baruch College (6),OMNY - Seniors & Disability,106,12
3/4/26 14:00,23 St-Baruch College (6),OMNY - Fair Fare,139,3
3/4/26 14:00,23 St-Baruch College (6),Metrocard - Unlimited 30-Day,3,0
3/4/26 14:00,23 St-Baruch College (6),OMNY - Other,21,0
3/4/26 14:00,23 St-Baruch College (6),OMNY - Students,227,2
3/4/26 14:00,23 St-Baruch College (6),Metrocard - Unlimited 7-Day,1,0
3/4/26 14:00,23 St-Baruch College (6),Metrocard - Other,9,0
3/4/26 14:00,23 St-Baruch College (6),OMNY - Full Fare,"1,403",29
3/4/26 14:00,23 St-Baruch College (6),OMNY - Seniors & Disability,121,13
3/4/26 13:00,23 St-Baruch College (6),OMNY - Other,12,0
3/4/26 13:00,23 St-Baruch College (6),Metrocard - Unlimited 30-Day,3,0
3/4/26 13:00,23 St-Baruch College (6),OMNY - Fair Fare,58,4
3/4/26 13:00,23 St-Baruch College (6),OMNY - Seniors & Disability,86,15
3/4/26 13:00,23 St-Baruch College (6),OMNY - Students,52,1
3/4/26 13:00,23 St-Baruch College (6),Metrocard - Other,3,0
3/4/26 13:00,23 St-Baruch College (6),Metrocard - Full Fare,1,0
3/4/26 13:00,23 St-Baruch College (6),OMNY - Full Fare,849,18
3/4/26 12:00,23 St-Baruch College (6),OMNY - Full Fare,902,22
3/4/26 12:00,23 St-Baruch College (6),Metrocard - Full Fare,1,0
3/4/26 12:00,23 St-Baruch College (6),Metrocard - Unlimited 7-Day,2,0
3/4/26 12:00,23 St-Baruch College (6),OMNY - Seniors & Disability,91,11
3/4/26 12:00,23 St-Baruch College (6),Metrocard - Other,6,0
3/4/26 12:00,23 St-Baruch College (6),OMNY - Other,12,0
3/4/26 12:00,23 St-Baruch College (6),OMNY - Students,73,0
3/4/26 12:00,23 St-Baruch College (6),Metrocard - Unlimited 30-Day,3,0
3/4/26 12:00,23 St-Baruch College (6),OMNY - Fair Fare,61,2
3/4/26 11:00,23 St-Baruch College (6),OMNY - Seniors & Disability,75,9
3/4/26 11:00,23 St-Baruch College (6),Metrocard - Unlimited 30-Day,2,0
3/4/26 11:00,23 St-Baruch College (6),OMNY - Other,12,0
3/4/26 11:00,23 St-Baruch College (6),Metrocard - Other,5,0
3/4/26 11:00,23 St-Baruch College (6),Metrocard - Full Fare,1,0
3/4/26 11:00,23 St-Baruch College (6),OMNY - Students,55,0
3/4/26 11:00,23 St-Baruch College (6),OMNY - Fair Fare,46,1
3/4/26 11:00,23 St-Baruch College (6),OMNY - Full Fare,757,25
3/4/26 10:00,23 St-Baruch College (6),OMNY - Seniors & Disability,61,13
3/4/26 10:00,23 St-Baruch College (6),OMNY - Full Fare,710,30
3/4/26 10:00,23 St-Baruch College (6),OMNY - Other,6,0
3/4/26 10:00,23 St-Baruch College (6),OMNY - Students,44,1
3/4/26 10:00,23 St-Baruch College (6),Metrocard - Full Fare,1,0
3/4/26 10:00,23 St-Baruch College (6),OMNY - Fair Fare,37,2
3/4/26 10:00,23 St-Baruch College (6),Metrocard - Other,5,0
3/4/26 10:00,23 St-Baruch College (6),Metrocard - Unlimited 30-Day,1,0
3/4/26 9:00,23 St-Baruch College (6),Metrocard - Seniors & Disability,1,0
3/4/26 9:00,23 St-Baruch College (6),OMNY - Students,16,1
3/4/26 9:00,23 St-Baruch College (6),OMNY - Other,12,0
3/4/26 9:00,23 St-Baruch College (6),OMNY - Seniors & Disability,58,14
3/4/26 9:00,23 St-Baruch College (6),Metrocard - Unlimited 7-Day,1,0
3/4/26 9:00,23 St-Baruch College (6),OMNY - Fair Fare,16,3
3/4/26 9:00,23 St-Baruch College (6),OMNY - Full Fare,"1,025",83
3/4/26 8:00,23 St-Baruch College (6),Metrocard - Other,2,0
3/4/26 8:00,23 St-Baruch College (6),OMNY - Seniors & Disability,43,10
3/4/26 8:00,23 St-Baruch College (6),OMNY - Fair Fare,21,4
3/4/26 8:00,23 St-Baruch College (6),OMNY - Other,8,0
3/4/26 8:00,23 St-Baruch College (6),OMNY - Full Fare,"1,659",123
3/4/26 8:00,23 St-Baruch College (6),Metrocard - Unlimited 7-Day,1,0
3/4/26 8:00,23 St-Baruch College (6),Metrocard - Unlimited 30-Day,2,0
3/4/26 8:00,23 St-Baruch College (6),OMNY - Students,38,1
3/4/26 7:00,23 St-Baruch College (6),Metrocard - Other,2,0
3/4/26 7:00,23 St-Baruch College (6),OMNY - Students,74,4
3/4/26 7:00,23 St-Baruch College (6),Metrocard - Unlimited 7-Day,1,0
3/4/26 7:00,23 St-Baruch College (6),OMNY - Other,8,0
3/4/26 7:00,23 St-Baruch College (6),OMNY - Fair Fare,10,3
3/4/26 7:00,23 St-Baruch College (6),OMNY - Seniors & Disability,28,7
3/4/26 7:00,23 St-Baruch College (6),OMNY - Full Fare,817,135
3/4/26 6:00,23 St-Baruch College (6),OMNY - Fair Fare,5,1
3/4/26 6:00,23 St-Baruch College (6),OMNY - Students,8,0
3/4/26 6:00,23 St-Baruch College (6),Metrocard - Other,2,0
3/4/26 6:00,23 St-Baruch College (6),OMNY - Full Fare,240,49
3/4/26 6:00,23 St-Baruch College (6),OMNY - Seniors & Disability,14,4
3/4/26 6:00,23 St-Baruch College (6),OMNY - Other,2,0
3/4/26 6:00,23 St-Baruch College (6),Metrocard - Unlimited 30-Day,2,0
3/4/26 5:00,23 St-Baruch College (6),OMNY - Full Fare,44,13
3/4/26 5:00,23 St-Baruch College (6),OMNY - Fair Fare,2,1
3/4/26 5:00,23 St-Baruch College (6),Metrocard - Other,1,0
3/4/26 5:00,23 St-Baruch College (6),OMNY - Students,1,0
3/4/26 5:00,23 St-Baruch College (6),OMNY - Seniors & Disability,1,1
3/4/26 4:00,23 St-Baruch College (6),OMNY - Other,3,0
3/4/26 4:00,23 St-Baruch College (6),OMNY - Full Fare,8,0
3/4/26 4:00,23 St-Baruch College (6),Metrocard - Other,3,0
3/4/26 3:00,23 St-Baruch College (6),OMNY - Full Fare,10,0
3/4/26 3:00,23 St-Baruch College (6),Metrocard - Other,1,0
3/4/26 2:00,23 St-Baruch College (6),OMNY - Fair Fare,1,0
3/4/26 2:00,23 St-Baruch College (6),OMNY - Full Fare,15,0
3/4/26 1:00,23 St-Baruch College (6),OMNY - Other,2,0
3/4/26 1:00,23 St-Baruch College (6),Metrocard - Other,1,0
3/4/26 1:00,23 St-Baruch College (6),OMNY - Full Fare,33,0
3/4/26 1:00,23 St-Baruch College (6),OMNY - Fair Fare,4,0
3/4/26 1:00,23 St-Baruch College (6),OMNY - Students,1,0
3/4/26 0:00,23 St-Baruch College (6),OMNY - Other,3,0
3/4/26 0:00,23 St-Baruch College (6),OMNY - Full Fare,132,0
3/4/26 0:00,23 St-Baruch College (6),OMNY - Fair Fare,8,0
3/4/26 0:00,23 St-Baruch College (6),OMNY - Seniors & Disability,3,0
3/4/26 0:00,23 St-Baruch College (6),OMNY - Students,6,0
3/3/26 23:00,23 St-Baruch College (6),OMNY - Students,9,0
3/3/26 23:00,23 St-Baruch College (6),OMNY - Seniors & Disability,15,2
3/3/26 23:00,23 St-Baruch College (6),OMNY - Fair Fare,10,1
3/3/26 23:00,23 St-Baruch College (6),Metrocard - Other,4,0
3/3/26 23:00,23 St-Baruch College (6),OMNY - Other,2,0
3/3/26 23:00,23 St-Baruch College (6),OMNY - Full Fare,242,6
3/3/26 22:00,23 St-Baruch College (6),OMNY - Fair Fare,20,0
3/3/26 22:00,23 St-Baruch College (6),OMNY - Seniors & Disability,15,0
3/3/26 22:00,23 St-Baruch College (6),Metrocard - Other,3,0
3/3/26 22:00,23 St-Baruch College (6),OMNY - Students,17,0
3/3/26 22:00,23 St-Baruch College (6),OMNY - Full Fare,421,3
3/3/26 22:00,23 St-Baruch College (6),OMNY - Other,14,0
3/3/26 22:00,23 St-Baruch College (6),Metrocard - Unlimited 30-Day,1,0
3/3/26 21:00,23 St-Baruch College (6),OMNY - Students,29,0
3/3/26 21:00,23 St-Baruch College (6),OMNY - Fair Fare,42,0
3/3/26 21:00,23 St-Baruch College (6),OMNY - Full Fare,663,8
3/3/26 21:00,23 St-Baruch College (6),Metrocard - Other,4,0
3/3/26 21:00,23 St-Baruch College (6),OMNY - Other,11,0
3/3/26 21:00,23 St-Baruch College (6),OMNY - Seniors & Disability,20,0
3/3/26 20:00,23 St-Baruch College (6),OMNY - Seniors & Disability,35,2
3/3/26 20:00,23 St-Baruch College (6),Metrocard - Unlimited 30-Day,1,0
3/3/26 20:00,23 St-Baruch College (6),OMNY - Other,11,0
3/3/26 20:00,23 St-Baruch College (6),Metrocard - Other,8,0
3/3/26 20:00,23 St-Baruch College (6),OMNY - Students,56,1
3/3/26 20:00,23 St-Baruch College (6),Metrocard - Full Fare,3,0
3/3/26 20:00,23 St-Baruch College (6),OMNY - Full Fare,"1,010",11
3/3/26 20:00,23 St-Baruch College (6),OMNY - Fair Fare,78,0
3/3/26 19:00,23 St-Baruch College (6),OMNY - Other,25,0
3/3/26 19:00,23 St-Baruch College (6),OMNY - Students,122,1
3/3/26 19:00,23 St-Baruch College (6),Metrocard - Unlimited 30-Day,1,0
3/3/26 19:00,23 St-Baruch College (6),OMNY - Full Fare,"1,417",18
3/3/26 19:00,23 St-Baruch College (6),OMNY - Seniors & Disability,46,2
3/3/26 19:00,23 St-Baruch College (6),Metrocard - Other,6,0
3/3/26 19:00,23 St-Baruch College (6),OMNY - Fair Fare,111,1
3/3/26 18:00,23 St-Baruch College (6),OMNY - Fair Fare,92,2
3/3/26 18:00,23 St-Baruch College (6),OMNY - Other,17,0
3/3/26 18:00,23 St-Baruch College (6),Metrocard - Unlimited 7-Day,1,0
3/3/26 18:00,23 St-Baruch College (6),OMNY - Seniors & Disability,77,4
3/3/26 18:00,23 St-Baruch College (6),OMNY - Full Fare,"2,071",35
3/3/26 18:00,23 St-Baruch College (6),OMNY - Students,137,1
3/3/26 18:00,23 St-Baruch College (6),Metrocard - Unlimited 30-Day,3,0
3/3/26 18:00,23 St-Baruch College (6),Metrocard - Other,4,0
3/3/26 17:00,23 St-Baruch College (6),Metrocard - Full Fare,1,0
3/3/26 17:00,23 St-Baruch College (6),Metrocard - Other,7,0
3/3/26 17:00,23 St-Baruch College (6),OMNY - Students,204,1
3/3/26 17:00,23 St-Baruch College (6),Metrocard - Unlimited 30-Day,6,0
3/3/26 17:00,23 St-Baruch College (6),OMNY - Seniors & Disability,113,2
3/3/26 17:00,23 St-Baruch College (6),OMNY - Other,28,0
3/3/26 17:00,23 St-Baruch College (6),OMNY - Fair Fare,123,4
3/3/26 17:00,23 St-Baruch College (6),OMNY - Full Fare,"2,911",30
3/3/26 16:00,23 St-Baruch College (6),Metrocard - Unlimited 7-Day,6,0
3/3/26 16:00,23 St-Baruch College (6),OMNY - Students,212,3
3/3/26 16:00,23 St-Baruch College (6),Metrocard - Unlimited 30-Day,2,0
3/3/26 16:00,23 St-Baruch College (6),OMNY - Full Fare,"2,248",36
3/3/26 16:00,23 St-Baruch College (6),OMNY - Other,24,0
3/3/26 16:00,23 St-Baruch College (6),OMNY - Fair Fare,167,3
3/3/26 16:00,23 St-Baruch College (6),Metrocard - Other,9,0
3/3/26 16:00,23 St-Baruch College (6),OMNY - Seniors & Disability,130,8
3/3/26 16:00,23 St-Baruch College (6),Metrocard - Full Fare,2,0
3/3/26 15:00,23 St-Baruch College (6),OMNY - Seniors & Disability,109,10
3/3/26 15:00,23 St-Baruch College (6),Metrocard - Seniors & Disability,1,0
3/3/26 15:00,23 St-Baruch College (6),OMNY - Students,347,3
3/3/26 15:00,23 St-Baruch College (6),Metrocard - Unlimited 30-Day,3,0
3/3/26 15:00,23 St-Baruch College (6),OMNY - Fair Fare,125,2
3/3/26 15:00,23 St-Baruch College (6),OMNY - Other,23,1
3/3/26 15:00,23 St-Baruch College (6),OMNY - Full Fare,"1,709",30
3/3/26 15:00,23 St-Baruch College (6),Metrocard - Other,8,0
3/3/26 14:00,23 St-Baruch College (6),Metrocard - Other,13,0
3/3/26 14:00,23 St-Baruch College (6),OMNY - Other,15,0
3/3/26 14:00,23 St-Baruch College (6),Metrocard - Unlimited 7-Day,1,0
3/3/26 14:00,23 St-Baruch College (6),Metrocard - Unlimited 30-Day,3,0
3/3/26 14:00,23 St-Baruch College (6),OMNY - Students,238,0
3/3/26 14:00,23 St-Baruch College (6),OMNY - Full Fare,"1,138",17
3/3/26 14:00,23 St-Baruch College (6),OMNY - Fair Fare,78,3
3/3/26 14:00,23 St-Baruch College (6),OMNY - Seniors & Disability,72,5
3/3/26 13:00,23 St-Baruch College (6),OMNY - Fair Fare,54,1
3/3/26 13:00,23 St-Baruch College (6),OMNY - Full Fare,807,25
3/3/26 13:00,23 St-Baruch College (6),Metrocard - Unlimited 7-Day,1,0
3/3/26 13:00,23 St-Baruch College (6),OMNY - Other,9,0
3/3/26 13:00,23 St-Baruch College (6),Metrocard - Unlimited 30-Day,3,0
3/3/26 13:00,23 St-Baruch College (6),Metrocard - Other,6,0
3/3/26 13:00,23 St-Baruch College (6),OMNY - Students,50,1
3/3/26 13:00,23 St-Baruch College (6),OMNY - Seniors & Disability,70,5
3/3/26 12:00,23 St-Baruch College (6),OMNY - Other,15,0
3/3/26 12:00,23 St-Baruch College (6),OMNY - Students,76,0
3/3/26 12:00,23 St-Baruch College (6),Metrocard - Other,6,0
3/3/26 12:00,23 St-Baruch College (6),Metrocard - Unlimited 7-Day,1,0
3/3/26 12:00,23 St-Baruch College (6),OMNY - Seniors & Disability,102,15
3/3/26 12:00,23 St-Baruch College (6),OMNY - Fair Fare,63,0
3/3/26 12:00,23 St-Baruch College (6),OMNY - Full Fare,956,18
3/3/26 12:00,23 St-Baruch College (6),Metrocard - Unlimited 30-Day,1,0
3/3/26 11:00,23 St-Baruch College (6),Metrocard - Other,8,0
3/3/26 11:00,23 St-Baruch College (6),OMNY - Fair Fare,62,1
3/3/26 11:00,23 St-Baruch College (6),OMNY - Seniors & Disability,82,13
3/3/26 11:00,23 St-Baruch College (6),OMNY - Full Fare,752,15
3/3/26 11:00,23 St-Baruch College (6),OMNY - Students,46,0
3/3/26 11:00,23 St-Baruch College (6),OMNY - Other,19,0
3/3/26 10:00,23 St-Baruch College (6),Metrocard - Full Fare,1,1
3/3/26 10:00,23 St-Baruch College (6),OMNY - Other,5,0
3/3/26 10:00,23 St-Baruch College (6),OMNY - Students,37,0
3/3/26 10:00,23 St-Baruch College (6),OMNY - Full Fare,683,22
3/3/26 10:00,23 St-Baruch College (6),OMNY - Fair Fare,34,1
3/3/26 10:00,23 St-Baruch College (6),OMNY - Seniors & Disability,73,9
3/3/26 10:00,23 St-Baruch College (6),Metrocard - Other,4,0
3/3/26 9:00,23 St-Baruch College (6),Metrocard - Other,1,0
3/3/26 9:00,23 St-Baruch College (6),Metrocard - Unlimited 30-Day,1,0
3/3/26 9:00,23 St-Baruch College (6),OMNY - Other,10,0
3/3/26 9:00,23 St-Baruch College (6),OMNY - Seniors & Disability,61,6
3/3/26 9:00,23 St-Baruch College (6),OMNY - Fair Fare,16,0
3/3/26 9:00,23 St-Baruch College (6),Metrocard - Unlimited 7-Day,1,0
3/3/26 9:00,23 St-Baruch College (6),OMNY - Students,28,0
3/3/26 9:00,23 St-Baruch College (6),Metrocard - Full Fare,1,0
3/3/26 9:00,23 St-Baruch College (6),OMNY - Full Fare,"1,058",70
3/3/26 8:00,23 St-Baruch College (6),OMNY - Other,8,0
3/3/26 8:00,23 St-Baruch College (6),OMNY - Students,39,2
3/3/26 8:00,23 St-Baruch College (6),Metrocard - Other,6,0
3/3/26 8:00,23 St-Baruch College (6),Metrocard - Unlimited 30-Day,1,0
3/3/26 8:00,23 St-Baruch College (6),OMNY - Seniors & Disability,46,5
3/3/26 8:00,23 St-Baruch College (6),OMNY - Fair Fare,19,0
3/3/26 8:00,23 St-Baruch College (6),OMNY - Full Fare,"1,689",110
3/3/26 7:00,23 St-Baruch College (6),OMNY - Other,7,0
3/3/26 7:00,23 St-Baruch College (6),OMNY - Seniors & Disability,36,9
3/3/26 7:00,23 St-Baruch College (6),OMNY - Students,84,3
3/3/26 7:00,23 St-Baruch College (6),Metrocard - Other,5,0
3/3/26 7:00,23 St-Baruch College (6),Metrocard - Seniors & Disability,1,0
3/3/26 7:00,23 St-Baruch College (6),OMNY - Fair Fare,7,0
3/3/26 7:00,23 St-Baruch College (6),OMNY - Full Fare,802,105
3/3/26 6:00,23 St-Baruch College (6),OMNY - Students,9,1
3/3/26 6:00,23 St-Baruch College (6),OMNY - Fair Fare,6,0
3/3/26 6:00,23 St-Baruch College (6),OMNY - Full Fare,227,53
3/3/26 6:00,23 St-Baruch College (6),Metrocard - Other,4,0
3/3/26 6:00,23 St-Baruch College (6),Metrocard - Unlimited 30-Day,2,0
3/3/26 6:00,23 St-Baruch College (6),OMNY - Seniors & Disability,17,7
3/3/26 6:00,23 St-Baruch College (6),OMNY - Other,5,0
3/3/26 5:00,23 St-Baruch College (6),OMNY - Other,2,0
3/3/26 5:00,23 St-Baruch College (6),OMNY - Full Fare,40,12
3/3/26 5:00,23 St-Baruch College (6),OMNY - Fair Fare,1,1
3/3/26 5:00,23 St-Baruch College (6),OMNY - Seniors & Disability,2,2
3/3/26 4:00,23 St-Baruch College (6),OMNY - Full Fare,8,0
3/3/26 4:00,23 St-Baruch College (6),Metrocard - Other,2,0
3/3/26 3:00,23 St-Baruch College (6),Metrocard - Other,1,0
3/3/26 3:00,23 St-Baruch College (6),OMNY - Full Fare,16,0
3/3/26 3:00,23 St-Baruch College (6),OMNY - Fair Fare,1,0
3/3/26 2:00,23 St-Baruch College (6),OMNY - Fair Fare,1,0
3/3/26 2:00,23 St-Baruch College (6),OMNY - Other,1,0
3/3/26 2:00,23 St-Baruch College (6),OMNY - Full Fare,14,1
3/3/26 2:00,23 St-Baruch College (6),Metrocard - Other,1,0
3/3/26 1:00,23 St-Baruch College (6),OMNY - Students,1,0
3/3/26 1:00,23 St-Baruch College (6),OMNY - Full Fare,44,0
3/3/26 1:00,23 St-Baruch College (6),OMNY - Seniors & Disability,1,0
3/3/26 1:00,23 St-Baruch College (6),OMNY - Other,2,0
3/3/26 1:00,23 St-Baruch College (6),OMNY - Fair Fare,5,0
3/3/26 1:00,23 St-Baruch College (6),Metrocard - Other,1,0
3/3/26 0:00,23 St-Baruch College (6),Metrocard - Other,1,0
3/3/26 0:00,23 St-Baruch College (6),OMNY - Other,1,0
3/3/26 0:00,23 St-Baruch College (6),OMNY - Seniors & Disability,3,0
3/3/26 0:00,23 St-Baruch College (6),OMNY - Fair Fare,6,0
3/3/26 0:00,23 St-Baruch College (6),OMNY - Students,7,0
3/3/26 0:00,23 St-Baruch College (6),OMNY - Full Fare,100,0
3/2/26 23:00,23 St-Baruch College (6),OMNY - Seniors & Disability,12,1
3/2/26 23:00,23 St-Baruch College (6),OMNY - Other,1,0
3/2/26 23:00,23 St-Baruch College (6),Metrocard - Other,1,0
3/2/26 23:00,23 St-Baruch College (6),OMNY - Fair Fare,10,0
3/2/26 23:00,23 St-Baruch College (6),OMNY - Students,11,0
3/2/26 23:00,23 St-Baruch College (6),OMNY - Full Fare,244,4
3/2/26 22:00,23 St-Baruch College (6),Metrocard - Seniors & Disability,1,0
3/2/26 22:00,23 St-Baruch College (6),Metrocard - Other,3,0
3/2/26 22:00,23 St-Baruch College (6),OMNY - Fair Fare,24,1
3/2/26 22:00,23 St-Baruch College (6),OMNY - Other,7,0
3/2/26 22:00,23 St-Baruch College (6),OMNY - Full Fare,355,5
3/2/26 22:00,23 St-Baruch College (6),OMNY - Students,16,0
3/2/26 22:00,23 St-Baruch College (6),OMNY - Seniors & Disability,13,0
3/2/26 21:00,23 St-Baruch College (6),OMNY - Seniors & Disability,26,0
3/2/26 21:00,23 St-Baruch College (6),OMNY - Students,32,0
3/2/26 21:00,23 St-Baruch College (6),OMNY - Other,8,0
3/2/26 21:00,23 St-Baruch College (6),Metrocard - Other,2,0
3/2/26 21:00,23 St-Baruch College (6),OMNY - Fair Fare,50,0
3/2/26 21:00,23 St-Baruch College (6),Metrocard - Full Fare,1,0
3/2/26 21:00,23 St-Baruch College (6),OMNY - Full Fare,661,3
3/2/26 20:00,23 St-Baruch College (6),OMNY - Full Fare,"1,019",12
3/2/26 20:00,23 St-Baruch College (6),OMNY - Seniors & Disability,46,3
3/2/26 20:00,23 St-Baruch College (6),Metrocard - Other,8,0
3/2/26 20:00,23 St-Baruch College (6),Metrocard - Unlimited 30-Day,2,0
3/2/26 20:00,23 St-Baruch College (6),Metrocard - Full Fare,1,0
3/2/26 20:00,23 St-Baruch College (6),OMNY - Fair Fare,87,0
3/2/26 20:00,23 St-Baruch College (6),OMNY - Students,61,1
3/2/26 20:00,23 St-Baruch College (6),OMNY - Other,16,0
3/2/26 19:00,23 St-Baruch College (6),OMNY - Seniors & Disability,40,3
3/2/26 19:00,23 St-Baruch College (6),OMNY - Other,10,0
3/2/26 19:00,23 St-Baruch College (6),OMNY - Full Fare,"1,571",17
3/2/26 19:00,23 St-Baruch College (6),OMNY - Students,116,0
3/2/26 19:00,23 St-Baruch College (6),Metrocard - Full Fare,1,0
3/2/26 19:00,23 St-Baruch College (6),OMNY - Fair Fare,144,0
3/2/26 19:00,23 St-Baruch College (6),Metrocard - Other,5,0
3/2/26 18:00,23 St-Baruch College (6),Metrocard - Other,5,0
3/2/26 18:00,23 St-Baruch College (6),OMNY - Seniors & Disability,77,4
3/2/26 18:00,23 St-Baruch College (6),OMNY - Students,111,4
3/2/26 18:00,23 St-Baruch College (6),OMNY - Other,19,0
3/2/26 18:00,23 St-Baruch College (6),OMNY - Fair Fare,55,3
3/2/26 18:00,23 St-Baruch College (6),OMNY - Full Fare,"1,818",25
3/2/26 17:00,23 St-Baruch College (6),OMNY - Seniors & Disability,130,7
3/2/26 17:00,23 St-Baruch College (6),OMNY - Fair Fare,139,0
3/2/26 17:00,23 St-Baruch College (6),Metrocard - Other,5,0
3/2/26 17:00,23 St-Baruch College (6),Metrocard - Seniors & Disability,1,0
3/2/26 17:00,23 St-Baruch College (6),OMNY - Full Fare,"2,535",35
3/2/26 17:00,23 St-Baruch College (6),OMNY - Students,204,4
3/2/26 17:00,23 St-Baruch College (6),Metrocard - Unlimited 7-Day,1,0
3/2/26 17:00,23 St-Baruch College (6),OMNY - Other,15,0
3/2/26 17:00,23 St-Baruch College (6),Metrocard - Unlimited 30-Day,4,0
3/2/26 17:00,23 St-Baruch College (6),Metrocard - Full Fare,2,0
3/2/26 16:00,23 St-Baruch College (6),OMNY - Full Fare,"1,878",52
3/2/26 16:00,23 St-Baruch College (6),Metrocard - Other,13,0
3/2/26 16:00,23 St-Baruch College (6),Metrocard - Unlimited 30-Day,3,0
3/2/26 16:00,23 St-Baruch College (6),Metrocard - Unlimited 7-Day,6,0
3/2/26 16:00,23 St-Baruch College (6),OMNY - Seniors & Disability,128,10
3/2/26 16:00,23 St-Baruch College (6),Metrocard - Seniors & Disability,1,0
3/2/26 16:00,23 St-Baruch College (6),OMNY - Students,195,1
3/2/26 16:00,23 St-Baruch College (6),OMNY - Other,28,0
3/2/26 16:00,23 St-Baruch College (6),OMNY - Fair Fare,122,3
3/2/26 15:00,23 St-Baruch College (6),OMNY - Students,374,5
3/2/26 15:00,23 St-Baruch College (6),OMNY - Fair Fare,115,1
3/2/26 15:00,23 St-Baruch College (6),OMNY - Seniors & Disability,111,13
3/2/26 15:00,23 St-Baruch College (6),Metrocard - Unlimited 30-Day,2,0
3/2/26 15:00,23 St-Baruch College (6),Metrocard - Other,12,0
3/2/26 15:00,23 St-Baruch College (6),OMNY - Other,19,0
3/2/26 15:00,23 St-Baruch College (6),OMNY - Full Fare,"1,740",31
3/2/26 15:00,23 St-Baruch College (6),Metrocard - Unlimited 7-Day,1,0
3/2/26 14:00,23 St-Baruch College (6),OMNY - Full Fare,"1,260",24
3/2/26 14:00,23 St-Baruch College (6),OMNY - Fair Fare,127,2
3/2/26 14:00,23 St-Baruch College (6),OMNY - Other,25,0
3/2/26 14:00,23 St-Baruch College (6),OMNY - Seniors & Disability,97,14
3/2/26 14:00,23 St-Baruch College (6),Metrocard - Seniors & Disability,1,0
3/2/26 14:00,23 St-Baruch College (6),Metrocard - Other,11,0
3/2/26 14:00,23 St-Baruch College (6),OMNY - Students,273,0
3/2/26 14:00,23 St-Baruch College (6),Metrocard - Unlimited 7-Day,1,0
3/2/26 13:00,23 St-Baruch College (6),OMNY - Students,43,1
3/2/26 13:00,23 St-Baruch College (6),OMNY - Other,13,0
3/2/26 13:00,23 St-Baruch College (6),Metrocard - Unlimited 30-Day,2,0
3/2/26 13:00,23 St-Baruch College (6),OMNY - Full Fare,723,10
3/2/26 13:00,23 St-Baruch College (6),OMNY - Seniors & Disability,73,10
3/2/26 13:00,23 St-Baruch College (6),OMNY - Fair Fare,61,2
3/2/26 12:00,23 St-Baruch College (6),OMNY - Fair Fare,66,4
3/2/26 12:00,23 St-Baruch College (6),OMNY - Students,53,0
3/2/26 12:00,23 St-Baruch College (6),OMNY - Other,17,0
3/2/26 12:00,23 St-Baruch College (6),OMNY - Full Fare,838,14
3/2/26 12:00,23 St-Baruch College (6),OMNY - Seniors & Disability,87,10
3/2/26 12:00,23 St-Baruch College (6),Metrocard - Other,5,0
3/2/26 12:00,23 St-Baruch College (6),Metrocard - Unlimited 30-Day,2,0
3/2/26 12:00,23 St-Baruch College (6),Metrocard - Full Fare,1,0
3/2/26 11:00,23 St-Baruch College (6),OMNY - Students,46,0
3/2/26 11:00,23 St-Baruch College (6),Metrocard - Unlimited 30-Day,1,0
3/2/26 11:00,23 St-Baruch College (6),OMNY - Seniors & Disability,60,6
3/2/26 11:00,23 St-Baruch College (6),Metrocard - Other,6,0
3/2/26 11:00,23 St-Baruch College (6),OMNY - Full Fare,668,16
3/2/26 11:00,23 St-Baruch College (6),OMNY - Other,7,0
3/2/26 11:00,23 St-Baruch College (6),OMNY - Fair Fare,33,0
3/2/26 11:00,23 St-Baruch College (6),Metrocard - Unlimited 7-Day,1,0
3/2/26 10:00,23 St-Baruch College (6),OMNY - Seniors & Disability,83,12
3/2/26 10:00,23 St-Baruch College (6),Metrocard - Other,5,0
3/2/26 10:00,23 St-Baruch College (6),OMNY - Students,30,0
3/2/26 10:00,23 St-Baruch College (6),OMNY - Other,2,0
3/2/26 10:00,23 St-Baruch College (6),OMNY - Full Fare,636,30
3/2/26 10:00,23 St-Baruch College (6),OMNY - Fair Fare,38,0
3/2/26 9:00,23 St-Baruch College (6),Metrocard - Unlimited 30-Day,3,0
3/2/26 9:00,23 St-Baruch College (6),OMNY - Students,15,1
3/2/26 9:00,23 St-Baruch College (6),OMNY - Fair Fare,16,1
3/2/26 9:00,23 St-Baruch College (6),OMNY - Full Fare,925,79
3/2/26 9:00,23 St-Baruch College (6),OMNY - Other,10,0
3/2/26 9:00,23 St-Baruch College (6),Metrocard - Other,1,0
3/2/26 9:00,23 St-Baruch College (6),OMNY - Seniors & Disability,47,8
3/2/26 8:00,23 St-Baruch College (6),OMNY - Full Fare,"1,458",105
3/2/26 8:00,23 St-Baruch College (6),OMNY - Fair Fare,26,2
3/2/26 8:00,23 St-Baruch College (6),Metrocard - Other,1,0
3/2/26 8:00,23 St-Baruch College (6),Metrocard - Unlimited 30-Day,2,0
3/2/26 8:00,23 St-Baruch College (6),OMNY - Other,7,0
3/2/26 8:00,23 St-Baruch College (6),OMNY - Students,47,0
3/2/26 8:00,23 St-Baruch College (6),OMNY - Seniors & Disability,42,5
3/2/26 7:00,23 St-Baruch College (6),Metrocard - Other,2,0
3/2/26 7:00,23 St-Baruch College (6),OMNY - Fair Fare,8,0
3/2/26 7:00,23 St-Baruch College (6),OMNY - Other,9,0
3/2/26 7:00,23 St-Baruch College (6),OMNY - Students,83,3
3/2/26 7:00,23 St-Baruch College (6),OMNY - Seniors & Disability,22,6
3/2/26 7:00,23 St-Baruch College (6),Metrocard - Unlimited 30-Day,1,0
3/2/26 7:00,23 St-Baruch College (6),OMNY - Full Fare,755,96
3/2/26 6:00,23 St-Baruch College (6),OMNY - Full Fare,192,48
3/2/26 6:00,23 St-Baruch College (6),OMNY - Students,4,0
3/2/26 6:00,23 St-Baruch College (6),OMNY - Seniors & Disability,13,3
3/2/26 6:00,23 St-Baruch College (6),Metrocard - Other,2,0
3/2/26 6:00,23 St-Baruch College (6),Metrocard - Unlimited 30-Day,1,0
3/2/26 6:00,23 St-Baruch College (6),OMNY - Other,6,0
3/2/26 6:00,23 St-Baruch College (6),OMNY - Fair Fare,4,0
3/2/26 5:00,23 St-Baruch College (6),Metrocard - Other,3,0
3/2/26 5:00,23 St-Baruch College (6),OMNY - Seniors & Disability,4,2
3/2/26 5:00,23 St-Baruch College (6),OMNY - Fair Fare,1,0
3/2/26 5:00,23 St-Baruch College (6),OMNY - Full Fare,54,11
3/2/26 4:00,23 St-Baruch College (6),OMNY - Fair Fare,3,0
3/2/26 4:00,23 St-Baruch College (6),Metrocard - Other,2,0
3/2/26 4:00,23 St-Baruch College (6),OMNY - Full Fare,18,1
3/2/26 4:00,23 St-Baruch College (6),OMNY - Other,1,0
3/2/26 4:00,23 St-Baruch College (6),OMNY - Students,2,0
3/2/26 3:00,23 St-Baruch College (6),OMNY - Full Fare,12,0
3/2/26 3:00,23 St-Baruch College (6),Metrocard - Other,1,0
3/2/26 3:00,23 St-Baruch College (6),OMNY - Students,1,0
3/2/26 2:00,23 St-Baruch College (6),OMNY - Other,3,0
3/2/26 2:00,23 St-Baruch College (6),OMNY - Full Fare,16,0
3/2/26 1:00,23 St-Baruch College (6),OMNY - Fair Fare,2,0
3/2/26 1:00,23 St-Baruch College (6),OMNY - Full Fare,35,0
3/2/26 1:00,23 St-Baruch College (6),OMNY - Other,1,0
3/2/26 0:00,23 St-Baruch College (6),OMNY - Seniors & Disability,4,0
3/2/26 0:00,23 St-Baruch College (6),Metrocard - Other,1,0
3/2/26 0:00,23 St-Baruch College (6),OMNY - Other,3,0
3/2/26 0:00,23 St-Baruch College (6),OMNY - Full Fare,63,1
3/2/26 0:00,23 St-Baruch College (6),OMNY - Fair Fare,3,0
3/2/26 0:00,23 St-Baruch College (6),OMNY - Students,3,0
3/1/26 23:00,23 St-Baruch College (6),OMNY - Students,8,0
3/1/26 23:00,23 St-Baruch College (6),OMNY - Other,4,0
3/1/26 23:00,23 St-Baruch College (6),Metrocard - Other,2,0
3/1/26 23:00,23 St-Baruch College (6),OMNY - Fair Fare,7,0
3/1/26 23:00,23 St-Baruch College (6),Metrocard - Full Fare,1,0
3/1/26 23:00,23 St-Baruch College (6),OMNY - Seniors & Disability,4,0
3/1/26 23:00,23 St-Baruch College (6),OMNY - Full Fare,141,2
3/1/26 22:00,23 St-Baruch College (6),OMNY - Seniors & Disability,7,0
3/1/26 22:00,23 St-Baruch College (6),Metrocard - Other,2,0
3/1/26 22:00,23 St-Baruch College (6),OMNY - Fair Fare,15,0
3/1/26 22:00,23 St-Baruch College (6),OMNY - Other,4,0
3/1/26 22:00,23 St-Baruch College (6),OMNY - Students,18,1
3/1/26 22:00,23 St-Baruch College (6),OMNY - Full Fare,183,3
3/1/26 21:00,23 St-Baruch College (6),OMNY - Fair Fare,13,1
3/1/26 21:00,23 St-Baruch College (6),Metrocard - Other,1,0
3/1/26 21:00,23 St-Baruch College (6),OMNY - Seniors & Disability,8,1
3/1/26 21:00,23 St-Baruch College (6),Metrocard - Unlimited 30-Day,1,0
3/1/26 21:00,23 St-Baruch College (6),OMNY - Students,10,0
3/1/26 21:00,23 St-Baruch College (6),OMNY - Other,4,0
3/1/26 21:00,23 St-Baruch College (6),OMNY - Full Fare,271,4
3/1/26 20:00,23 St-Baruch College (6),OMNY - Full Fare,253,5
3/1/26 20:00,23 St-Baruch College (6),OMNY - Seniors & Disability,14,3
3/1/26 20:00,23 St-Baruch College (6),OMNY - Other,3,0
3/1/26 20:00,23 St-Baruch College (6),OMNY - Fair Fare,13,0
3/1/26 20:00,23 St-Baruch College (6),OMNY - Students,12,0
3/1/26 19:00,23 St-Baruch College (6),Metrocard - Full Fare,1,0
3/1/26 19:00,23 St-Baruch College (6),OMNY - Seniors & Disability,18,0
3/1/26 19:00,23 St-Baruch College (6),OMNY - Students,18,1
3/1/26 19:00,23 St-Baruch College (6),OMNY - Other,2,0
3/1/26 19:00,23 St-Baruch College (6),OMNY - Full Fare,362,11
3/1/26 19:00,23 St-Baruch College (6),OMNY - Fair Fare,14,1
3/1/26 19:00,23 St-Baruch College (6),Metrocard - Other,1,0
3/1/26 19:00,23 St-Baruch College (6),Metrocard - Unlimited 30-Day,1,0
3/1/26 18:00,23 St-Baruch College (6),OMNY - Other,10,0
3/1/26 18:00,23 St-Baruch College (6),OMNY - Students,12,0
3/1/26 18:00,23 St-Baruch College (6),OMNY - Full Fare,532,14
3/1/26 18:00,23 St-Baruch College (6),OMNY - Fair Fare,13,1
3/1/26 18:00,23 St-Baruch College (6),OMNY - Seniors & Disability,14,1
3/1/26 18:00,23 St-Baruch College (6),Metrocard - Other,2,0
3/1/26 18:00,23 St-Baruch College (6),Metrocard - Unlimited 7-Day,1,0
3/1/26 17:00,23 St-Baruch College (6),OMNY - Other,3,0
3/1/26 17:00,23 St-Baruch College (6),OMNY - Fair Fare,14,0
3/1/26 17:00,23 St-Baruch College (6),Metrocard - Other,1,0
3/1/26 17:00,23 St-Baruch College (6),OMNY - Full Fare,547,14
3/1/26 17:00,23 St-Baruch College (6),OMNY - Seniors & Disability,26,0
3/1/26 17:00,23 St-Baruch College (6),OMNY - Students,21,0
3/1/26 16:00,23 St-Baruch College (6),OMNY - Seniors & Disability,12,0
3/1/26 16:00,23 St-Baruch College (6),OMNY - Fair Fare,19,0
3/1/26 16:00,23 St-Baruch College (6),Metrocard - Other,3,0
3/1/26 16:00,23 St-Baruch College (6),OMNY - Full Fare,559,15
3/1/26 16:00,23 St-Baruch College (6),OMNY - Other,10,0
3/1/26 16:00,23 St-Baruch College (6),OMNY - Students,27,1
3/1/26 16:00,23 St-Baruch College (6),Metrocard - Unlimited 30-Day,1,0
3/1/26 15:00,23 St-Baruch College (6),OMNY - Seniors & Disability,37,4
3/1/26 15:00,23 St-Baruch College (6),OMNY - Full Fare,555,15
3/1/26 15:00,23 St-Baruch College (6),OMNY - Fair Fare,18,1
3/1/26 15:00,23 St-Baruch College (6),OMNY - Other,9,0
3/1/26 15:00,23 St-Baruch College (6),Metrocard - Other,4,0
3/1/26 15:00,23 St-Baruch College (6),Metrocard - Unlimited 30-Day,1,0
3/1/26 15:00,23 St-Baruch College (6),OMNY - Students,23,0
3/1/26 14:00,23 St-Baruch College (6),OMNY - Full Fare,535,21
3/1/26 14:00,23 St-Baruch College (6),Metrocard - Unlimited 7-Day,1,0
3/1/26 14:00,23 St-Baruch College (6),OMNY - Fair Fare,13,0
3/1/26 14:00,23 St-Baruch College (6),Metrocard - Other,1,0
3/1/26 14:00,23 St-Baruch College (6),OMNY - Seniors & Disability,27,0
3/1/26 14:00,23 St-Baruch College (6),OMNY - Other,4,0
3/1/26 14:00,23 St-Baruch College (6),OMNY - Students,30,0
3/1/26 13:00,23 St-Baruch College (6),OMNY - Fair Fare,15,0
3/1/26 13:00,23 St-Baruch College (6),OMNY - Students,24,0
3/1/26 13:00,23 St-Baruch College (6),OMNY - Other,1,0
3/1/26 13:00,23 St-Baruch College (6),OMNY - Seniors & Disability,30,3
3/1/26 13:00,23 St-Baruch College (6),Metrocard - Unlimited 30-Day,2,0
3/1/26 13:00,23 St-Baruch College (6),Metrocard - Other,3,0
3/1/26 13:00,23 St-Baruch College (6),OMNY - Full Fare,562,7
3/1/26 12:00,23 St-Baruch College (6),OMNY - Fair Fare,13,0
3/1/26 12:00,23 St-Baruch College (6),OMNY - Full Fare,554,7
3/1/26 12:00,23 St-Baruch College (6),Metrocard - Other,3,0
3/1/26 12:00,23 St-Baruch College (6),OMNY - Other,2,0
3/1/26 12:00,23 St-Baruch College (6),OMNY - Seniors & Disability,28,5
3/1/26 12:00,23 St-Baruch College (6),Metrocard - Seniors & Disability,3,0
3/1/26 12:00,23 St-Baruch College (6),OMNY - Students,17,1
3/1/26 11:00,23 St-Baruch College (6),OMNY - Other,3,0
3/1/26 11:00,23 St-Baruch College (6),OMNY - Full Fare,435,21
3/1/26 11:00,23 St-Baruch College (6),OMNY - Students,16,0
3/1/26 11:00,23 St-Baruch College (6),OMNY - Fair Fare,8,0
3/1/26 11:00,23 St-Baruch College (6),OMNY - Seniors & Disability,25,3
3/1/26 10:00,23 St-Baruch College (6),OMNY - Seniors & Disability,17,4
3/1/26 10:00,23 St-Baruch College (6),OMNY - Full Fare,269,10
3/1/26 10:00,23 St-Baruch College (6),OMNY - Fair Fare,3,1
3/1/26 10:00,23 St-Baruch College (6),OMNY - Other,5,0
3/1/26 10:00,23 St-Baruch College (6),OMNY - Students,2,0
3/1/26 9:00,23 St-Baruch College (6),OMNY - Other,6,0
3/1/26 9:00,23 St-Baruch College (6),OMNY - Fair Fare,3,0
3/1/26 9:00,23 St-Baruch College (6),OMNY - Full Fare,184,10
3/1/26 9:00,23 St-Baruch College (6),OMNY - Students,2,0
3/1/26 9:00,23 St-Baruch College (6),Metrocard - Unlimited 7-Day,1,0
3/1/26 9:00,23 St-Baruch College (6),Metrocard - Other,5,0
3/1/26 9:00,23 St-Baruch College (6),OMNY - Seniors & Disability,16,2
3/1/26 8:00,23 St-Baruch College (6),OMNY - Full Fare,115,11
3/1/26 8:00,23 St-Baruch College (6),OMNY - Other,4,0
3/1/26 8:00,23 St-Baruch College (6),OMNY - Students,1,0
3/1/26 8:00,23 St-Baruch College (6),OMNY - Fair Fare,4,0
3/1/26 8:00,23 St-Baruch College (6),Metrocard - Other,1,0
3/1/26 8:00,23 St-Baruch College (6),Metrocard - Unlimited 30-Day,1,0
3/1/26 8:00,23 St-Baruch College (6),OMNY - Seniors & Disability,8,0
3/1/26 7:00,23 St-Baruch College (6),OMNY - Students,3,0
3/1/26 7:00,23 St-Baruch College (6),Metrocard - Other,2,0
3/1/26 7:00,23 St-Baruch College (6),OMNY - Full Fare,41,2
3/1/26 7:00,23 St-Baruch College (6),OMNY - Other,1,0
3/1/26 7:00,23 St-Baruch College (6),OMNY - Fair Fare,1,0
3/1/26 7:00,23 St-Baruch College (6),OMNY - Seniors & Disability,8,2
3/1/26 6:00,23 St-Baruch College (6),OMNY - Seniors & Disability,1,0
3/1/26 6:00,23 St-Baruch College (6),OMNY - Students,5,0
3/1/26 6:00,23 St-Baruch College (6),OMNY - Full Fare,43,3
3/1/26 5:00,23 St-Baruch College (6),OMNY - Full Fare,25,0
3/1/26 5:00,23 St-Baruch College (6),OMNY - Fair Fare,3,0
3/1/26 5:00,23 St-Baruch College (6),Metrocard - Other,1,0
3/1/26 5:00,23 St-Baruch College (6),OMNY - Other,2,0
3/1/26 4:00,23 St-Baruch College (6),OMNY - Fair Fare,1,0
3/1/26 4:00,23 St-Baruch College (6),OMNY - Full Fare,33,0
3/1/26 4:00,23 St-Baruch College (6),Metrocard - Other,1,0
3/1/26 4:00,23 St-Baruch College (6),OMNY - Other,1,0
3/1/26 3:00,23 St-Baruch College (6),OMNY - Seniors & Disability,2,0
3/1/26 3:00,23 St-Baruch College (6),OMNY - Full Fare,43,1
3/1/26 3:00,23 St-Baruch College (6),Metrocard - Other,1,0
3/1/26 3:00,23 St-Baruch College (6),OMNY - Fair Fare,2,0
3/1/26 3:00,23 St-Baruch College (6),OMNY - Other,1,0
3/1/26 2:00,23 St-Baruch College (6),OMNY - Other,1,0
3/1/26 2:00,23 St-Baruch College (6),OMNY - Fair Fare,2,0
3/1/26 2:00,23 St-Baruch College (6),OMNY - Students,3,0
3/1/26 2:00,23 St-Baruch College (6),OMNY - Full Fare,53,1
3/1/26 2:00,23 St-Baruch College (6),Metrocard - Unlimited 30-Day,1,0
3/1/26 1:00,23 St-Baruch College (6),OMNY - Fair Fare,5,0
3/1/26 1:00,23 St-Baruch College (6),OMNY - Full Fare,101,2
3/1/26 1:00,23 St-Baruch College (6),OMNY - Seniors & Disability,1,0
3/1/26 1:00,23 St-Baruch College (6),OMNY - Other,6,0
3/1/26 1:00,23 St-Baruch College (6),OMNY - Students,3,0
3/1/26 0:00,23 St-Baruch College (6),OMNY - Full Fare,183,1
3/1/26 0:00,23 St-Baruch College (6),OMNY - Seniors & Disability,3,0
3/1/26 0:00,23 St-Baruch College (6),OMNY - Students,7,0
3/1/26 0:00,23 St-Baruch College (6),OMNY - Fair Fare,5,0
2/28/26 23:00,23 St-Baruch College (6),OMNY - Students,11,0
2/28/26 23:00,23 St-Baruch College (6),OMNY - Other,5,0
2/28/26 23:00,23 St-Baruch College (6),OMNY - Seniors & Disability,8,0
2/28/26 23:00,23 St-Baruch College (6),Metrocard - Seniors & Disability,1,0
2/28/26 23:00,23 St-Baruch College (6),Metrocard - Other,3,0
2/28/26 23:00,23 St-Baruch College (6),OMNY - Fair Fare,10,1
2/28/26 23:00,23 St-Baruch College (6),OMNY - Full Fare,356,7
2/28/26 22:00,23 St-Baruch College (6),OMNY - Students,19,0
2/28/26 22:00,23 St-Baruch College (6),OMNY - Full Fare,424,9
2/28/26 22:00,23 St-Baruch College (6),OMNY - Seniors & Disability,15,1
2/28/26 22:00,23 St-Baruch College (6),OMNY - Fair Fare,17,0
2/28/26 22:00,23 St-Baruch College (6),OMNY - Other,6,0
2/28/26 21:00,23 St-Baruch College (6),OMNY - Seniors & Disability,18,2
2/28/26 21:00,23 St-Baruch College (6),Metrocard - Full Fare,1,0
2/28/26 21:00,23 St-Baruch College (6),OMNY - Other,3,0
2/28/26 21:00,23 St-Baruch College (6),OMNY - Students,16,0
2/28/26 21:00,23 St-Baruch College (6),OMNY - Full Fare,423,8
2/28/26 21:00,23 St-Baruch College (6),OMNY - Fair Fare,15,1
2/28/26 20:00,23 St-Baruch College (6),OMNY - Seniors & Disability,14,2
2/28/26 20:00,23 St-Baruch College (6),OMNY - Full Fare,471,10
2/28/26 20:00,23 St-Baruch College (6),OMNY - Fair Fare,10,1
2/28/26 20:00,23 St-Baruch College (6),OMNY - Students,22,1
2/28/26 20:00,23 St-Baruch College (6),Metrocard - Other,1,0
2/28/26 20:00,23 St-Baruch College (6),OMNY - Other,2,0
2/28/26 19:00,23 St-Baruch College (6),OMNY - Students,15,0
2/28/26 19:00,23 St-Baruch College (6),OMNY - Full Fare,604,13
2/28/26 19:00,23 St-Baruch College (6),Metrocard - Unlimited 30-Day,1,0
2/28/26 19:00,23 St-Baruch College (6),OMNY - Fair Fare,20,0
2/28/26 19:00,23 St-Baruch College (6),OMNY - Other,8,0
2/28/26 19:00,23 St-Baruch College (6),OMNY - Seniors & Disability,20,3
2/28/26 18:00,23 St-Baruch College (6),OMNY - Seniors & Disability,32,5
2/28/26 18:00,23 St-Baruch College (6),OMNY - Fair Fare,28,0
2/28/26 18:00,23 St-Baruch College (6),OMNY - Other,5,0
2/28/26 18:00,23 St-Baruch College (6),OMNY - Students,19,1
2/28/26 18:00,23 St-Baruch College (6),OMNY - Full Fare,703,24
2/28/26 18:00,23 St-Baruch College (6),Metrocard - Unlimited 30-Day,1,0
2/28/26 17:00,23 St-Baruch College (6),OMNY - Full Fare,842,17
2/28/26 17:00,23 St-Baruch College (6),OMNY - Students,57,1
2/28/26 17:00,23 St-Baruch College (6),OMNY - Seniors & Disability,31,5
2/28/26 17:00,23 St-Baruch College (6),Metrocard - Other,2,0
2/28/26 17:00,23 St-Baruch College (6),OMNY - Fair Fare,28,1
2/28/26 17:00,23 St-Baruch College (6),OMNY - Other,7,0
2/28/26 16:00,23 St-Baruch College (6),OMNY - Fair Fare,43,1
2/28/26 16:00,23 St-Baruch College (6),OMNY - Students,160,1
2/28/26 16:00,23 St-Baruch College (6),OMNY - Full Fare,"1,020",21
2/28/26 16:00,23 St-Baruch College (6),OMNY - Other,13,0
2/28/26 16:00,23 St-Baruch College (6),OMNY - Seniors & Disability,40,7
2/28/26 16:00,23 St-Baruch College (6),Metrocard - Unlimited 30-Day,1,0
2/28/26 16:00,23 St-Baruch College (6),Metrocard - Full Fare,1,0
2/28/26 16:00,23 St-Baruch College (6),Metrocard - Other,3,0
2/28/26 15:00,23 St-Baruch College (6),OMNY - Students,57,1
2/28/26 15:00,23 St-Baruch College (6),OMNY - Seniors & Disability,45,4
2/28/26 15:00,23 St-Baruch College (6),Metrocard - Other,4,0
2/28/26 15:00,23 St-Baruch College (6),Metrocard - Unlimited 30-Day,1,0
2/28/26 15:00,23 St-Baruch College (6),OMNY - Full Fare,923,24
2/28/26 15:00,23 St-Baruch College (6),OMNY - Other,5,0
2/28/26 15:00,23 St-Baruch College (6),OMNY - Fair Fare,37,0
2/28/26 14:00,23 St-Baruch College (6),OMNY - Other,12,0
2/28/26 14:00,23 St-Baruch College (6),OMNY - Students,65,0
2/28/26 14:00,23 St-Baruch College (6),OMNY - Fair Fare,25,0
2/28/26 14:00,23 St-Baruch College (6),OMNY - Seniors & Disability,42,6
2/28/26 14:00,23 St-Baruch College (6),OMNY - Full Fare,852,22
2/28/26 14:00,23 St-Baruch College (6),Metrocard - Unlimited 30-Day,1,0
2/28/26 13:00,23 St-Baruch College (6),OMNY - Students,61,3
2/28/26 13:00,23 St-Baruch College (6),OMNY - Fair Fare,26,0
2/28/26 13:00,23 St-Baruch College (6),OMNY - Seniors & Disability,38,3
2/28/26 13:00,23 St-Baruch College (6),OMNY - Full Fare,824,18
2/28/26 13:00,23 St-Baruch College (6),Metrocard - Other,4,1
2/28/26 13:00,23 St-Baruch College (6),OMNY - Other,6,0
2/28/26 12:00,23 St-Baruch College (6),OMNY - Seniors & Disability,38,7
2/28/26 12:00,23 St-Baruch College (6),OMNY - Students,38,3
2/28/26 12:00,23 St-Baruch College (6),Metrocard - Full Fare,2,0
2/28/26 12:00,23 St-Baruch College (6),Metrocard - Unlimited 30-Day,1,0
2/28/26 12:00,23 St-Baruch College (6),Metrocard - Seniors & Disability,1,0
2/28/26 12:00,23 St-Baruch College (6),OMNY - Other,5,0
2/28/26 12:00,23 St-Baruch College (6),OMNY - Fair Fare,17,0
2/28/26 12:00,23 St-Baruch College (6),Metrocard - Other,3,0
2/28/26 12:00,23 St-Baruch College (6),OMNY - Full Fare,725,17
2/28/26 11:00,23 St-Baruch College (6),Metrocard - Full Fare,1,0
2/28/26 11:00,23 St-Baruch College (6),OMNY - Full Fare,686,24
2/28/26 11:00,23 St-Baruch College (6),OMNY - Other,13,0
2/28/26 11:00,23 St-Baruch College (6),OMNY - Seniors & Disability,37,4
2/28/26 11:00,23 St-Baruch College (6),OMNY - Students,34,2
2/28/26 11:00,23 St-Baruch College (6),OMNY - Fair Fare,21,2
2/28/26 10:00,23 St-Baruch College (6),OMNY - Seniors & Disability,26,7
2/28/26 10:00,23 St-Baruch College (6),Metrocard - Other,3,0
2/28/26 10:00,23 St-Baruch College (6),OMNY - Full Fare,383,12
2/28/26 10:00,23 St-Baruch College (6),OMNY - Other,6,0
2/28/26 10:00,23 St-Baruch College (6),OMNY - Students,17,0
2/28/26 10:00,23 St-Baruch College (6),OMNY - Fair Fare,8,0
2/28/26 9:00,23 St-Baruch College (6),OMNY - Other,5,0
2/28/26 9:00,23 St-Baruch College (6),Metrocard - Other,4,0
2/28/26 9:00,23 St-Baruch College (6),Metrocard - Unlimited 7-Day,1,0
2/28/26 9:00,23 St-Baruch College (6),OMNY - Fair Fare,8,0
2/28/26 9:00,23 St-Baruch College (6),OMNY - Seniors & Disability,13,2
2/28/26 9:00,23 St-Baruch College (6),OMNY - Students,18,2
2/28/26 9:00,23 St-Baruch College (6),OMNY - Full Fare,307,13
2/28/26 8:00,23 St-Baruch College (6),OMNY - Other,5,0
2/28/26 8:00,23 St-Baruch College (6),OMNY - Fair Fare,4,0
2/28/26 8:00,23 St-Baruch College (6),OMNY - Students,9,0
2/28/26 8:00,23 St-Baruch College (6),OMNY - Full Fare,177,15
2/28/26 8:00,23 St-Baruch College (6),Metrocard - Other,1,1
2/28/26 8:00,23 St-Baruch College (6),OMNY - Seniors & Disability,13,3
2/28/26 7:00,23 St-Baruch College (6),OMNY - Other,1,0
2/28/26 7:00,23 St-Baruch College (6),OMNY - Seniors & Disability,8,2
2/28/26 7:00,23 St-Baruch College (6),OMNY - Students,7,0
2/28/26 7:00,23 St-Baruch College (6),OMNY - Full Fare,84,7
2/28/26 7:00,23 St-Baruch College (6),Metrocard - Other,4,0
2/28/26 7:00,23 St-Baruch College (6),OMNY - Fair Fare,3,0
2/28/26 6:00,23 St-Baruch College (6),OMNY - Students,5,0
2/28/26 6:00,23 St-Baruch College (6),Metrocard - Unlimited 30-Day,1,0
2/28/26 6:00,23 St-Baruch College (6),OMNY - Other,6,0
2/28/26 6:00,23 St-Baruch College (6),OMNY - Full Fare,64,2
2/28/26 6:00,23 St-Baruch College (6),OMNY - Seniors & Disability,4,0
2/28/26 5:00,23 St-Baruch College (6),Metrocard - Seniors & Disability,1,0
2/28/26 5:00,23 St-Baruch College (6),OMNY - Fair Fare,1,0
2/28/26 5:00,23 St-Baruch College (6),OMNY - Other,1,0
2/28/26 5:00,23 St-Baruch College (6),OMNY - Full Fare,20,1
2/28/26 4:00,23 St-Baruch College (6),OMNY - Full Fare,15,0
2/28/26 3:00,23 St-Baruch College (6),Metrocard - Other,1,0
2/28/26 3:00,23 St-Baruch College (6),OMNY - Full Fare,39,0
2/28/26 3:00,23 St-Baruch College (6),OMNY - Other,2,0
2/28/26 2:00,23 St-Baruch College (6),OMNY - Fair Fare,2,0
2/28/26 2:00,23 St-Baruch College (6),OMNY - Other,1,0
2/28/26 2:00,23 St-Baruch College (6),OMNY - Students,4,0
2/28/26 2:00,23 St-Baruch College (6),OMNY - Full Fare,45,1
2/28/26 2:00,23 St-Baruch College (6),OMNY - Seniors & Disability,1,0
2/28/26 1:00,23 St-Baruch College (6),OMNY - Students,3,0
2/28/26 1:00,23 St-Baruch College (6),Metrocard - Other,1,0
2/28/26 1:00,23 St-Baruch College (6),OMNY - Full Fare,108,0
2/28/26 1:00,23 St-Baruch College (6),OMNY - Other,3,0
2/28/26 1:00,23 St-Baruch College (6),OMNY - Fair Fare,1,0
2/28/26 0:00,23 St-Baruch College (6),OMNY - Fair Fare,10,0
2/28/26 0:00,23 St-Baruch College (6),OMNY - Full Fare,217,1
2/28/26 0:00,23 St-Baruch College (6),Metrocard - Seniors & Disability,1,0
2/28/26 0:00,23 St-Baruch College (6),Metrocard - Other,2,0
2/28/26 0:00,23 St-Baruch College (6),OMNY - Seniors & Disability,6,0
2/28/26 0:00,23 St-Baruch College (6),OMNY - Other,1,0
2/28/26 0:00,23 St-Baruch College (6),OMNY - Students,6,0
2/27/26 23:00,23 St-Baruch College (6),OMNY - Fair Fare,13,0
2/27/26 23:00,23 St-Baruch College (6),Metrocard - Other,1,0
2/27/26 23:00,23 St-Baruch College (6),OMNY - Full Fare,433,9
2/27/26 23:00,23 St-Baruch College (6),OMNY - Students,15,0
2/27/26 23:00,23 St-Baruch College (6),Metrocard - Unlimited 30-Day,1,0
2/27/26 23:00,23 St-Baruch College (6),OMNY - Other,6,0
2/27/26 23:00,23 St-Baruch College (6),OMNY - Seniors & Disability,27,1
2/27/26 22:00,23 St-Baruch College (6),OMNY - Fair Fare,26,1
2/27/26 22:00,23 St-Baruch College (6),OMNY - Students,24,0
2/27/26 22:00,23 St-Baruch College (6),OMNY - Seniors & Disability,29,0
2/27/26 22:00,23 St-Baruch College (6),Metrocard - Other,2,0
2/27/26 22:00,23 St-Baruch College (6),OMNY - Other,12,0
2/27/26 22:00,23 St-Baruch College (6),OMNY - Full Fare,512,9
2/27/26 21:00,23 St-Baruch College (6),Metrocard - Other,6,0
2/27/26 21:00,23 St-Baruch College (6),OMNY - Seniors & Disability,25,1
2/27/26 21:00,23 St-Baruch College (6),OMNY - Other,12,0
2/27/26 21:00,23 St-Baruch College (6),OMNY - Fair Fare,24,0
2/27/26 21:00,23 St-Baruch College (6),OMNY - Full Fare,565,9
2/27/26 21:00,23 St-Baruch College (6),OMNY - Students,45,0
2/27/26 20:00,23 St-Baruch College (6),OMNY - Full Fare,800,16
2/27/26 20:00,23 St-Baruch College (6),Metrocard - Other,7,0
2/27/26 20:00,23 St-Baruch College (6),OMNY - Seniors & Disability,40,6
2/27/26 20:00,23 St-Baruch College (6),OMNY - Other,20,0
2/27/26 20:00,23 St-Baruch College (6),OMNY - Fair Fare,37,0
2/27/26 20:00,23 St-Baruch College (6),OMNY - Students,52,0
2/27/26 19:00,23 St-Baruch College (6),OMNY - Full Fare,"1,000",16
2/27/26 19:00,23 St-Baruch College (6),Metrocard - Unlimited 7-Day,1,0
2/27/26 19:00,23 St-Baruch College (6),Metrocard - Other,2,0
2/27/26 19:00,23 St-Baruch College (6),OMNY - Seniors & Disability,27,1
2/27/26 19:00,23 St-Baruch College (6),OMNY - Students,43,1
2/27/26 19:00,23 St-Baruch College (6),OMNY - Fair Fare,51,1
2/27/26 19:00,23 St-Baruch College (6),OMNY - Other,8,0
2/27/26 18:00,23 St-Baruch College (6),OMNY - Seniors & Disability,56,7
2/27/26 18:00,23 St-Baruch College (6),OMNY - Full Fare,"1,341",22
2/27/26 18:00,23 St-Baruch College (6),OMNY - Other,15,0
2/27/26 18:00,23 St-Baruch College (6),OMNY - Fair Fare,52,2
2/27/26 18:00,23 St-Baruch College (6),OMNY - Students,51,0
2/27/26 18:00,23 St-Baruch College (6),Metrocard - Unlimited 30-Day,1,0
2/27/26 18:00,23 St-Baruch College (6),Metrocard - Other,3,0
2/27/26 17:00,23 St-Baruch College (6),OMNY - Fair Fare,56,0
2/27/26 17:00,23 St-Baruch College (6),Metrocard - Unlimited 7-Day,1,0
2/27/26 17:00,23 St-Baruch College (6),OMNY - Students,122,0
2/27/26 17:00,23 St-Baruch College (6),OMNY - Other,22,0
2/27/26 17:00,23 St-Baruch College (6),Metrocard - Full Fare,1,0
2/27/26 17:00,23 St-Baruch College (6),Metrocard - Unlimited 30-Day,3,0
2/27/26 17:00,23 St-Baruch College (6),Metrocard - Other,3,0
2/27/26 17:00,23 St-Baruch College (6),OMNY - Full Fare,"1,729",22
2/27/26 17:00,23 St-Baruch College (6),OMNY - Seniors & Disability,88,10
2/27/26 16:00,23 St-Baruch College (6),OMNY - Fair Fare,75,4
2/27/26 16:00,23 St-Baruch College (6),Metrocard - Full Fare,2,0
2/27/26 16:00,23 St-Baruch College (6),OMNY - Students,166,5
2/27/26 16:00,23 St-Baruch College (6),OMNY - Other,22,0
2/27/26 16:00,23 St-Baruch College (6),Metrocard - Unlimited 30-Day,2,0
2/27/26 16:00,23 St-Baruch College (6),Metrocard - Seniors & Disability,1,0
2/27/26 16:00,23 St-Baruch College (6),OMNY - Seniors & Disability,110,6
2/27/26 16:00,23 St-Baruch College (6),Metrocard - Other,11,0
2/27/26 16:00,23 St-Baruch College (6),OMNY - Full Fare,"1,619",40
2/27/26 16:00,23 St-Baruch College (6),Metrocard - Unlimited 7-Day,1,0
2/27/26 15:00,23 St-Baruch College (6),OMNY - Seniors & Disability,110,14
2/27/26 15:00,23 St-Baruch College (6),OMNY - Full Fare,"1,513",28
2/27/26 15:00,23 St-Baruch College (6),OMNY - Fair Fare,93,2
2/27/26 15:00,23 St-Baruch College (6),Metrocard - Unlimited 30-Day,2,0
2/27/26 15:00,23 St-Baruch College (6),OMNY - Students,207,4
2/27/26 15:00,23 St-Baruch College (6),OMNY - Other,20,0
2/27/26 15:00,23 St-Baruch College (6),Metrocard - Unlimited 7-Day,1,0
2/27/26 15:00,23 St-Baruch College (6),Metrocard - Other,5,0
2/27/26 14:00,23 St-Baruch College (6),OMNY - Seniors & Disability,103,11
2/27/26 14:00,23 St-Baruch College (6),Metrocard - Full Fare,1,0
2/27/26 14:00,23 St-Baruch College (6),OMNY - Fair Fare,91,3
2/27/26 14:00,23 St-Baruch College (6),Metrocard - Unlimited 7-Day,2,0
2/27/26 14:00,23 St-Baruch College (6),OMNY - Students,343,1
2/27/26 14:00,23 St-Baruch College (6),OMNY - Full Fare,"1,239",31
2/27/26 14:00,23 St-Baruch College (6),Metrocard - Unlimited 30-Day,3,0
2/27/26 14:00,23 St-Baruch College (6),Metrocard - Other,9,0
2/27/26 14:00,23 St-Baruch College (6),OMNY - Other,21,0
2/27/26 13:00,23 St-Baruch College (6),Metrocard - Full Fare,1,0
2/27/26 13:00,23 St-Baruch College (6),OMNY - Fair Fare,53,0
2/27/26 13:00,23 St-Baruch College (6),Metrocard - Unlimited 7-Day,1,0
2/27/26 13:00,23 St-Baruch College (6),Metrocard - Other,4,0
2/27/26 13:00,23 St-Baruch College (6),OMNY - Full Fare,823,17
2/27/26 13:00,23 St-Baruch College (6),OMNY - Other,5,0
2/27/26 13:00,23 St-Baruch College (6),OMNY - Seniors & Disability,63,6
2/27/26 13:00,23 St-Baruch College (6),Metrocard - Unlimited 30-Day,2,0
2/27/26 13:00,23 St-Baruch College (6),OMNY - Students,66,2
2/27/26 12:00,23 St-Baruch College (6),Metrocard - Unlimited 30-Day,2,0
2/27/26 12:00,23 St-Baruch College (6),OMNY - Students,70,0
2/27/26 12:00,23 St-Baruch College (6),OMNY - Fair Fare,53,1
2/27/26 12:00,23 St-Baruch College (6),OMNY - Full Fare,890,25
2/27/26 12:00,23 St-Baruch College (6),OMNY - Other,15,0
2/27/26 12:00,23 St-Baruch College (6),Metrocard - Other,3,0
2/27/26 12:00,23 St-Baruch College (6),OMNY - Seniors & Disability,64,7
2/27/26 11:00,23 St-Baruch College (6),OMNY - Seniors & Disability,82,8
2/27/26 11:00,23 St-Baruch College (6),OMNY - Fair Fare,35,1
2/27/26 11:00,23 St-Baruch College (6),OMNY - Students,43,1
2/27/26 11:00,23 St-Baruch College (6),OMNY - Other,5,0
2/27/26 11:00,23 St-Baruch College (6),OMNY - Full Fare,626,16
2/27/26 11:00,23 St-Baruch College (6),Metrocard - Unlimited 7-Day,1,0
2/27/26 11:00,23 St-Baruch College (6),Metrocard - Other,1,1
2/27/26 10:00,23 St-Baruch College (6),Metrocard - Full Fare,1,0
2/27/26 10:00,23 St-Baruch College (6),Metrocard - Seniors & Disability,1,0
2/27/26 10:00,23 St-Baruch College (6),OMNY - Full Fare,506,29
2/27/26 10:00,23 St-Baruch College (6),OMNY - Fair Fare,21,3
2/27/26 10:00,23 St-Baruch College (6),OMNY - Other,7,0
2/27/26 10:00,23 St-Baruch College (6),Metrocard - Other,2,0
2/27/26 10:00,23 St-Baruch College (6),OMNY - Seniors & Disability,66,11
2/27/26 10:00,23 St-Baruch College (6),OMNY - Students,13,1
2/27/26 9:00,23 St-Baruch College (6),OMNY - Full Fare,743,48
2/27/26 9:00,23 St-Baruch College (6),Metrocard - Other,5,0
2/27/26 9:00,23 St-Baruch College (6),OMNY - Other,4,0
2/27/26 9:00,23 St-Baruch College (6),OMNY - Fair Fare,14,3
2/27/26 9:00,23 St-Baruch College (6),Metrocard - Unlimited 7-Day,1,0
2/27/26 9:00,23 St-Baruch College (6),OMNY - Seniors & Disability,52,9
2/27/26 9:00,23 St-Baruch College (6),OMNY - Students,24,0
2/27/26 8:00,23 St-Baruch College (6),Metrocard - Other,2,0
2/27/26 8:00,23 St-Baruch College (6),OMNY - Other,7,0
2/27/26 8:00,23 St-Baruch College (6),OMNY - Fair Fare,20,0
2/27/26 8:00,23 St-Baruch College (6),OMNY - Seniors & Disability,38,9
2/27/26 8:00,23 St-Baruch College (6),Metrocard - Unlimited 30-Day,1,0
2/27/26 8:00,23 St-Baruch College (6),OMNY - Students,40,4
2/27/26 8:00,23 St-Baruch College (6),OMNY - Full Fare,"1,015",82
2/27/26 7:00,23 St-Baruch College (6),OMNY - Students,85,4
2/27/26 7:00,23 St-Baruch College (6),Metrocard - Unlimited 30-Day,1,0
2/27/26 7:00,23 St-Baruch College (6),OMNY - Other,9,0
2/27/26 7:00,23 St-Baruch College (6),OMNY - Seniors & Disability,26,7
2/27/26 7:00,23 St-Baruch College (6),OMNY - Full Fare,545,79
2/27/26 7:00,23 St-Baruch College (6),Metrocard - Other,6,0
2/27/26 7:00,23 St-Baruch College (6),OMNY - Fair Fare,9,0
2/27/26 6:00,23 St-Baruch College (6),OMNY - Fair Fare,3,0
2/27/26 6:00,23 St-Baruch College (6),OMNY - Other,7,0
2/27/26 6:00,23 St-Baruch College (6),OMNY - Full Fare,198,45
2/27/26 6:00,23 St-Baruch College (6),Metrocard - Unlimited 30-Day,1,0
2/27/26 6:00,23 St-Baruch College (6),OMNY - Seniors & Disability,14,4
2/27/26 6:00,23 St-Baruch College (6),OMNY - Students,9,0
2/27/26 6:00,23 St-Baruch College (6),Metrocard - Other,2,0
2/27/26 5:00,23 St-Baruch College (6),OMNY - Students,1,0
2/27/26 5:00,23 St-Baruch College (6),OMNY - Fair Fare,1,1
2/27/26 5:00,23 St-Baruch College (6),OMNY - Full Fare,39,11
2/27/26 5:00,23 St-Baruch College (6),OMNY - Seniors & Disability,1,1
2/27/26 4:00,23 St-Baruch College (6),OMNY - Full Fare,10,0
2/27/26 4:00,23 St-Baruch College (6),OMNY - Other,1,0
2/27/26 4:00,23 St-Baruch College (6),OMNY - Students,2,0
2/27/26 3:00,23 St-Baruch College (6),OMNY - Fair Fare,2,0
2/27/26 3:00,23 St-Baruch College (6),OMNY - Full Fare,11,0
2/27/26 2:00,23 St-Baruch College (6),OMNY - Other,2,0
2/27/26 2:00,23 St-Baruch College (6),OMNY - Full Fare,27,1
2/27/26 2:00,23 St-Baruch College (6),Metrocard - Other,1,0
2/27/26 1:00,23 St-Baruch College (6),OMNY - Full Fare,65,0
2/27/26 1:00,23 St-Baruch College (6),Metrocard - Other,1,0
2/27/26 1:00,23 St-Baruch College (6),OMNY - Other,6,0
2/27/26 1:00,23 St-Baruch College (6),OMNY - Students,1,0
2/27/26 1:00,23 St-Baruch College (6),OMNY - Fair Fare,2,0
2/27/26 0:00,23 St-Baruch College (6),Metrocard - Seniors & Disability,1,0
2/27/26 0:00,23 St-Baruch College (6),OMNY - Seniors & Disability,5,0
2/27/26 0:00,23 St-Baruch College (6),OMNY - Other,7,0
2/27/26 0:00,23 St-Baruch College (6),OMNY - Full Fare,136,3
2/27/26 0:00,23 St-Baruch College (6),OMNY - Fair Fare,8,0
2/27/26 0:00,23 St-Baruch College (6),OMNY - Students,6,0
2/26/26 23:00,23 St-Baruch College (6),OMNY - Full Fare,258,2
2/26/26 23:00,23 St-Baruch College (6),OMNY - Seniors & Disability,15,1
2/26/26 23:00,23 St-Baruch College (6),Metrocard - Other,1,0
2/26/26 23:00,23 St-Baruch College (6),OMNY - Fair Fare,13,0
2/26/26 23:00,23 St-Baruch College (6),OMNY - Students,13,0
2/26/26 23:00,23 St-Baruch College (6),OMNY - Other,1,0
2/26/26 22:00,23 St-Baruch College (6),OMNY - Students,18,1
2/26/26 22:00,23 St-Baruch College (6),OMNY - Other,9,0
2/26/26 22:00,23 St-Baruch College (6),OMNY - Fair Fare,25,1
2/26/26 22:00,23 St-Baruch College (6),OMNY - Full Fare,416,6
2/26/26 22:00,23 St-Baruch College (6),OMNY - Seniors & Disability,14,0
2/26/26 22:00,23 St-Baruch College (6),Metrocard - Other,3,0
2/26/26 21:00,23 St-Baruch College (6),Metrocard - Unlimited 30-Day,1,0
2/26/26 21:00,23 St-Baruch College (6),OMNY - Fair Fare,49,0
2/26/26 21:00,23 St-Baruch College (6),Metrocard - Other,5,0
2/26/26 21:00,23 St-Baruch College (6),Metrocard - Full Fare,1,0
2/26/26 21:00,23 St-Baruch College (6),OMNY - Full Fare,754,7
2/26/26 21:00,23 St-Baruch College (6),OMNY - Students,37,0
2/26/26 21:00,23 St-Baruch College (6),OMNY - Seniors & Disability,28,1
2/26/26 21:00,23 St-Baruch College (6),OMNY - Other,10,0
2/26/26 20:00,23 St-Baruch College (6),OMNY - Other,16,0
2/26/26 20:00,23 St-Baruch College (6),Metrocard - Other,6,0
2/26/26 20:00,23 St-Baruch College (6),OMNY - Seniors & Disability,41,4
2/26/26 20:00,23 St-Baruch College (6),OMNY - Fair Fare,96,2
2/26/26 20:00,23 St-Baruch College (6),OMNY - Students,65,0
2/26/26 20:00,23 St-Baruch College (6),OMNY - Full Fare,"1,221",12
2/26/26 20:00,23 St-Baruch College (6),Metrocard - Unlimited 30-Day,2,0
2/26/26 19:00,23 St-Baruch College (6),OMNY - Seniors & Disability,49,9
2/26/26 19:00,23 St-Baruch College (6),Metrocard - Full Fare,1,0
2/26/26 19:00,23 St-Baruch College (6),OMNY - Students,108,0
2/26/26 19:00,23 St-Baruch College (6),Metrocard - Other,7,0
2/26/26 19:00,23 St-Baruch College (6),Metrocard - Unlimited 30-Day,2,0
2/26/26 19:00,23 St-Baruch College (6),OMNY - Fair Fare,130,2
2/26/26 19:00,23 St-Baruch College (6),OMNY - Other,19,0
2/26/26 19:00,23 St-Baruch College (6),OMNY - Full Fare,"1,639",29
2/26/26 18:00,23 St-Baruch College (6),OMNY - Students,121,0
2/26/26 18:00,23 St-Baruch College (6),OMNY - Other,22,0
2/26/26 18:00,23 St-Baruch College (6),Metrocard - Full Fare,3,0
2/26/26 18:00,23 St-Baruch College (6),Metrocard - Unlimited 30-Day,3,0
2/26/26 18:00,23 St-Baruch College (6),OMNY - Seniors & Disability,70,6
2/26/26 18:00,23 St-Baruch College (6),OMNY - Full Fare,"1,865",28
2/26/26 18:00,23 St-Baruch College (6),OMNY - Fair Fare,68,3
2/26/26 18:00,23 St-Baruch College (6),Metrocard - Other,9,0
2/26/26 17:00,23 St-Baruch College (6),Metrocard - Other,4,0
2/26/26 17:00,23 St-Baruch College (6),OMNY - Students,220,1
2/26/26 17:00,23 St-Baruch College (6),Metrocard - Full Fare,2,0
2/26/26 17:00,23 St-Baruch College (6),OMNY - Fair Fare,139,0
2/26/26 17:00,23 St-Baruch College (6),OMNY - Seniors & Disability,108,3
2/26/26 17:00,23 St-Baruch College (6),OMNY - Other,27,0
2/26/26 17:00,23 St-Baruch College (6),OMNY - Full Fare,"2,687",29
2/26/26 17:00,23 St-Baruch College (6),Metrocard - Unlimited 30-Day,5,0
2/26/26 16:00,23 St-Baruch College (6),OMNY - Full Fare,"1,964",33
2/26/26 16:00,23 St-Baruch College (6),Metrocard - Other,9,0
2/26/26 16:00,23 St-Baruch College (6),OMNY - Other,27,0
2/26/26 16:00,23 St-Baruch College (6),Metrocard - Full Fare,1,0
2/26/26 16:00,23 St-Baruch College (6),Metrocard - Unlimited 30-Day,1,0
2/26/26 16:00,23 St-Baruch College (6),OMNY - Fair Fare,134,1
2/26/26 16:00,23 St-Baruch College (6),Metrocard - Unlimited 7-Day,3,0
2/26/26 16:00,23 St-Baruch College (6),OMNY - Seniors & Disability,132,8
2/26/26 16:00,23 St-Baruch College (6),Metrocard - Seniors & Disability,1,0
2/26/26 16:00,23 St-Baruch College (6),OMNY - Students,205,2
2/26/26 15:00,23 St-Baruch College (6),Metrocard - Other,10,0
2/26/26 15:00,23 St-Baruch College (6),Metrocard - Full Fare,1,0
2/26/26 15:00,23 St-Baruch College (6),OMNY - Full Fare,"1,632",31
2/26/26 15:00,23 St-Baruch College (6),OMNY - Seniors & Disability,145,13
2/26/26 15:00,23 St-Baruch College (6),Metrocard - Unlimited 7-Day,1,0
2/26/26 15:00,23 St-Baruch College (6),OMNY - Students,429,1
2/26/26 15:00,23 St-Baruch College (6),OMNY - Fair Fare,116,2
2/26/26 15:00,23 St-Baruch College (6),Metrocard - Unlimited 30-Day,5,0
2/26/26 15:00,23 St-Baruch College (6),Metrocard - Seniors & Disability,1,0
2/26/26 15:00,23 St-Baruch College (6),OMNY - Other,15,0
2/26/26 14:00,23 St-Baruch College (6),OMNY - Seniors & Disability,81,12
2/26/26 14:00,23 St-Baruch College (6),OMNY - Full Fare,"1,083",26
2/26/26 14:00,23 St-Baruch College (6),OMNY - Fair Fare,63,1
2/26/26 14:00,23 St-Baruch College (6),Metrocard - Unlimited 30-Day,4,0
2/26/26 14:00,23 St-Baruch College (6),OMNY - Students,222,1
2/26/26 14:00,23 St-Baruch College (6),Metrocard - Other,5,0
2/26/26 14:00,23 St-Baruch College (6),Metrocard - Full Fare,1,0
2/26/26 14:00,23 St-Baruch College (6),Metrocard - Unlimited 7-Day,1,0
2/26/26 14:00,23 St-Baruch College (6),OMNY - Other,12,0
2/26/26 13:00,23 St-Baruch College (6),OMNY - Seniors & Disability,73,10
2/26/26 13:00,23 St-Baruch College (6),Metrocard - Unlimited 7-Day,1,0
2/26/26 13:00,23 St-Baruch College (6),OMNY - Full Fare,746,20
2/26/26 13:00,23 St-Baruch College (6),OMNY - Students,39,0
2/26/26 13:00,23 St-Baruch College (6),Metrocard - Other,3,0
2/26/26 13:00,23 St-Baruch College (6),Metrocard - Unlimited 30-Day,2,0
2/26/26 13:00,23 St-Baruch College (6),OMNY - Other,15,0
2/26/26 13:00,23 St-Baruch College (6),Metrocard - Full Fare,1,0
2/26/26 13:00,23 St-Baruch College (6),OMNY - Fair Fare,43,1
2/26/26 12:00,23 St-Baruch College (6),OMNY - Other,8,0
2/26/26 12:00,23 St-Baruch College (6),Metrocard - Other,4,0
2/26/26 12:00,23 St-Baruch College (6),OMNY - Students,97,0
2/26/26 12:00,23 St-Baruch College (6),OMNY - Seniors & Disability,76,6
2/26/26 12:00,23 St-Baruch College (6),OMNY - Full Fare,"1,073",12
2/26/26 12:00,23 St-Baruch College (6),OMNY - Fair Fare,78,0
2/26/26 12:00,23 St-Baruch College (6),Metrocard - Unlimited 30-Day,2,0
2/26/26 12:00,23 St-Baruch College (6),Metrocard - Full Fare,2,0
2/26/26 12:00,23 St-Baruch College (6),Metrocard - Unlimited 7-Day,1,0
2/26/26 11:00,23 St-Baruch College (6),OMNY - Students,45,1
2/26/26 11:00,23 St-Baruch College (6),OMNY - Full Fare,728,17
2/26/26 11:00,23 St-Baruch College (6),OMNY - Fair Fare,60,1
2/26/26 11:00,23 St-Baruch College (6),OMNY - Other,13,0
2/26/26 11:00,23 St-Baruch College (6),Metrocard - Other,7,0
2/26/26 11:00,23 St-Baruch College (6),OMNY - Seniors & Disability,73,10
2/26/26 10:00,23 St-Baruch College (6),OMNY - Fair Fare,34,0
2/26/26 10:00,23 St-Baruch College (6),OMNY - Seniors & Disability,77,11
2/26/26 10:00,23 St-Baruch College (6),Metrocard - Other,7,1
2/26/26 10:00,23 St-Baruch College (6),OMNY - Full Fare,728,26
2/26/26 10:00,23 St-Baruch College (6),Metrocard - Unlimited 30-Day,1,0
2/26/26 10:00,23 St-Baruch College (6),OMNY - Other,7,0
2/26/26 10:00,23 St-Baruch College (6),OMNY - Students,45,0
2/26/26 9:00,23 St-Baruch College (6),Metrocard - Other,2,0
2/26/26 9:00,23 St-Baruch College (6),Metrocard - Unlimited 30-Day,2,0
2/26/26 9:00,23 St-Baruch College (6),OMNY - Seniors & Disability,58,7
2/26/26 9:00,23 St-Baruch College (6),Metrocard - Unlimited 7-Day,1,0
2/26/26 9:00,23 St-Baruch College (6),OMNY - Students,25,0
2/26/26 9:00,23 St-Baruch College (6),OMNY - Full Fare,"1,102",64
2/26/26 9:00,23 St-Baruch College (6),OMNY - Other,8,0
2/26/26 9:00,23 St-Baruch College (6),OMNY - Fair Fare,22,2
2/26/26 8:00,23 St-Baruch College (6),OMNY - Seniors & Disability,58,13
2/26/26 8:00,23 St-Baruch College (6),OMNY - Fair Fare,21,1
2/26/26 8:00,23 St-Baruch College (6),OMNY - Other,19,0
2/26/26 8:00,23 St-Baruch College (6),Metrocard - Unlimited 30-Day,1,0
2/26/26 8:00,23 St-Baruch College (6),OMNY - Students,45,2
2/26/26 8:00,23 St-Baruch College (6),Metrocard - Other,3,0
2/26/26 8:00,23 St-Baruch College (6),OMNY - Full Fare,"1,580",117
2/26/26 7:00,23 St-Baruch College (6),OMNY - Other,6,0
2/26/26 7:00,23 St-Baruch College (6),OMNY - Seniors & Disability,29,9
2/26/26 7:00,23 St-Baruch College (6),OMNY - Fair Fare,12,1
2/26/26 7:00,23 St-Baruch College (6),OMNY - Full Fare,747,112
2/26/26 7:00,23 St-Baruch College (6),OMNY - Students,83,4
2/26/26 7:00,23 St-Baruch College (6),Metrocard - Other,4,0
2/26/26 6:00,23 St-Baruch College (6),OMNY - Seniors & Disability,14,6
2/26/26 6:00,23 St-Baruch College (6),OMNY - Full Fare,236,55
2/26/26 6:00,23 St-Baruch College (6),OMNY - Students,10,0
2/26/26 6:00,23 St-Baruch College (6),Metrocard - Unlimited 30-Day,2,0
2/26/26 6:00,23 St-Baruch College (6),OMNY - Fair Fare,6,0
2/26/26 6:00,23 St-Baruch College (6),Metrocard - Other,1,0
2/26/26 6:00,23 St-Baruch College (6),OMNY - Other,3,0
2/26/26 5:00,23 St-Baruch College (6),OMNY - Fair Fare,3,1
2/26/26 5:00,23 St-Baruch College (6),OMNY - Seniors & Disability,3,3
2/26/26 5:00,23 St-Baruch College (6),OMNY - Other,1,0
2/26/26 5:00,23 St-Baruch College (6),OMNY - Students,2,0
2/26/26 5:00,23 St-Baruch College (6),OMNY - Full Fare,50,18
2/26/26 4:00,23 St-Baruch College (6),OMNY - Full Fare,18,0
2/26/26 4:00,23 St-Baruch College (6),OMNY - Other,1,0
2/26/26 4:00,23 St-Baruch College (6),Metrocard - Other,1,0
2/26/26 3:00,23 St-Baruch College (6),OMNY - Full Fare,5,0
2/26/26 3:00,23 St-Baruch College (6),Metrocard - Other,1,0
2/26/26 2:00,23 St-Baruch College (6),OMNY - Fair Fare,2,0
2/26/26 2:00,23 St-Baruch College (6),OMNY - Full Fare,11,0
2/26/26 1:00,23 St-Baruch College (6),OMNY - Other,6,0
2/26/26 1:00,23 St-Baruch College (6),OMNY - Seniors & Disability,3,1
2/26/26 1:00,23 St-Baruch College (6),OMNY - Fair Fare,3,0
2/26/26 1:00,23 St-Baruch College (6),OMNY - Full Fare,36,0
2/26/26 1:00,23 St-Baruch College (6),OMNY - Students,2,0
2/26/26 0:00,23 St-Baruch College (6),OMNY - Other,5,0
2/26/26 0:00,23 St-Baruch College (6),OMNY - Students,6,0
2/26/26 0:00,23 St-Baruch College (6),OMNY - Fair Fare,10,0
2/26/26 0:00,23 St-Baruch College (6),OMNY - Full Fare,108,3
2/26/26 0:00,23 St-Baruch College (6),OMNY - Seniors & Disability,5,0
2/25/26 23:00,23 St-Baruch College (6),OMNY - Other,1,0
2/25/26 23:00,23 St-Baruch College (6),OMNY - Students,15,0
2/25/26 23:00,23 St-Baruch College (6),OMNY - Fair Fare,5,0
2/25/26 23:00,23 St-Baruch College (6),OMNY - Full Fare,257,4
2/25/26 23:00,23 St-Baruch College (6),Metrocard - Other,1,0
2/25/26 23:00,23 St-Baruch College (6),OMNY - Seniors & Disability,12,0
2/25/26 22:00,23 St-Baruch College (6),OMNY - Full Fare,458,10
2/25/26 22:00,23 St-Baruch College (6),OMNY - Other,8,0
2/25/26 22:00,23 St-Baruch College (6),OMNY - Students,14,0
2/25/26 22:00,23 St-Baruch College (6),OMNY - Fair Fare,19,0
2/25/26 22:00,23 St-Baruch College (6),Metrocard - Other,2,0
2/25/26 22:00,23 St-Baruch College (6),OMNY - Seniors & Disability,18,0
2/25/26 21:00,23 St-Baruch College (6),OMNY - Seniors & Disability,29,1
2/25/26 21:00,23 St-Baruch College (6),Metrocard - Other,3,0
2/25/26 21:00,23 St-Baruch College (6),OMNY - Full Fare,908,5
2/25/26 21:00,23 St-Baruch College (6),OMNY - Other,7,0
2/25/26 21:00,23 St-Baruch College (6),OMNY - Fair Fare,66,0
2/25/26 21:00,23 St-Baruch College (6),OMNY - Students,42,0
2/25/26 20:00,23 St-Baruch College (6),OMNY - Seniors & Disability,50,2
2/25/26 20:00,23 St-Baruch College (6),Metrocard - Other,7,0
2/25/26 20:00,23 St-Baruch College (6),OMNY - Students,72,0
2/25/26 20:00,23 St-Baruch College (6),OMNY - Full Fare,"1,268",3
2/25/26 20:00,23 St-Baruch College (6),Metrocard - Unlimited 30-Day,2,0
2/25/26 20:00,23 St-Baruch College (6),OMNY - Fair Fare,80,0
2/25/26 20:00,23 St-Baruch College (6),OMNY - Other,12,0
2/25/26 19:00,23 St-Baruch College (6),Metrocard - Seniors & Disability,1,0
2/25/26 19:00,23 St-Baruch College (6),OMNY - Full Fare,"1,512",16
2/25/26 19:00,23 St-Baruch College (6),OMNY - Fair Fare,104,1
2/25/26 19:00,23 St-Baruch College (6),Metrocard - Unlimited 30-Day,1,0
2/25/26 19:00,23 St-Baruch College (6),OMNY - Seniors & Disability,50,2
2/25/26 19:00,23 St-Baruch College (6),OMNY - Other,10,1
2/25/26 19:00,23 St-Baruch College (6),Metrocard - Other,3,0
2/25/26 19:00,23 St-Baruch College (6),OMNY - Students,109,2
2/25/26 18:00,23 St-Baruch College (6),OMNY - Students,99,1
2/25/26 18:00,23 St-Baruch College (6),OMNY - Other,20,0
2/25/26 18:00,23 St-Baruch College (6),Metrocard - Unlimited 30-Day,1,0
2/25/26 18:00,23 St-Baruch College (6),OMNY - Fair Fare,77,2
2/25/26 18:00,23 St-Baruch College (6),Metrocard - Other,5,0
2/25/26 18:00,23 St-Baruch College (6),OMNY - Full Fare,"1,856",30
2/25/26 18:00,23 St-Baruch College (6),OMNY - Seniors & Disability,68,10
2/25/26 17:00,23 St-Baruch College (6),Metrocard - Other,2,0
2/25/26 17:00,23 St-Baruch College (6),OMNY - Seniors & Disability,128,5
2/25/26 17:00,23 St-Baruch College (6),Metrocard - Unlimited 30-Day,5,0
2/25/26 17:00,23 St-Baruch College (6),OMNY - Fair Fare,122,3
2/25/26 17:00,23 St-Baruch College (6),OMNY - Students,235,3
2/25/26 17:00,23 St-Baruch College (6),OMNY - Other,29,0
2/25/26 17:00,23 St-Baruch College (6),OMNY - Full Fare,"2,522",26
2/25/26 16:00,23 St-Baruch College (6),Metrocard - Full Fare,1,0
2/25/26 16:00,23 St-Baruch College (6),OMNY - Full Fare,"2,019",47
2/25/26 16:00,23 St-Baruch College (6),Metrocard - Unlimited 7-Day,3,0
2/25/26 16:00,23 St-Baruch College (6),OMNY - Students,218,3
2/25/26 16:00,23 St-Baruch College (6),Metrocard - Unlimited 30-Day,2,0
2/25/26 16:00,23 St-Baruch College (6),OMNY - Fair Fare,139,4
2/25/26 16:00,23 St-Baruch College (6),OMNY - Seniors & Disability,110,11
2/25/26 16:00,23 St-Baruch College (6),OMNY - Other,36,0
2/25/26 16:00,23 St-Baruch College (6),Metrocard - Other,10,0
2/25/26 15:00,23 St-Baruch College (6),OMNY - Students,339,2
2/25/26 15:00,23 St-Baruch College (6),OMNY - Other,21,0
2/25/26 15:00,23 St-Baruch College (6),OMNY - Full Fare,"1,627",28
2/25/26 15:00,23 St-Baruch College (6),OMNY - Seniors & Disability,124,9
2/25/26 15:00,23 St-Baruch College (6),Metrocard - Seniors & Disability,1,0
2/25/26 15:00,23 St-Baruch College (6),Metrocard - Other,5,0
2/25/26 15:00,23 St-Baruch College (6),Metrocard - Unlimited 30-Day,3,0
2/25/26 15:00,23 St-Baruch College (6),OMNY - Fair Fare,99,3
2/25/26 14:00,23 St-Baruch College (6),OMNY - Fair Fare,106,3
2/25/26 14:00,23 St-Baruch College (6),Metrocard - Unlimited 30-Day,1,0
2/25/26 14:00,23 St-Baruch College (6),OMNY - Full Fare,"1,206",16
2/25/26 14:00,23 St-Baruch College (6),OMNY - Students,224,0
2/25/26 14:00,23 St-Baruch College (6),Metrocard - Seniors & Disability,1,0
2/25/26 14:00,23 St-Baruch College (6),OMNY - Seniors & Disability,102,14
2/25/26 14:00,23 St-Baruch College (6),OMNY - Other,15,0
2/25/26 14:00,23 St-Baruch College (6),Metrocard - Unlimited 7-Day,7,0
2/25/26 14:00,23 St-Baruch College (6),Metrocard - Other,7,0
2/25/26 13:00,23 St-Baruch College (6),OMNY - Fair Fare,42,0
2/25/26 13:00,23 St-Baruch College (6),Metrocard - Other,2,0
2/25/26 13:00,23 St-Baruch College (6),Metrocard - Full Fare,1,0
2/25/26 13:00,23 St-Baruch College (6),OMNY - Other,6,0
2/25/26 13:00,23 St-Baruch College (6),Metrocard - Unlimited 30-Day,6,0
2/25/26 13:00,23 St-Baruch College (6),OMNY - Students,51,0
2/25/26 13:00,23 St-Baruch College (6),OMNY - Full Fare,757,14
2/25/26 13:00,23 St-Baruch College (6),OMNY - Seniors & Disability,79,7
2/25/26 12:00,23 St-Baruch College (6),Metrocard - Other,4,1
2/25/26 12:00,23 St-Baruch College (6),OMNY - Students,56,0
2/25/26 12:00,23 St-Baruch College (6),Metrocard - Unlimited 30-Day,2,0
2/25/26 12:00,23 St-Baruch College (6),OMNY - Fair Fare,65,0
2/25/26 12:00,23 St-Baruch College (6),OMNY - Seniors & Disability,80,2
2/25/26 12:00,23 St-Baruch College (6),Metrocard - Unlimited 7-Day,4,0
2/25/26 12:00,23 St-Baruch College (6),OMNY - Other,10,0
2/25/26 12:00,23 St-Baruch College (6),OMNY - Full Fare,815,20
2/25/26 11:00,23 St-Baruch College (6),OMNY - Other,8,0
2/25/26 11:00,23 St-Baruch College (6),Metrocard - Full Fare,2,0
2/25/26 11:00,23 St-Baruch College (6),Metrocard - Unlimited 30-Day,1,0
2/25/26 11:00,23 St-Baruch College (6),OMNY - Full Fare,656,13
2/25/26 11:00,23 St-Baruch College (6),OMNY - Seniors & Disability,48,3
2/25/26 11:00,23 St-Baruch College (6),OMNY - Fair Fare,44,0
2/25/26 11:00,23 St-Baruch College (6),OMNY - Students,43,1
2/25/26 11:00,23 St-Baruch College (6),Metrocard - Other,3,0
2/25/26 10:00,23 St-Baruch College (6),Metrocard - Unlimited 7-Day,3,0
2/25/26 10:00,23 St-Baruch College (6),OMNY - Students,37,0
2/25/26 10:00,23 St-Baruch College (6),OMNY - Fair Fare,24,3
2/25/26 10:00,23 St-Baruch College (6),Metrocard - Unlimited 30-Day,2,0
2/25/26 10:00,23 St-Baruch College (6),Metrocard - Other,6,0
2/25/26 10:00,23 St-Baruch College (6),OMNY - Other,8,0
2/25/26 10:00,23 St-Baruch College (6),OMNY - Seniors & Disability,41,5
2/25/26 10:00,23 St-Baruch College (6),OMNY - Full Fare,739,55
2/25/26 9:00,23 St-Baruch College (6),OMNY - Seniors & Disability,56,7
2/25/26 9:00,23 St-Baruch College (6),OMNY - Students,13,0
2/25/26 9:00,23 St-Baruch College (6),OMNY - Full Fare,"1,110",85
2/25/26 9:00,23 St-Baruch College (6),OMNY - Fair Fare,19,1
2/25/26 9:00,23 St-Baruch College (6),OMNY - Other,7,0
2/25/26 8:00,23 St-Baruch College (6),OMNY - Fair Fare,26,3
2/25/26 8:00,23 St-Baruch College (6),OMNY - Seniors & Disability,38,4
2/25/26 8:00,23 St-Baruch College (6),Metrocard - Other,3,0
2/25/26 8:00,23 St-Baruch College (6),OMNY - Full Fare,"1,657",104
2/25/26 8:00,23 St-Baruch College (6),Metrocard - Unlimited 30-Day,1,0
2/25/26 8:00,23 St-Baruch College (6),Metrocard - Unlimited 7-Day,1,0
2/25/26 8:00,23 St-Baruch College (6),OMNY - Other,13,0
2/25/26 8:00,23 St-Baruch College (6),OMNY - Students,54,1
2/25/26 7:00,23 St-Baruch College (6),OMNY - Students,73,4
2/25/26 7:00,23 St-Baruch College (6),OMNY - Full Fare,791,104
2/25/26 7:00,23 St-Baruch College (6),Metrocard - Other,3,0
2/25/26 7:00,23 St-Baruch College (6),OMNY - Other,12,0
2/25/26 7:00,23 St-Baruch College (6),OMNY - Seniors & Disability,37,8
2/25/26 7:00,23 St-Baruch College (6),OMNY - Fair Fare,4,0
2/25/26 6:00,23 St-Baruch College (6),OMNY - Students,7,0
2/25/26 6:00,23 St-Baruch College (6),OMNY - Seniors & Disability,12,4
2/25/26 6:00,23 St-Baruch College (6),Metrocard - Other,3,0
2/25/26 6:00,23 St-Baruch College (6),OMNY - Full Fare,231,52
2/25/26 6:00,23 St-Baruch College (6),OMNY - Other,2,0
2/25/26 6:00,23 St-Baruch College (6),OMNY - Fair Fare,3,0
2/25/26 6:00,23 St-Baruch College (6),Metrocard - Unlimited 30-Day,1,0
2/25/26 5:00,23 St-Baruch College (6),OMNY - Fair Fare,4,1
2/25/26 5:00,23 St-Baruch College (6),OMNY - Other,2,0
2/25/26 5:00,23 St-Baruch College (6),OMNY - Seniors & Disability,1,0
2/25/26 5:00,23 St-Baruch College (6),OMNY - Full Fare,56,17
2/25/26 5:00,23 St-Baruch College (6),OMNY - Students,1,0
2/25/26 5:00,23 St-Baruch College (6),Metrocard - Other,2,0
2/25/26 4:00,23 St-Baruch College (6),OMNY - Seniors & Disability,1,0
2/25/26 4:00,23 St-Baruch College (6),OMNY - Full Fare,22,0
2/25/26 4:00,23 St-Baruch College (6),Metrocard - Other,1,0
2/25/26 4:00,23 St-Baruch College (6),OMNY - Other,4,0
2/25/26 3:00,23 St-Baruch College (6),OMNY - Other,3,0
2/25/26 3:00,23 St-Baruch College (6),OMNY - Full Fare,17,0
2/25/26 3:00,23 St-Baruch College (6),Metrocard - Other,1,0
2/25/26 3:00,23 St-Baruch College (6),OMNY - Fair Fare,1,0
2/25/26 2:00,23 St-Baruch College (6),OMNY - Full Fare,13,0
2/25/26 1:00,23 St-Baruch College (6),OMNY - Fair Fare,4,0
2/25/26 1:00,23 St-Baruch College (6),OMNY - Seniors & Disability,1,0
2/25/26 1:00,23 St-Baruch College (6),OMNY - Full Fare,27,0
2/25/26 1:00,23 St-Baruch College (6),OMNY - Other,2,0
2/25/26 1:00,23 St-Baruch College (6),Metrocard - Other,1,0
2/25/26 0:00,23 St-Baruch College (6),OMNY - Fair Fare,12,0
2/25/26 0:00,23 St-Baruch College (6),OMNY - Seniors & Disability,4,0
2/25/26 0:00,23 St-Baruch College (6),OMNY - Students,2,0
2/25/26 0:00,23 St-Baruch College (6),OMNY - Full Fare,87,0
2/25/26 0:00,23 St-Baruch College (6),OMNY - Other,1,0
2/25/26 0:00,23 St-Baruch College (6),Metrocard - Other,1,0
2/24/26 23:00,23 St-Baruch College (6),OMNY - Other,5,0
2/24/26 23:00,23 St-Baruch College (6),OMNY - Seniors & Disability,12,0
2/24/26 23:00,23 St-Baruch College (6),Metrocard - Other,1,0
2/24/26 23:00,23 St-Baruch College (6),OMNY - Full Fare,219,8
2/24/26 23:00,23 St-Baruch College (6),OMNY - Fair Fare,7,0
2/24/26 23:00,23 St-Baruch College (6),OMNY - Students,5,0
2/24/26 22:00,23 St-Baruch College (6),OMNY - Full Fare,422,6
2/24/26 22:00,23 St-Baruch College (6),OMNY - Fair Fare,18,0
2/24/26 22:00,23 St-Baruch College (6),OMNY - Seniors & Disability,11,0
2/24/26 22:00,23 St-Baruch College (6),OMNY - Other,5,0
2/24/26 22:00,23 St-Baruch College (6),OMNY - Students,3,0
2/24/26 22:00,23 St-Baruch College (6),Metrocard - Other,1,0
2/24/26 21:00,23 St-Baruch College (6),Metrocard - Other,5,0
2/24/26 21:00,23 St-Baruch College (6),OMNY - Students,17,0
2/24/26 21:00,23 St-Baruch College (6),OMNY - Seniors & Disability,11,1
2/24/26 21:00,23 St-Baruch College (6),OMNY - Fair Fare,23,0
2/24/26 21:00,23 St-Baruch College (6),OMNY - Other,5,0
2/24/26 21:00,23 St-Baruch College (6),OMNY - Full Fare,433,6
2/24/26 20:00,23 St-Baruch College (6),OMNY - Other,10,0
2/24/26 20:00,23 St-Baruch College (6),Metrocard - Other,6,1
2/24/26 20:00,23 St-Baruch College (6),Metrocard - Unlimited 30-Day,1,0
2/24/26 20:00,23 St-Baruch College (6),OMNY - Seniors & Disability,26,5
2/24/26 20:00,23 St-Baruch College (6),OMNY - Fair Fare,20,0
2/24/26 20:00,23 St-Baruch College (6),OMNY - Students,21,0
2/24/26 20:00,23 St-Baruch College (6),OMNY - Full Fare,574,7
2/24/26 19:00,23 St-Baruch College (6),Metrocard - Unlimited 30-Day,2,0
2/24/26 19:00,23 St-Baruch College (6),OMNY - Students,26,0
2/24/26 19:00,23 St-Baruch College (6),OMNY - Seniors & Disability,20,2
2/24/26 19:00,23 St-Baruch College (6),OMNY - Other,16,0
2/24/26 19:00,23 St-Baruch College (6),OMNY - Fair Fare,28,0
2/24/26 19:00,23 St-Baruch College (6),Metrocard - Other,3,0
2/24/26 19:00,23 St-Baruch College (6),OMNY - Full Fare,842,7
2/24/26 18:00,23 St-Baruch College (6),OMNY - Other,6,0
2/24/26 18:00,23 St-Baruch College (6),Metrocard - Unlimited 7-Day,6,0
2/24/26 18:00,23 St-Baruch College (6),Metrocard - Unlimited 30-Day,1,0
2/24/26 18:00,23 St-Baruch College (6),OMNY - Full Fare,"1,419",24
2/24/26 18:00,23 St-Baruch College (6),OMNY - Fair Fare,48,1
2/24/26 18:00,23 St-Baruch College (6),OMNY - Seniors & Disability,52,0
2/24/26 18:00,23 St-Baruch College (6),Metrocard - Other,6,0
2/24/26 18:00,23 St-Baruch College (6),OMNY - Students,53,0
2/24/26 17:00,23 St-Baruch College (6),Metrocard - Other,2,0
2/24/26 17:00,23 St-Baruch College (6),OMNY - Other,13,0
2/24/26 17:00,23 St-Baruch College (6),OMNY - Full Fare,"1,581",29
2/24/26 17:00,23 St-Baruch College (6),OMNY - Students,76,2
2/24/26 17:00,23 St-Baruch College (6),OMNY - Seniors & Disability,89,4
2/24/26 17:00,23 St-Baruch College (6),Metrocard - Unlimited 30-Day,5,0
2/24/26 17:00,23 St-Baruch College (6),OMNY - Fair Fare,50,3
2/24/26 17:00,23 St-Baruch College (6),Metrocard - Unlimited 7-Day,3,0
2/24/26 16:00,23 St-Baruch College (6),OMNY - Students,112,2
2/24/26 16:00,23 St-Baruch College (6),Metrocard - Unlimited 7-Day,3,0
2/24/26 16:00,23 St-Baruch College (6),Metrocard - Unlimited 30-Day,2,0
2/24/26 16:00,23 St-Baruch College (6),OMNY - Other,9,0
2/24/26 16:00,23 St-Baruch College (6),OMNY - Fair Fare,70,1
2/24/26 16:00,23 St-Baruch College (6),Metrocard - Other,9,0
2/24/26 16:00,23 St-Baruch College (6),Metrocard - Full Fare,2,0
2/24/26 16:00,23 St-Baruch College (6),OMNY - Full Fare,"1,371",31
2/24/26 16:00,23 St-Baruch College (6),OMNY - Seniors & Disability,93,6
2/24/26 15:00,23 St-Baruch College (6),Metrocard - Other,9,0
2/24/26 15:00,23 St-Baruch College (6),OMNY - Fair Fare,59,2
2/24/26 15:00,23 St-Baruch College (6),OMNY - Full Fare,"1,059",25
2/24/26 15:00,23 St-Baruch College (6),Metrocard - Full Fare,2,0
2/24/26 15:00,23 St-Baruch College (6),Metrocard - Unlimited 30-Day,2,0
2/24/26 15:00,23 St-Baruch College (6),OMNY - Other,15,0
2/24/26 15:00,23 St-Baruch College (6),Metrocard - Unlimited 7-Day,2,0
2/24/26 15:00,23 St-Baruch College (6),OMNY - Seniors & Disability,81,4
2/24/26 15:00,23 St-Baruch College (6),OMNY - Students,285,7
2/24/26 14:00,23 St-Baruch College (6),OMNY - Students,134,1
2/24/26 14:00,23 St-Baruch College (6),Metrocard - Unlimited 30-Day,3,0
2/24/26 14:00,23 St-Baruch College (6),Metrocard - Full Fare,1,0
2/24/26 14:00,23 St-Baruch College (6),OMNY - Seniors & Disability,60,6
2/24/26 14:00,23 St-Baruch College (6),Metrocard - Other,7,0
2/24/26 14:00,23 St-Baruch College (6),OMNY - Full Fare,726,13
2/24/26 14:00,23 St-Baruch College (6),OMNY - Other,13,0
2/24/26 14:00,23 St-Baruch College (6),OMNY - Fair Fare,34,0
2/24/26 13:00,23 St-Baruch College (6),Metrocard - Other,4,0
2/24/26 13:00,23 St-Baruch College (6),OMNY - Other,10,0
2/24/26 13:00,23 St-Baruch College (6),OMNY - Seniors & Disability,62,7
2/24/26 13:00,23 St-Baruch College (6),Metrocard - Unlimited 30-Day,1,0
2/24/26 13:00,23 St-Baruch College (6),OMNY - Full Fare,498,9
2/24/26 13:00,23 St-Baruch College (6),OMNY - Fair Fare,27,0
2/24/26 13:00,23 St-Baruch College (6),OMNY - Students,20,0
2/24/26 12:00,23 St-Baruch College (6),Metrocard - Unlimited 30-Day,2,0
2/24/26 12:00,23 St-Baruch College (6),OMNY - Full Fare,483,15
2/24/26 12:00,23 St-Baruch College (6),Metrocard - Other,1,0
2/24/26 12:00,23 St-Baruch College (6),OMNY - Other,5,0
2/24/26 12:00,23 St-Baruch College (6),OMNY - Seniors & Disability,61,3
2/24/26 12:00,23 St-Baruch College (6),OMNY - Fair Fare,17,1
2/24/26 12:00,23 St-Baruch College (6),Metrocard - Unlimited 7-Day,3,0
2/24/26 12:00,23 St-Baruch College (6),OMNY - Students,25,0
2/24/26 11:00,23 St-Baruch College (6),OMNY - Fair Fare,18,1
2/24/26 11:00,23 St-Baruch College (6),OMNY - Students,12,0
2/24/26 11:00,23 St-Baruch College (6),OMNY - Seniors & Disability,53,8
2/24/26 11:00,23 St-Baruch College (6),OMNY - Other,7,0
2/24/26 11:00,23 St-Baruch College (6),Metrocard - Other,3,0
2/24/26 11:00,23 St-Baruch College (6),Metrocard - Unlimited 7-Day,14,0
2/24/26 11:00,23 St-Baruch College (6),OMNY - Full Fare,392,8
2/24/26 10:00,23 St-Baruch College (6),OMNY - Fair Fare,16,3
2/24/26 10:00,23 St-Baruch College (6),OMNY - Students,8,0
2/24/26 10:00,23 St-Baruch College (6),OMNY - Seniors & Disability,40,5
2/24/26 10:00,23 St-Baruch College (6),OMNY - Full Fare,466,16
2/24/26 10:00,23 St-Baruch College (6),Metrocard - Other,4,0
2/24/26 10:00,23 St-Baruch College (6),OMNY - Other,3,0
2/24/26 9:00,23 St-Baruch College (6),Metrocard - Full Fare,1,0
2/24/26 9:00,23 St-Baruch College (6),OMNY - Fair Fare,7,2
2/24/26 9:00,23 St-Baruch College (6),OMNY - Seniors & Disability,52,9
2/24/26 9:00,23 St-Baruch College (6),OMNY - Full Fare,907,50
2/24/26 9:00,23 St-Baruch College (6),OMNY - Students,17,0
2/24/26 9:00,23 St-Baruch College (6),OMNY - Other,14,0
2/24/26 8:00,23 St-Baruch College (6),OMNY - Full Fare,"1,295",87
2/24/26 8:00,23 St-Baruch College (6),OMNY - Students,44,2
2/24/26 8:00,23 St-Baruch College (6),OMNY - Seniors & Disability,33,1
2/24/26 8:00,23 St-Baruch College (6),OMNY - Other,8,0
2/24/26 8:00,23 St-Baruch College (6),Metrocard - Other,3,0
2/24/26 8:00,23 St-Baruch College (6),Metrocard - Unlimited 30-Day,1,0
2/24/26 8:00,23 St-Baruch College (6),OMNY - Fair Fare,20,4
2/24/26 7:00,23 St-Baruch College (6),OMNY - Other,2,0
2/24/26 7:00,23 St-Baruch College (6),Metrocard - Other,3,0
2/24/26 7:00,23 St-Baruch College (6),OMNY - Full Fare,643,90
2/24/26 7:00,23 St-Baruch College (6),OMNY - Fair Fare,3,0
2/24/26 7:00,23 St-Baruch College (6),OMNY - Students,51,2
2/24/26 7:00,23 St-Baruch College (6),OMNY - Seniors & Disability,24,5
2/24/26 6:00,23 St-Baruch College (6),Metrocard - Unlimited 30-Day,2,0
2/24/26 6:00,23 St-Baruch College (6),OMNY - Fair Fare,2,1
2/24/26 6:00,23 St-Baruch College (6),OMNY - Seniors & Disability,7,3
2/24/26 6:00,23 St-Baruch College (6),Metrocard - Other,5,0
2/24/26 6:00,23 St-Baruch College (6),OMNY - Other,4,0
2/24/26 6:00,23 St-Baruch College (6),OMNY - Students,5,0
2/24/26 6:00,23 St-Baruch College (6),OMNY - Full Fare,189,34
2/24/26 5:00,23 St-Baruch College (6),OMNY - Full Fare,25,4
2/24/26 5:00,23 St-Baruch College (6),OMNY - Students,2,0
2/24/26 5:00,23 St-Baruch College (6),OMNY - Fair Fare,4,1
2/24/26 5:00,23 St-Baruch College (6),OMNY - Other,2,0
2/24/26 5:00,23 St-Baruch College (6),OMNY - Seniors & Disability,3,2
2/24/26 4:00,23 St-Baruch College (6),OMNY - Full Fare,7,0
2/24/26 4:00,23 St-Baruch College (6),OMNY - Other,2,0
2/24/26 4:00,23 St-Baruch College (6),Metrocard - Other,1,0
2/24/26 3:00,23 St-Baruch College (6),OMNY - Full Fare,9,0
2/24/26 3:00,23 St-Baruch College (6),OMNY - Other,2,0
2/24/26 3:00,23 St-Baruch College (6),Metrocard - Other,1,0
2/24/26 2:00,23 St-Baruch College (6),OMNY - Fair Fare,1,0
2/24/26 2:00,23 St-Baruch College (6),Metrocard - Other,1,0
2/24/26 2:00,23 St-Baruch College (6),OMNY - Other,4,0
2/24/26 2:00,23 St-Baruch College (6),OMNY - Students,2,0
2/24/26 2:00,23 St-Baruch College (6),OMNY - Full Fare,7,0
2/24/26 1:00,23 St-Baruch College (6),OMNY - Full Fare,13,0
2/24/26 1:00,23 St-Baruch College (6),Metrocard - Other,1,0
2/24/26 1:00,23 St-Baruch College (6),OMNY - Students,1,0
2/24/26 1:00,23 St-Baruch College (6),OMNY - Other,2,0
2/24/26 0:00,23 St-Baruch College (6),OMNY - Full Fare,50,1
2/24/26 0:00,23 St-Baruch College (6),OMNY - Fair Fare,1,0
2/23/26 23:00,23 St-Baruch College (6),Metrocard - Other,1,0
2/23/26 23:00,23 St-Baruch College (6),OMNY - Fair Fare,4,0
2/23/26 23:00,23 St-Baruch College (6),OMNY - Other,1,0
2/23/26 23:00,23 St-Baruch College (6),OMNY - Students,6,0
2/23/26 23:00,23 St-Baruch College (6),OMNY - Full Fare,118,2
2/23/26 23:00,23 St-Baruch College (6),OMNY - Seniors & Disability,6,0
2/23/26 22:00,23 St-Baruch College (6),OMNY - Students,3,0
2/23/26 22:00,23 St-Baruch College (6),Metrocard - Other,1,0
2/23/26 22:00,23 St-Baruch College (6),OMNY - Seniors & Disability,5,2
2/23/26 22:00,23 St-Baruch College (6),Metrocard - Unlimited 30-Day,1,0
2/23/26 22:00,23 St-Baruch College (6),OMNY - Other,3,0
2/23/26 22:00,23 St-Baruch College (6),OMNY - Fair Fare,9,0
2/23/26 22:00,23 St-Baruch College (6),OMNY - Full Fare,118,1
2/23/26 21:00,23 St-Baruch College (6),OMNY - Students,4,0
2/23/26 21:00,23 St-Baruch College (6),OMNY - Full Fare,134,1
2/23/26 21:00,23 St-Baruch College (6),OMNY - Seniors & Disability,3,0
2/23/26 21:00,23 St-Baruch College (6),Metrocard - Other,4,0
2/23/26 21:00,23 St-Baruch College (6),OMNY - Other,5,0
2/23/26 21:00,23 St-Baruch College (6),OMNY - Fair Fare,4,0
2/23/26 20:00,23 St-Baruch College (6),OMNY - Full Fare,178,5
2/23/26 20:00,23 St-Baruch College (6),OMNY - Other,3,0
2/23/26 20:00,23 St-Baruch College (6),Metrocard - Other,4,0
2/23/26 20:00,23 St-Baruch College (6),OMNY - Students,7,0
2/23/26 20:00,23 St-Baruch College (6),OMNY - Seniors & Disability,4,1
2/23/26 20:00,23 St-Baruch College (6),OMNY - Fair Fare,10,1
2/23/26 19:00,23 St-Baruch College (6),OMNY - Seniors & Disability,5,1
2/23/26 19:00,23 St-Baruch College (6),Metrocard - Other,1,0
2/23/26 19:00,23 St-Baruch College (6),OMNY - Full Fare,206,3
2/23/26 19:00,23 St-Baruch College (6),OMNY - Fair Fare,7,0
2/23/26 19:00,23 St-Baruch College (6),OMNY - Students,9,0
2/23/26 19:00,23 St-Baruch College (6),OMNY - Other,2,0
2/23/26 18:00,23 St-Baruch College (6),OMNY - Other,6,0
2/23/26 18:00,23 St-Baruch College (6),OMNY - Seniors & Disability,14,0
2/23/26 18:00,23 St-Baruch College (6),OMNY - Fair Fare,3,0
2/23/26 18:00,23 St-Baruch College (6),OMNY - Students,7,0
2/23/26 18:00,23 St-Baruch College (6),Metrocard - Unlimited 7-Day,4,0
2/23/26 18:00,23 St-Baruch College (6),OMNY - Full Fare,244,3
2/23/26 18:00,23 St-Baruch College (6),Metrocard - Other,2,0
2/23/26 17:00,23 St-Baruch College (6),OMNY - Seniors & Disability,9,1
2/23/26 17:00,23 St-Baruch College (6),OMNY - Students,11,0
2/23/26 17:00,23 St-Baruch College (6),OMNY - Other,3,0
2/23/26 17:00,23 St-Baruch College (6),OMNY - Fair Fare,10,0
2/23/26 17:00,23 St-Baruch College (6),OMNY - Full Fare,291,8
2/23/26 17:00,23 St-Baruch College (6),Metrocard - Other,2,0
2/23/26 16:00,23 St-Baruch College (6),OMNY - Other,7,0
2/23/26 16:00,23 St-Baruch College (6),Metrocard - Unlimited 7-Day,3,0
2/23/26 16:00,23 St-Baruch College (6),OMNY - Full Fare,310,5
2/23/26 16:00,23 St-Baruch College (6),OMNY - Students,6,0
2/23/26 16:00,23 St-Baruch College (6),Metrocard - Other,4,0
2/23/26 16:00,23 St-Baruch College (6),OMNY - Fair Fare,7,0
2/23/26 16:00,23 St-Baruch College (6),OMNY - Seniors & Disability,22,1
2/23/26 16:00,23 St-Baruch College (6),Metrocard - Unlimited 30-Day,1,0
2/23/26 15:00,23 St-Baruch College (6),Metrocard - Unlimited 30-Day,1,0
2/23/26 15:00,23 St-Baruch College (6),OMNY - Fair Fare,12,0
2/23/26 15:00,23 St-Baruch College (6),Metrocard - Other,2,0
2/23/26 15:00,23 St-Baruch College (6),OMNY - Full Fare,257,3
2/23/26 15:00,23 St-Baruch College (6),OMNY - Students,12,0
2/23/26 15:00,23 St-Baruch College (6),Metrocard - Unlimited 7-Day,4,0
2/23/26 15:00,23 St-Baruch College (6),OMNY - Other,4,0
2/23/26 15:00,23 St-Baruch College (6),OMNY - Seniors & Disability,26,2
2/23/26 14:00,23 St-Baruch College (6),OMNY - Full Fare,185,3
2/23/26 14:00,23 St-Baruch College (6),Metrocard - Other,3,0
2/23/26 14:00,23 St-Baruch College (6),OMNY - Seniors & Disability,10,1
2/23/26 14:00,23 St-Baruch College (6),OMNY - Fair Fare,2,1
2/23/26 14:00,23 St-Baruch College (6),OMNY - Students,8,0
2/23/26 14:00,23 St-Baruch College (6),OMNY - Other,7,0
2/23/26 13:00,23 St-Baruch College (6),Metrocard - Unlimited 7-Day,4,0
2/23/26 13:00,23 St-Baruch College (6),OMNY - Other,3,0
2/23/26 13:00,23 St-Baruch College (6),Metrocard - Other,1,0
2/23/26 13:00,23 St-Baruch College (6),OMNY - Fair Fare,4,0
2/23/26 13:00,23 St-Baruch College (6),OMNY - Full Fare,112,0
2/23/26 13:00,23 St-Baruch College (6),OMNY - Students,7,0
2/23/26 13:00,23 St-Baruch College (6),OMNY - Seniors & Disability,15,1
2/23/26 12:00,23 St-Baruch College (6),Metrocard - Unlimited 7-Day,2,0
2/23/26 12:00,23 St-Baruch College (6),OMNY - Fair Fare,3,0
2/23/26 12:00,23 St-Baruch College (6),Metrocard - Unlimited 30-Day,1,0
2/23/26 12:00,23 St-Baruch College (6),OMNY - Full Fare,106,2
2/23/26 12:00,23 St-Baruch College (6),OMNY - Students,2,0
2/23/26 12:00,23 St-Baruch College (6),OMNY - Seniors & Disability,5,1
2/23/26 12:00,23 St-Baruch College (6),OMNY - Other,9,0
2/23/26 11:00,23 St-Baruch College (6),OMNY - Other,1,0
2/23/26 11:00,23 St-Baruch College (6),OMNY - Full Fare,91,1
2/23/26 11:00,23 St-Baruch College (6),OMNY - Students,8,1
2/23/26 11:00,23 St-Baruch College (6),OMNY - Seniors & Disability,10,1
2/23/26 11:00,23 St-Baruch College (6),OMNY - Fair Fare,3,0
2/23/26 10:00,23 St-Baruch College (6),OMNY - Other,6,0
2/23/26 10:00,23 St-Baruch College (6),OMNY - Seniors & Disability,4,0
2/23/26 10:00,23 St-Baruch College (6),OMNY - Full Fare,90,3
2/23/26 10:00,23 St-Baruch College (6),OMNY - Fair Fare,3,1
2/23/26 10:00,23 St-Baruch College (6),OMNY - Students,2,0
2/23/26 10:00,23 St-Baruch College (6),Metrocard - Unlimited 7-Day,3,0
2/23/26 9:00,23 St-Baruch College (6),OMNY - Students,1,0
2/23/26 9:00,23 St-Baruch College (6),OMNY - Full Fare,114,3
2/23/26 9:00,23 St-Baruch College (6),OMNY - Seniors & Disability,6,3
2/23/26 9:00,23 St-Baruch College (6),OMNY - Other,5,0
2/23/26 8:00,23 St-Baruch College (6),OMNY - Other,12,0
2/23/26 8:00,23 St-Baruch College (6),OMNY - Full Fare,207,7
2/23/26 8:00,23 St-Baruch College (6),Metrocard - Other,1,0
2/23/26 8:00,23 St-Baruch College (6),OMNY - Fair Fare,6,1
2/23/26 8:00,23 St-Baruch College (6),OMNY - Seniors & Disability,7,1
2/23/26 8:00,23 St-Baruch College (6),Metrocard - Unlimited 30-Day,1,0
2/23/26 8:00,23 St-Baruch College (6),OMNY - Students,2,0
2/23/26 7:00,23 St-Baruch College (6),Metrocard - Full Fare,2,0
2/23/26 7:00,23 St-Baruch College (6),OMNY - Fair Fare,3,0
2/23/26 7:00,23 St-Baruch College (6),OMNY - Full Fare,168,10
2/23/26 7:00,23 St-Baruch College (6),OMNY - Other,4,0
2/23/26 7:00,23 St-Baruch College (6),OMNY - Students,2,0
2/23/26 7:00,23 St-Baruch College (6),Metrocard - Other,1,0
2/23/26 7:00,23 St-Baruch College (6),OMNY - Seniors & Disability,6,0
2/23/26 6:00,23 St-Baruch College (6),OMNY - Full Fare,88,3
2/23/26 6:00,23 St-Baruch College (6),OMNY - Seniors & Disability,3,1
2/23/26 6:00,23 St-Baruch College (6),OMNY - Students,7,0
2/23/26 6:00,23 St-Baruch College (6),OMNY - Other,2,0
2/23/26 6:00,23 St-Baruch College (6),Metrocard - Other,2,0
2/23/26 5:00,23 St-Baruch College (6),OMNY - Other,1,0
2/23/26 5:00,23 St-Baruch College (6),Metrocard - Other,1,0
2/23/26 5:00,23 St-Baruch College (6),OMNY - Full Fare,17,0
2/23/26 5:00,23 St-Baruch College (6),OMNY - Fair Fare,1,0
2/23/26 5:00,23 St-Baruch College (6),OMNY - Seniors & Disability,1,0
2/23/26 4:00,23 St-Baruch College (6),Metrocard - Other,1,0
2/23/26 4:00,23 St-Baruch College (6),OMNY - Full Fare,3,0
2/23/26 3:00,23 St-Baruch College (6),OMNY - Other,1,0
2/23/26 3:00,23 St-Baruch College (6),OMNY - Full Fare,3,0
2/23/26 3:00,23 St-Baruch College (6),OMNY - Students,1,0
2/23/26 3:00,23 St-Baruch College (6),Metrocard - Other,2,0
2/23/26 2:00,23 St-Baruch College (6),OMNY - Other,1,0
2/23/26 2:00,23 St-Baruch College (6),OMNY - Fair Fare,1,0
2/23/26 2:00,23 St-Baruch College (6),Metrocard - Other,1,0
2/23/26 2:00,23 St-Baruch College (6),OMNY - Full Fare,5,0
2/23/26 1:00,23 St-Baruch College (6),OMNY - Students,1,0
2/23/26 1:00,23 St-Baruch College (6),OMNY - Full Fare,8,0
2/23/26 1:00,23 St-Baruch College (6),OMNY - Other,1,0
2/23/26 1:00,23 St-Baruch College (6),OMNY - Seniors & Disability,2,0
2/23/26 0:00,23 St-Baruch College (6),OMNY - Seniors & Disability,2,0
2/23/26 0:00,23 St-Baruch College (6),Metrocard - Other,1,0
2/23/26 0:00,23 St-Baruch College (6),OMNY - Students,2,0
2/23/26 0:00,23 St-Baruch College (6),OMNY - Fair Fare,2,0
2/23/26 0:00,23 St-Baruch College (6),OMNY - Full Fare,34,0
2/23/26 0:00,23 St-Baruch College (6),OMNY - Other,2,0
2/22/26 23:00,23 St-Baruch College (6),OMNY - Full Fare,55,0
2/22/26 23:00,23 St-Baruch College (6),OMNY - Other,3,0
2/22/26 23:00,23 St-Baruch College (6),OMNY - Fair Fare,2,0
2/22/26 23:00,23 St-Baruch College (6),OMNY - Students,1,0
2/22/26 23:00,23 St-Baruch College (6),OMNY - Seniors & Disability,2,0
2/22/26 22:00,23 St-Baruch College (6),OMNY - Other,2,0
2/22/26 22:00,23 St-Baruch College (6),OMNY - Seniors & Disability,1,0
2/22/26 22:00,23 St-Baruch College (6),OMNY - Fair Fare,5,0
2/22/26 22:00,23 St-Baruch College (6),OMNY - Full Fare,126,0
2/22/26 22:00,23 St-Baruch College (6),OMNY - Students,3,0
2/22/26 22:00,23 St-Baruch College (6),Metrocard - Other,2,0
2/22/26 21:00,23 St-Baruch College (6),Metrocard - Unlimited 30-Day,1,0
2/22/26 21:00,23 St-Baruch College (6),Metrocard - Other,1,0
2/22/26 21:00,23 St-Baruch College (6),OMNY - Full Fare,161,4
2/22/26 21:00,23 St-Baruch College (6),OMNY - Other,1,0
2/22/26 21:00,23 St-Baruch College (6),OMNY - Fair Fare,4,0
2/22/26 21:00,23 St-Baruch College (6),OMNY - Students,8,0
2/22/26 20:00,23 St-Baruch College (6),Metrocard - Other,1,0
2/22/26 20:00,23 St-Baruch College (6),OMNY - Students,8,0
2/22/26 20:00,23 St-Baruch College (6),OMNY - Other,4,0
2/22/26 20:00,23 St-Baruch College (6),OMNY - Fair Fare,13,2
2/22/26 20:00,23 St-Baruch College (6),OMNY - Seniors & Disability,6,1
2/22/26 20:00,23 St-Baruch College (6),OMNY - Full Fare,269,3
2/22/26 19:00,23 St-Baruch College (6),OMNY - Seniors & Disability,14,3
2/22/26 19:00,23 St-Baruch College (6),OMNY - Full Fare,291,2
2/22/26 19:00,23 St-Baruch College (6),OMNY - Fair Fare,15,0
2/22/26 19:00,23 St-Baruch College (6),OMNY - Students,5,1
2/22/26 19:00,23 St-Baruch College (6),OMNY - Other,5,0
2/22/26 19:00,23 St-Baruch College (6),Metrocard - Unlimited 30-Day,1,0
2/22/26 18:00,23 St-Baruch College (6),Metrocard - Unlimited 7-Day,1,0
2/22/26 18:00,23 St-Baruch College (6),OMNY - Other,4,0
2/22/26 18:00,23 St-Baruch College (6),OMNY - Seniors & Disability,12,0
2/22/26 18:00,23 St-Baruch College (6),OMNY - Full Fare,291,4
2/22/26 18:00,23 St-Baruch College (6),Metrocard - Unlimited 30-Day,1,0
2/22/26 18:00,23 St-Baruch College (6),OMNY - Fair Fare,3,0
2/22/26 18:00,23 St-Baruch College (6),OMNY - Students,7,0
2/22/26 17:00,23 St-Baruch College (6),OMNY - Seniors & Disability,16,1
2/22/26 17:00,23 St-Baruch College (6),OMNY - Fair Fare,12,0
2/22/26 17:00,23 St-Baruch College (6),OMNY - Full Fare,421,8
2/22/26 17:00,23 St-Baruch College (6),Metrocard - Full Fare,1,0
2/22/26 17:00,23 St-Baruch College (6),Metrocard - Unlimited 7-Day,2,0
2/22/26 17:00,23 St-Baruch College (6),Metrocard - Unlimited 30-Day,1,0
2/22/26 17:00,23 St-Baruch College (6),Metrocard - Other,4,0
2/22/26 17:00,23 St-Baruch College (6),OMNY - Other,9,0
2/22/26 17:00,23 St-Baruch College (6),OMNY - Students,15,0
2/22/26 16:00,23 St-Baruch College (6),OMNY - Students,10,2
2/22/26 16:00,23 St-Baruch College (6),Metrocard - Unlimited 7-Day,1,0
2/22/26 16:00,23 St-Baruch College (6),OMNY - Other,7,0
2/22/26 16:00,23 St-Baruch College (6),OMNY - Fair Fare,9,0
2/22/26 16:00,23 St-Baruch College (6),OMNY - Seniors & Disability,12,0
2/22/26 16:00,23 St-Baruch College (6),Metrocard - Other,3,1
2/22/26 16:00,23 St-Baruch College (6),OMNY - Full Fare,425,6
2/22/26 15:00,23 St-Baruch College (6),Metrocard - Unlimited 30-Day,1,0
2/22/26 15:00,23 St-Baruch College (6),OMNY - Other,11,0
2/22/26 15:00,23 St-Baruch College (6),OMNY - Seniors & Disability,18,2
2/22/26 15:00,23 St-Baruch College (6),Metrocard - Other,2,0
2/22/26 15:00,23 St-Baruch College (6),OMNY - Fair Fare,15,0
2/22/26 15:00,23 St-Baruch College (6),OMNY - Students,17,1
2/22/26 15:00,23 St-Baruch College (6),OMNY - Full Fare,430,9
2/22/26 14:00,23 St-Baruch College (6),OMNY - Other,2,0
2/22/26 14:00,23 St-Baruch College (6),OMNY - Seniors & Disability,21,1
2/22/26 14:00,23 St-Baruch College (6),OMNY - Fair Fare,13,1
2/22/26 14:00,23 St-Baruch College (6),OMNY - Full Fare,452,12
2/22/26 14:00,23 St-Baruch College (6),Metrocard - Other,3,0
2/22/26 14:00,23 St-Baruch College (6),OMNY - Students,17,0
2/22/26 13:00,23 St-Baruch College (6),OMNY - Students,12,0
2/22/26 13:00,23 St-Baruch College (6),Metrocard - Unlimited 30-Day,1,0
2/22/26 13:00,23 St-Baruch College (6),Metrocard - Other,1,0
2/22/26 13:00,23 St-Baruch College (6),OMNY - Other,3,0
2/22/26 13:00,23 St-Baruch College (6),OMNY - Fair Fare,6,0
2/22/26 13:00,23 St-Baruch College (6),OMNY - Seniors & Disability,14,0
2/22/26 13:00,23 St-Baruch College (6),OMNY - Full Fare,400,9
2/22/26 12:00,23 St-Baruch College (6),OMNY - Fair Fare,8,0
2/22/26 12:00,23 St-Baruch College (6),OMNY - Full Fare,464,17
2/22/26 12:00,23 St-Baruch College (6),OMNY - Seniors & Disability,13,2
2/22/26 12:00,23 St-Baruch College (6),OMNY - Students,5,0
2/22/26 12:00,23 St-Baruch College (6),OMNY - Other,2,0
2/22/26 12:00,23 St-Baruch College (6),Metrocard - Other,1,0
2/22/26 11:00,23 St-Baruch College (6),OMNY - Fair Fare,1,0
2/22/26 11:00,23 St-Baruch College (6),OMNY - Students,3,0
2/22/26 11:00,23 St-Baruch College (6),OMNY - Other,1,0
2/22/26 11:00,23 St-Baruch College (6),OMNY - Seniors & Disability,14,0
2/22/26 11:00,23 St-Baruch College (6),Metrocard - Seniors & Disability,1,0
2/22/26 11:00,23 St-Baruch College (6),OMNY - Full Fare,398,6
2/22/26 10:00,23 St-Baruch College (6),OMNY - Other,2,0
2/22/26 10:00,23 St-Baruch College (6),OMNY - Seniors & Disability,8,2
2/22/26 10:00,23 St-Baruch College (6),Metrocard - Unlimited 7-Day,3,0
2/22/26 10:00,23 St-Baruch College (6),OMNY - Full Fare,277,18
2/22/26 10:00,23 St-Baruch College (6),Metrocard - Other,1,0
2/22/26 10:00,23 St-Baruch College (6),OMNY - Students,5,0
2/22/26 10:00,23 St-Baruch College (6),OMNY - Fair Fare,5,0
2/22/26 9:00,23 St-Baruch College (6),OMNY - Fair Fare,3,0
2/22/26 9:00,23 St-Baruch College (6),OMNY - Full Fare,212,4
2/22/26 9:00,23 St-Baruch College (6),OMNY - Seniors & Disability,11,3
2/22/26 9:00,23 St-Baruch College (6),OMNY - Other,6,0
2/22/26 9:00,23 St-Baruch College (6),OMNY - Students,3,0
2/22/26 9:00,23 St-Baruch College (6),Metrocard - Other,2,0
2/22/26 9:00,23 St-Baruch College (6),Metrocard - Unlimited 7-Day,6,0
2/22/26 8:00,23 St-Baruch College (6),OMNY - Fair Fare,2,0
2/22/26 8:00,23 St-Baruch College (6),OMNY - Seniors & Disability,4,1
2/22/26 8:00,23 St-Baruch College (6),OMNY - Other,3,0
2/22/26 8:00,23 St-Baruch College (6),Metrocard - Other,2,0
2/22/26 8:00,23 St-Baruch College (6),OMNY - Full Fare,121,8
2/22/26 7:00,23 St-Baruch College (6),Metrocard - Other,1,0
2/22/26 7:00,23 St-Baruch College (6),OMNY - Students,7,0
2/22/26 7:00,23 St-Baruch College (6),OMNY - Fair Fare,1,0
2/22/26 7:00,23 St-Baruch College (6),OMNY - Full Fare,62,1
2/22/26 7:00,23 St-Baruch College (6),Metrocard - Unlimited 30-Day,1,0
2/22/26 7:00,23 St-Baruch College (6),OMNY - Seniors & Disability,5,1
2/22/26 7:00,23 St-Baruch College (6),OMNY - Other,3,0
2/22/26 6:00,23 St-Baruch College (6),Metrocard - Other,3,0
2/22/26 6:00,23 St-Baruch College (6),OMNY - Students,2,0
2/22/26 6:00,23 St-Baruch College (6),OMNY - Full Fare,38,2
2/22/26 6:00,23 St-Baruch College (6),OMNY - Seniors & Disability,1,0
2/22/26 6:00,23 St-Baruch College (6),OMNY - Fair Fare,1,0
2/22/26 6:00,23 St-Baruch College (6),OMNY - Other,2,0
2/22/26 5:00,23 St-Baruch College (6),OMNY - Fair Fare,2,0
2/22/26 5:00,23 St-Baruch College (6),Metrocard - Other,2,0
2/22/26 5:00,23 St-Baruch College (6),OMNY - Full Fare,26,1
2/22/26 5:00,23 St-Baruch College (6),OMNY - Seniors & Disability,1,0
2/22/26 5:00,23 St-Baruch College (6),OMNY - Other,1,0
2/22/26 4:00,23 St-Baruch College (6),Metrocard - Other,2,0
2/22/26 4:00,23 St-Baruch College (6),OMNY - Other,1,0
2/22/26 4:00,23 St-Baruch College (6),OMNY - Full Fare,34,2
2/22/26 4:00,23 St-Baruch College (6),OMNY - Students,2,0
2/22/26 4:00,23 St-Baruch College (6),OMNY - Fair Fare,1,0
2/22/26 3:00,23 St-Baruch College (6),Metrocard - Other,1,0
2/22/26 3:00,23 St-Baruch College (6),OMNY - Full Fare,31,0
2/22/26 3:00,23 St-Baruch College (6),OMNY - Fair Fare,1,0
2/22/26 2:00,23 St-Baruch College (6),OMNY - Fair Fare,2,0
2/22/26 2:00,23 St-Baruch College (6),OMNY - Full Fare,39,0
2/22/26 2:00,23 St-Baruch College (6),OMNY - Students,3,0
2/22/26 2:00,23 St-Baruch College (6),OMNY - Other,1,0
2/22/26 1:00,23 St-Baruch College (6),OMNY - Full Fare,102,0
2/22/26 1:00,23 St-Baruch College (6),OMNY - Fair Fare,5,1
2/22/26 0:00,23 St-Baruch College (6),OMNY - Students,3,0
2/22/26 0:00,23 St-Baruch College (6),OMNY - Fair Fare,6,0
2/22/26 0:00,23 St-Baruch College (6),OMNY - Other,1,0
2/22/26 0:00,23 St-Baruch College (6),OMNY - Full Fare,247,4
2/22/26 0:00,23 St-Baruch College (6),OMNY - Seniors & Disability,7,0
2/21/26 23:00,23 St-Baruch College (6),OMNY - Seniors & Disability,9,1
2/21/26 23:00,23 St-Baruch College (6),OMNY - Full Fare,404,11
2/21/26 23:00,23 St-Baruch College (6),OMNY - Fair Fare,9,0
2/21/26 23:00,23 St-Baruch College (6),OMNY - Students,10,0
2/21/26 23:00,23 St-Baruch College (6),OMNY - Other,1,0
2/21/26 22:00,23 St-Baruch College (6),OMNY - Seniors & Disability,13,1
2/21/26 22:00,23 St-Baruch College (6),OMNY - Other,6,0
2/21/26 22:00,23 St-Baruch College (6),OMNY - Fair Fare,21,1
2/21/26 22:00,23 St-Baruch College (6),OMNY - Full Fare,394,8
2/21/26 22:00,23 St-Baruch College (6),Metrocard - Other,2,0
2/21/26 22:00,23 St-Baruch College (6),Metrocard - Unlimited 7-Day,1,0
2/21/26 22:00,23 St-Baruch College (6),OMNY - Students,17,1
2/21/26 21:00,23 St-Baruch College (6),OMNY - Fair Fare,13,0
2/21/26 21:00,23 St-Baruch College (6),Metrocard - Full Fare,1,0
2/21/26 21:00,23 St-Baruch College (6),OMNY - Students,21,1
2/21/26 21:00,23 St-Baruch College (6),OMNY - Other,6,0
2/21/26 21:00,23 St-Baruch College (6),OMNY - Seniors & Disability,16,0
2/21/26 21:00,23 St-Baruch College (6),Metrocard - Other,1,0
2/21/26 21:00,23 St-Baruch College (6),OMNY - Full Fare,453,5
2/21/26 20:00,23 St-Baruch College (6),Metrocard - Unlimited 7-Day,3,0
2/21/26 20:00,23 St-Baruch College (6),Metrocard - Other,1,0
2/21/26 20:00,23 St-Baruch College (6),OMNY - Fair Fare,9,0
2/21/26 20:00,23 St-Baruch College (6),OMNY - Full Fare,508,10
2/21/26 20:00,23 St-Baruch College (6),OMNY - Other,4,0
2/21/26 20:00,23 St-Baruch College (6),Metrocard - Unlimited 30-Day,1,0
2/21/26 20:00,23 St-Baruch College (6),OMNY - Seniors & Disability,16,2
2/21/26 20:00,23 St-Baruch College (6),Metrocard - Full Fare,1,0
2/21/26 20:00,23 St-Baruch College (6),OMNY - Students,13,2
2/21/26 19:00,23 St-Baruch College (6),Metrocard - Unlimited 7-Day,3,0
2/21/26 19:00,23 St-Baruch College (6),OMNY - Full Fare,723,13
2/21/26 19:00,23 St-Baruch College (6),OMNY - Other,3,0
2/21/26 19:00,23 St-Baruch College (6),OMNY - Fair Fare,29,2
2/21/26 19:00,23 St-Baruch College (6),OMNY - Seniors & Disability,20,1
2/21/26 19:00,23 St-Baruch College (6),OMNY - Students,20,1
2/21/26 18:00,23 St-Baruch College (6),OMNY - Other,6,0
2/21/26 18:00,23 St-Baruch College (6),Metrocard - Other,2,0
2/21/26 18:00,23 St-Baruch College (6),OMNY - Fair Fare,15,1
2/21/26 18:00,23 St-Baruch College (6),OMNY - Seniors & Disability,30,4
2/21/26 18:00,23 St-Baruch College (6),OMNY - Students,26,2
2/21/26 18:00,23 St-Baruch College (6),Metrocard - Seniors & Disability,1,0
2/21/26 18:00,23 St-Baruch College (6),OMNY - Full Fare,776,29
2/21/26 18:00,23 St-Baruch College (6),Metrocard - Unlimited 30-Day,1,0
2/21/26 17:00,23 St-Baruch College (6),Metrocard - Unlimited 7-Day,1,0
2/21/26 17:00,23 St-Baruch College (6),OMNY - Students,30,2
2/21/26 17:00,23 St-Baruch College (6),Metrocard - Unlimited 30-Day,1,0
2/21/26 17:00,23 St-Baruch College (6),OMNY - Fair Fare,20,2
2/21/26 17:00,23 St-Baruch College (6),OMNY - Seniors & Disability,25,3
2/21/26 17:00,23 St-Baruch College (6),OMNY - Full Fare,884,22
2/21/26 17:00,23 St-Baruch College (6),OMNY - Other,8,0
2/21/26 16:00,23 St-Baruch College (6),OMNY - Students,32,1
2/21/26 16:00,23 St-Baruch College (6),OMNY - Seniors & Disability,39,8
2/21/26 16:00,23 St-Baruch College (6),Metrocard - Unlimited 7-Day,4,0
2/21/26 16:00,23 St-Baruch College (6),Metrocard - Other,2,0
2/21/26 16:00,23 St-Baruch College (6),OMNY - Fair Fare,30,0
2/21/26 16:00,23 St-Baruch College (6),OMNY - Full Fare,971,19
2/21/26 16:00,23 St-Baruch College (6),OMNY - Other,13,0
2/21/26 16:00,23 St-Baruch College (6),Metrocard - Full Fare,1,0
2/21/26 15:00,23 St-Baruch College (6),OMNY - Students,90,0
2/21/26 15:00,23 St-Baruch College (6),OMNY - Seniors & Disability,41,4
2/21/26 15:00,23 St-Baruch College (6),Metrocard - Other,3,0
2/21/26 15:00,23 St-Baruch College (6),OMNY - Other,11,0
2/21/26 15:00,23 St-Baruch College (6),OMNY - Fair Fare,40,1
2/21/26 15:00,23 St-Baruch College (6),OMNY - Full Fare,970,25
2/21/26 14:00,23 St-Baruch College (6),OMNY - Other,9,0
2/21/26 14:00,23 St-Baruch College (6),OMNY - Students,52,1
2/21/26 14:00,23 St-Baruch College (6),OMNY - Seniors & Disability,49,2
2/21/26 14:00,23 St-Baruch College (6),OMNY - Fair Fare,32,1
2/21/26 14:00,23 St-Baruch College (6),OMNY - Full Fare,961,25
2/21/26 14:00,23 St-Baruch College (6),Metrocard - Unlimited 30-Day,2,0
2/21/26 14:00,23 St-Baruch College (6),Metrocard - Other,3,0
2/21/26 13:00,23 St-Baruch College (6),OMNY - Fair Fare,34,1
2/21/26 13:00,23 St-Baruch College (6),OMNY - Students,50,2
2/21/26 13:00,23 St-Baruch College (6),Metrocard - Other,2,0
2/21/26 13:00,23 St-Baruch College (6),OMNY - Full Fare,871,26
2/21/26 13:00,23 St-Baruch College (6),Metrocard - Seniors & Disability,2,0
2/21/26 13:00,23 St-Baruch College (6),OMNY - Seniors & Disability,33,5
2/21/26 13:00,23 St-Baruch College (6),OMNY - Other,14,0
2/21/26 13:00,23 St-Baruch College (6),Metrocard - Unlimited 30-Day,1,0
2/21/26 13:00,23 St-Baruch College (6),Metrocard - Full Fare,2,0
2/21/26 12:00,23 St-Baruch College (6),OMNY - Fair Fare,21,0
2/21/26 12:00,23 St-Baruch College (6),Metrocard - Other,4,0
2/21/26 12:00,23 St-Baruch College (6),OMNY - Students,42,1
2/21/26 12:00,23 St-Baruch College (6),OMNY - Other,13,0
2/21/26 12:00,23 St-Baruch College (6),Metrocard - Unlimited 30-Day,2,0
2/21/26 12:00,23 St-Baruch College (6),OMNY - Seniors & Disability,37,5
2/21/26 12:00,23 St-Baruch College (6),OMNY - Full Fare,734,25
2/21/26 11:00,23 St-Baruch College (6),Metrocard - Other,4,0
2/21/26 11:00,23 St-Baruch College (6),OMNY - Seniors & Disability,31,5
2/21/26 11:00,23 St-Baruch College (6),OMNY - Students,24,0
2/21/26 11:00,23 St-Baruch College (6),OMNY - Fair Fare,11,1
2/21/26 11:00,23 St-Baruch College (6),OMNY - Other,8,0
2/21/26 11:00,23 St-Baruch College (6),OMNY - Full Fare,547,23
2/21/26 10:00,23 St-Baruch College (6),OMNY - Students,12,0
2/21/26 10:00,23 St-Baruch College (6),OMNY - Fair Fare,6,1
2/21/26 10:00,23 St-Baruch College (6),OMNY - Full Fare,421,12
2/21/26 10:00,23 St-Baruch College (6),OMNY - Other,6,0
2/21/26 10:00,23 St-Baruch College (6),OMNY - Seniors & Disability,20,6
2/21/26 9:00,23 St-Baruch College (6),Metrocard - Other,1,0
2/21/26 9:00,23 St-Baruch College (6),OMNY - Fair Fare,4,1
2/21/26 9:00,23 St-Baruch College (6),OMNY - Other,7,0
2/21/26 9:00,23 St-Baruch College (6),OMNY - Students,12,0
2/21/26 9:00,23 St-Baruch College (6),OMNY - Full Fare,296,18
2/21/26 9:00,23 St-Baruch College (6),Metrocard - Seniors & Disability,1,0
2/21/26 9:00,23 St-Baruch College (6),OMNY - Seniors & Disability,13,1
2/21/26 9:00,23 St-Baruch College (6),Metrocard - Unlimited 7-Day,5,0
2/21/26 8:00,23 St-Baruch College (6),OMNY - Other,10,0
2/21/26 8:00,23 St-Baruch College (6),OMNY - Seniors & Disability,13,4
2/21/26 8:00,23 St-Baruch College (6),Metrocard - Unlimited 30-Day,1,0
2/21/26 8:00,23 St-Baruch College (6),Metrocard - Other,1,0
2/21/26 8:00,23 St-Baruch College (6),Metrocard - Unlimited 7-Day,6,0
2/21/26 8:00,23 St-Baruch College (6),OMNY - Students,2,0
2/21/26 8:00,23 St-Baruch College (6),OMNY - Full Fare,170,13
2/21/26 8:00,23 St-Baruch College (6),OMNY - Fair Fare,5,0
2/21/26 7:00,23 St-Baruch College (6),OMNY - Seniors & Disability,6,1
2/21/26 7:00,23 St-Baruch College (6),OMNY - Full Fare,101,5
2/21/26 7:00,23 St-Baruch College (6),OMNY - Students,3,0
2/21/26 7:00,23 St-Baruch College (6),OMNY - Fair Fare,4,1
2/21/26 6:00,23 St-Baruch College (6),OMNY - Seniors & Disability,3,1
2/21/26 6:00,23 St-Baruch College (6),OMNY - Full Fare,58,1
2/21/26 6:00,23 St-Baruch College (6),Metrocard - Unlimited 30-Day,1,0
2/21/26 6:00,23 St-Baruch College (6),OMNY - Other,2,0
2/21/26 6:00,23 St-Baruch College (6),OMNY - Students,2,0
2/21/26 6:00,23 St-Baruch College (6),Metrocard - Other,3,0
2/21/26 5:00,23 St-Baruch College (6),OMNY - Full Fare,17,1
2/21/26 5:00,23 St-Baruch College (6),Metrocard - Unlimited 7-Day,2,0
2/21/26 5:00,23 St-Baruch College (6),Metrocard - Other,2,0
2/21/26 5:00,23 St-Baruch College (6),OMNY - Fair Fare,1,0
2/21/26 4:00,23 St-Baruch College (6),OMNY - Seniors & Disability,1,0
2/21/26 4:00,23 St-Baruch College (6),OMNY - Full Fare,26,0
2/21/26 4:00,23 St-Baruch College (6),Metrocard - Other,1,0
2/21/26 4:00,23 St-Baruch College (6),OMNY - Students,1,0
2/21/26 3:00,23 St-Baruch College (6),Metrocard - Other,1,0
2/21/26 3:00,23 St-Baruch College (6),OMNY - Full Fare,34,0
2/21/26 3:00,23 St-Baruch College (6),OMNY - Fair Fare,2,0
2/21/26 3:00,23 St-Baruch College (6),OMNY - Other,1,0
2/21/26 2:00,23 St-Baruch College (6),OMNY - Fair Fare,2,0
2/21/26 2:00,23 St-Baruch College (6),OMNY - Other,2,0
2/21/26 2:00,23 St-Baruch College (6),OMNY - Seniors & Disability,1,1
2/21/26 2:00,23 St-Baruch College (6),OMNY - Students,2,0
2/21/26 2:00,23 St-Baruch College (6),OMNY - Full Fare,44,0
2/21/26 2:00,23 St-Baruch College (6),Metrocard - Other,1,0
2/21/26 1:00,23 St-Baruch College (6),OMNY - Other,1,0
2/21/26 1:00,23 St-Baruch College (6),OMNY - Students,5,0
2/21/26 1:00,23 St-Baruch College (6),OMNY - Fair Fare,7,0
2/21/26 1:00,23 St-Baruch College (6),OMNY - Seniors & Disability,2,0
2/21/26 1:00,23 St-Baruch College (6),Metrocard - Other,1,0
2/21/26 1:00,23 St-Baruch College (6),OMNY - Full Fare,137,1
2/21/26 0:00,23 St-Baruch College (6),OMNY - Fair Fare,5,0
2/21/26 0:00,23 St-Baruch College (6),OMNY - Other,1,0
2/21/26 0:00,23 St-Baruch College (6),OMNY - Seniors & Disability,5,1
2/21/26 0:00,23 St-Baruch College (6),OMNY - Full Fare,220,1
2/21/26 0:00,23 St-Baruch College (6),OMNY - Students,2,0
2/20/26 23:00,23 St-Baruch College (6),Metrocard - Other,5,0
2/20/26 23:00,23 St-Baruch College (6),OMNY - Full Fare,331,11
2/20/26 23:00,23 St-Baruch College (6),OMNY - Fair Fare,13,2
2/20/26 23:00,23 St-Baruch College (6),OMNY - Seniors & Disability,18,1
2/20/26 23:00,23 St-Baruch College (6),OMNY - Students,10,0
2/20/26 23:00,23 St-Baruch College (6),OMNY - Other,4,0
2/20/26 22:00,23 St-Baruch College (6),OMNY - Other,19,0
2/20/26 22:00,23 St-Baruch College (6),OMNY - Seniors & Disability,22,2
2/20/26 22:00,23 St-Baruch College (6),OMNY - Full Fare,524,14
2/20/26 22:00,23 St-Baruch College (6),OMNY - Fair Fare,27,2
2/20/26 22:00,23 St-Baruch College (6),OMNY - Students,14,1
2/20/26 22:00,23 St-Baruch College (6),Metrocard - Other,3,0
2/20/26 21:00,23 St-Baruch College (6),OMNY - Students,28,1
2/20/26 21:00,23 St-Baruch College (6),Metrocard - Other,2,0
2/20/26 21:00,23 St-Baruch College (6),Metrocard - Full Fare,1,0
2/20/26 21:00,23 St-Baruch College (6),OMNY - Seniors & Disability,31,0
2/20/26 21:00,23 St-Baruch College (6),OMNY - Full Fare,488,6
2/20/26 21:00,23 St-Baruch College (6),OMNY - Fair Fare,19,1
2/20/26 21:00,23 St-Baruch College (6),OMNY - Other,16,1
2/20/26 20:00,23 St-Baruch College (6),OMNY - Other,12,0
2/20/26 20:00,23 St-Baruch College (6),OMNY - Students,33,3
2/20/26 20:00,23 St-Baruch College (6),Metrocard - Full Fare,2,0
2/20/26 20:00,23 St-Baruch College (6),Metrocard - Unlimited 30-Day,1,0
2/20/26 20:00,23 St-Baruch College (6),OMNY - Seniors & Disability,28,1
2/20/26 20:00,23 St-Baruch College (6),Metrocard - Other,5,0
2/20/26 20:00,23 St-Baruch College (6),OMNY - Fair Fare,30,0
2/20/26 20:00,23 St-Baruch College (6),OMNY - Full Fare,734,12
2/20/26 19:00,23 St-Baruch College (6),OMNY - Seniors & Disability,30,4
2/20/26 19:00,23 St-Baruch College (6),OMNY - Full Fare,874,12
2/20/26 19:00,23 St-Baruch College (6),Metrocard - Other,4,0
2/20/26 19:00,23 St-Baruch College (6),OMNY - Students,29,1
2/20/26 19:00,23 St-Baruch College (6),OMNY - Fair Fare,35,1
2/20/26 19:00,23 St-Baruch College (6),OMNY - Other,9,0
2/20/26 19:00,23 St-Baruch College (6),Metrocard - Unlimited 7-Day,2,0
2/20/26 19:00,23 St-Baruch College (6),Metrocard - Full Fare,3,0
2/20/26 18:00,23 St-Baruch College (6),OMNY - Other,17,0
2/20/26 18:00,23 St-Baruch College (6),OMNY - Fair Fare,35,0
2/20/26 18:00,23 St-Baruch College (6),OMNY - Students,45,1
2/20/26 18:00,23 St-Baruch College (6),Metrocard - Other,3,0
2/20/26 18:00,23 St-Baruch College (6),Metrocard - Unlimited 30-Day,1,0
2/20/26 18:00,23 St-Baruch College (6),OMNY - Full Fare,"1,329",34
2/20/26 18:00,23 St-Baruch College (6),OMNY - Seniors & Disability,54,7
2/20/26 17:00,23 St-Baruch College (6),OMNY - Students,77,1
2/20/26 17:00,23 St-Baruch College (6),OMNY - Seniors & Disability,76,10
2/20/26 17:00,23 St-Baruch College (6),Metrocard - Unlimited 30-Day,1,0
2/20/26 17:00,23 St-Baruch College (6),OMNY - Other,20,0
2/20/26 17:00,23 St-Baruch College (6),OMNY - Fair Fare,77,2
2/20/26 17:00,23 St-Baruch College (6),OMNY - Full Fare,"1,578",31
2/20/26 17:00,23 St-Baruch College (6),Metrocard - Other,3,0
2/20/26 16:00,23 St-Baruch College (6),OMNY - Students,98,1
2/20/26 16:00,23 St-Baruch College (6),Metrocard - Unlimited 7-Day,3,0
2/20/26 16:00,23 St-Baruch College (6),OMNY - Fair Fare,69,1
2/20/26 16:00,23 St-Baruch College (6),OMNY - Other,22,0
2/20/26 16:00,23 St-Baruch College (6),Metrocard - Other,15,0
2/20/26 16:00,23 St-Baruch College (6),Metrocard - Full Fare,1,0
2/20/26 16:00,23 St-Baruch College (6),OMNY - Seniors & Disability,100,12
2/20/26 16:00,23 St-Baruch College (6),Metrocard - Unlimited 30-Day,4,0
2/20/26 16:00,23 St-Baruch College (6),OMNY - Full Fare,"1,477",42
2/20/26 15:00,23 St-Baruch College (6),Metrocard - Seniors & Disability,1,0
2/20/26 15:00,23 St-Baruch College (6),OMNY - Seniors & Disability,69,6
2/20/26 15:00,23 St-Baruch College (6),OMNY - Other,13,0
2/20/26 15:00,23 St-Baruch College (6),OMNY - Students,93,3
2/20/26 15:00,23 St-Baruch College (6),Metrocard - Unlimited 30-Day,1,0
2/20/26 15:00,23 St-Baruch College (6),Metrocard - Other,6,0
2/20/26 15:00,23 St-Baruch College (6),OMNY - Fair Fare,77,1
2/20/26 15:00,23 St-Baruch College (6),OMNY - Full Fare,"1,368",32
2/20/26 14:00,23 St-Baruch College (6),OMNY - Seniors & Disability,90,10
2/20/26 14:00,23 St-Baruch College (6),Metrocard - Other,9,0
2/20/26 14:00,23 St-Baruch College (6),OMNY - Fair Fare,61,0
2/20/26 14:00,23 St-Baruch College (6),OMNY - Students,91,1
2/20/26 14:00,23 St-Baruch College (6),Metrocard - Unlimited 30-Day,2,0
2/20/26 14:00,23 St-Baruch College (6),Metrocard - Unlimited 7-Day,2,0
2/20/26 14:00,23 St-Baruch College (6),Metrocard - Full Fare,1,0
2/20/26 14:00,23 St-Baruch College (6),OMNY - Other,13,0
2/20/26 14:00,23 St-Baruch College (6),OMNY - Full Fare,"1,034",17
2/20/26 13:00,23 St-Baruch College (6),OMNY - Full Fare,951,13
2/20/26 13:00,23 St-Baruch College (6),Metrocard - Unlimited 7-Day,1,0
2/20/26 13:00,23 St-Baruch College (6),OMNY - Seniors & Disability,80,12
2/20/26 13:00,23 St-Baruch College (6),Metrocard - Unlimited 30-Day,3,0
2/20/26 13:00,23 St-Baruch College (6),Metrocard - Full Fare,1,0
2/20/26 13:00,23 St-Baruch College (6),OMNY - Fair Fare,58,1
2/20/26 13:00,23 St-Baruch College (6),Metrocard - Other,1,0
2/20/26 13:00,23 St-Baruch College (6),OMNY - Other,6,0
2/20/26 13:00,23 St-Baruch College (6),OMNY - Students,55,0
2/20/26 12:00,23 St-Baruch College (6),OMNY - Fair Fare,44,1
2/20/26 12:00,23 St-Baruch College (6),OMNY - Seniors & Disability,69,6
2/20/26 12:00,23 St-Baruch College (6),OMNY - Full Fare,882,23
2/20/26 12:00,23 St-Baruch College (6),OMNY - Students,66,2
2/20/26 12:00,23 St-Baruch College (6),Metrocard - Unlimited 30-Day,2,0
2/20/26 12:00,23 St-Baruch College (6),OMNY - Other,12,0
2/20/26 12:00,23 St-Baruch College (6),Metrocard - Other,7,0
2/20/26 12:00,23 St-Baruch College (6),Metrocard - Seniors & Disability,2,0
2/20/26 11:00,23 St-Baruch College (6),OMNY - Full Fare,610,21
2/20/26 11:00,23 St-Baruch College (6),OMNY - Other,1,0
2/20/26 11:00,23 St-Baruch College (6),Metrocard - Other,7,0
2/20/26 11:00,23 St-Baruch College (6),OMNY - Fair Fare,23,0
2/20/26 11:00,23 St-Baruch College (6),Metrocard - Unlimited 7-Day,1,0
2/20/26 11:00,23 St-Baruch College (6),OMNY - Seniors & Disability,62,6
2/20/26 11:00,23 St-Baruch College (6),OMNY - Students,35,0
2/20/26 11:00,23 St-Baruch College (6),Metrocard - Unlimited 30-Day,2,0
2/20/26 10:00,23 St-Baruch College (6),OMNY - Students,25,0
2/20/26 10:00,23 St-Baruch College (6),Metrocard - Unlimited 30-Day,1,0
2/20/26 10:00,23 St-Baruch College (6),Metrocard - Full Fare,1,0
2/20/26 10:00,23 St-Baruch College (6),Metrocard - Seniors & Disability,1,0
2/20/26 10:00,23 St-Baruch College (6),OMNY - Fair Fare,22,1
2/20/26 10:00,23 St-Baruch College (6),OMNY - Seniors & Disability,67,12
2/20/26 10:00,23 St-Baruch College (6),Metrocard - Unlimited 7-Day,21,0
2/20/26 10:00,23 St-Baruch College (6),OMNY - Other,7,0
2/20/26 10:00,23 St-Baruch College (6),Metrocard - Other,2,0
2/20/26 10:00,23 St-Baruch College (6),OMNY - Full Fare,644,34
2/20/26 9:00,23 St-Baruch College (6),OMNY - Students,16,0
2/20/26 9:00,23 St-Baruch College (6),Metrocard - Unlimited 7-Day,5,0
2/20/26 9:00,23 St-Baruch College (6),OMNY - Full Fare,760,49
2/20/26 9:00,23 St-Baruch College (6),OMNY - Fair Fare,14,1
2/20/26 9:00,23 St-Baruch College (6),Metrocard - Other,2,0
2/20/26 9:00,23 St-Baruch College (6),OMNY - Seniors & Disability,43,12
2/20/26 9:00,23 St-Baruch College (6),OMNY - Other,14,0
2/20/26 8:00,23 St-Baruch College (6),Metrocard - Unlimited 30-Day,1,0
2/20/26 8:00,23 St-Baruch College (6),OMNY - Students,20,1
2/20/26 8:00,23 St-Baruch College (6),OMNY - Other,7,0
2/20/26 8:00,23 St-Baruch College (6),Metrocard - Unlimited 7-Day,2,0
2/20/26 8:00,23 St-Baruch College (6),OMNY - Full Fare,959,67
2/20/26 8:00,23 St-Baruch College (6),OMNY - Fair Fare,17,2
2/20/26 8:00,23 St-Baruch College (6),OMNY - Seniors & Disability,34,8
2/20/26 7:00,23 St-Baruch College (6),OMNY - Full Fare,465,90
2/20/26 7:00,23 St-Baruch College (6),OMNY - Fair Fare,9,0
2/20/26 7:00,23 St-Baruch College (6),OMNY - Students,43,2
2/20/26 7:00,23 St-Baruch College (6),Metrocard - Other,3,0
2/20/26 7:00,23 St-Baruch College (6),OMNY - Other,4,0
2/20/26 7:00,23 St-Baruch College (6),OMNY - Seniors & Disability,21,7
2/20/26 6:00,23 St-Baruch College (6),OMNY - Fair Fare,3,0
2/20/26 6:00,23 St-Baruch College (6),OMNY - Full Fare,171,49
2/20/26 6:00,23 St-Baruch College (6),OMNY - Students,10,0
2/20/26 6:00,23 St-Baruch College (6),OMNY - Seniors & Disability,10,3
2/20/26 6:00,23 St-Baruch College (6),OMNY - Other,4,0
2/20/26 6:00,23 St-Baruch College (6),Metrocard - Unlimited 30-Day,2,0
2/20/26 6:00,23 St-Baruch College (6),Metrocard - Other,1,0
2/20/26 5:00,23 St-Baruch College (6),OMNY - Full Fare,33,11
2/20/26 5:00,23 St-Baruch College (6),OMNY - Seniors & Disability,1,1
2/20/26 5:00,23 St-Baruch College (6),OMNY - Fair Fare,3,1
2/20/26 5:00,23 St-Baruch College (6),OMNY - Students,1,0
2/20/26 4:00,23 St-Baruch College (6),OMNY - Other,2,0
2/20/26 4:00,23 St-Baruch College (6),OMNY - Full Fare,14,0
2/20/26 3:00,23 St-Baruch College (6),OMNY - Fair Fare,3,0
2/20/26 3:00,23 St-Baruch College (6),OMNY - Full Fare,16,0
2/20/26 3:00,23 St-Baruch College (6),OMNY - Students,1,0
2/20/26 2:00,23 St-Baruch College (6),OMNY - Full Fare,13,0
2/20/26 2:00,23 St-Baruch College (6),OMNY - Fair Fare,1,0
2/20/26 2:00,23 St-Baruch College (6),Metrocard - Other,1,0
2/20/26 2:00,23 St-Baruch College (6),OMNY - Other,1,0
2/20/26 1:00,23 St-Baruch College (6),OMNY - Students,2,0
2/20/26 1:00,23 St-Baruch College (6),OMNY - Fair Fare,4,0
2/20/26 1:00,23 St-Baruch College (6),OMNY - Full Fare,72,0
2/20/26 1:00,23 St-Baruch College (6),OMNY - Other,1,0
2/20/26 1:00,23 St-Baruch College (6),OMNY - Seniors & Disability,1,0
2/20/26 0:00,23 St-Baruch College (6),OMNY - Full Fare,136,1
2/20/26 0:00,23 St-Baruch College (6),OMNY - Fair Fare,6,0
2/20/26 0:00,23 St-Baruch College (6),OMNY - Other,3,0
2/20/26 0:00,23 St-Baruch College (6),OMNY - Seniors & Disability,4,0
2/20/26 0:00,23 St-Baruch College (6),Metrocard - Unlimited 7-Day,1,0
2/20/26 0:00,23 St-Baruch College (6),OMNY - Students,3,0
2/19/26 23:00,23 St-Baruch College (6),OMNY - Other,1,0
2/19/26 23:00,23 St-Baruch College (6),OMNY - Fair Fare,12,0
2/19/26 23:00,23 St-Baruch College (6),OMNY - Students,12,0
2/19/26 23:00,23 St-Baruch College (6),OMNY - Seniors & Disability,12,0
2/19/26 23:00,23 St-Baruch College (6),OMNY - Full Fare,279,2
2/19/26 23:00,23 St-Baruch College (6),Metrocard - Other,3,0
2/19/26 22:00,23 St-Baruch College (6),OMNY - Full Fare,405,6
2/19/26 22:00,23 St-Baruch College (6),OMNY - Fair Fare,34,0
2/19/26 22:00,23 St-Baruch College (6),OMNY - Other,11,0
2/19/26 22:00,23 St-Baruch College (6),OMNY - Seniors & Disability,17,1
2/19/26 22:00,23 St-Baruch College (6),Metrocard - Unlimited 30-Day,1,0
2/19/26 22:00,23 St-Baruch College (6),OMNY - Students,15,0
2/19/26 22:00,23 St-Baruch College (6),Metrocard - Other,2,0
2/19/26 21:00,23 St-Baruch College (6),OMNY - Seniors & Disability,30,1
2/19/26 21:00,23 St-Baruch College (6),OMNY - Other,12,0
2/19/26 21:00,23 St-Baruch College (6),OMNY - Fair Fare,46,0
2/19/26 21:00,23 St-Baruch College (6),OMNY - Students,43,0
2/19/26 21:00,23 St-Baruch College (6),Metrocard - Other,3,0
2/19/26 21:00,23 St-Baruch College (6),OMNY - Full Fare,731,10
2/19/26 20:00,23 St-Baruch College (6),Metrocard - Full Fare,1,0
2/19/26 20:00,23 St-Baruch College (6),Metrocard - Other,7,0
2/19/26 20:00,23 St-Baruch College (6),Metrocard - Unlimited 7-Day,4,0
2/19/26 20:00,23 St-Baruch College (6),OMNY - Seniors & Disability,44,4
2/19/26 20:00,23 St-Baruch College (6),Metrocard - Unlimited 30-Day,1,0
2/19/26 20:00,23 St-Baruch College (6),OMNY - Students,83,1
2/19/26 20:00,23 St-Baruch College (6),OMNY - Other,14,0
2/19/26 20:00,23 St-Baruch College (6),OMNY - Fair Fare,88,1
2/19/26 20:00,23 St-Baruch College (6),OMNY - Full Fare,"1,238",11
2/19/26 19:00,23 St-Baruch College (6),OMNY - Fair Fare,96,2
2/19/26 19:00,23 St-Baruch College (6),OMNY - Other,30,0
2/19/26 19:00,23 St-Baruch College (6),OMNY - Full Fare,"1,565",28
2/19/26 19:00,23 St-Baruch College (6),Metrocard - Unlimited 7-Day,1,0
2/19/26 19:00,23 St-Baruch College (6),OMNY - Seniors & Disability,60,4
2/19/26 19:00,23 St-Baruch College (6),Metrocard - Unlimited 30-Day,2,0
2/19/26 19:00,23 St-Baruch College (6),OMNY - Students,103,1
2/19/26 19:00,23 St-Baruch College (6),Metrocard - Other,5,0
2/19/26 18:00,23 St-Baruch College (6),OMNY - Other,13,0
2/19/26 18:00,23 St-Baruch College (6),Metrocard - Unlimited 30-Day,1,0
2/19/26 18:00,23 St-Baruch College (6),OMNY - Full Fare,"1,954",40
2/19/26 18:00,23 St-Baruch College (6),OMNY - Seniors & Disability,68,6
2/19/26 18:00,23 St-Baruch College (6),OMNY - Fair Fare,80,0
2/19/26 18:00,23 St-Baruch College (6),OMNY - Students,83,0
2/19/26 18:00,23 St-Baruch College (6),Metrocard - Other,5,0
2/19/26 18:00,23 St-Baruch College (6),Metrocard - Unlimited 7-Day,1,0
2/19/26 17:00,23 St-Baruch College (6),OMNY - Fair Fare,130,1
2/19/26 17:00,23 St-Baruch College (6),OMNY - Full Fare,"2,595",43
2/19/26 17:00,23 St-Baruch College (6),OMNY - Students,162,0
2/19/26 17:00,23 St-Baruch College (6),Metrocard - Unlimited 30-Day,4,0
2/19/26 17:00,23 St-Baruch College (6),OMNY - Other,24,0
2/19/26 17:00,23 St-Baruch College (6),OMNY - Seniors & Disability,120,5
2/19/26 17:00,23 St-Baruch College (6),Metrocard - Other,6,0
2/19/26 16:00,23 St-Baruch College (6),OMNY - Students,156,5
2/19/26 16:00,23 St-Baruch College (6),OMNY - Seniors & Disability,135,7
2/19/26 16:00,23 St-Baruch College (6),OMNY - Full Fare,"2,025",43
2/19/26 16:00,23 St-Baruch College (6),Metrocard - Other,12,0
2/19/26 16:00,23 St-Baruch College (6),OMNY - Fair Fare,124,2
2/19/26 16:00,23 St-Baruch College (6),Metrocard - Unlimited 30-Day,3,0
2/19/26 16:00,23 St-Baruch College (6),Metrocard - Unlimited 7-Day,4,0
2/19/26 16:00,23 St-Baruch College (6),OMNY - Other,19,0
2/19/26 15:00,23 St-Baruch College (6),OMNY - Fair Fare,100,1
2/19/26 15:00,23 St-Baruch College (6),OMNY - Other,20,0
2/19/26 15:00,23 St-Baruch College (6),OMNY - Seniors & Disability,114,4
2/19/26 15:00,23 St-Baruch College (6),Metrocard - Unlimited 30-Day,2,0
2/19/26 15:00,23 St-Baruch College (6),Metrocard - Full Fare,1,0
2/19/26 15:00,23 St-Baruch College (6),OMNY - Full Fare,"1,472",25
2/19/26 15:00,23 St-Baruch College (6),Metrocard - Unlimited 7-Day,4,0
2/19/26 15:00,23 St-Baruch College (6),OMNY - Students,132,1
2/19/26 15:00,23 St-Baruch College (6),Metrocard - Other,4,0
2/19/26 14:00,23 St-Baruch College (6),OMNY - Full Fare,"1,055",28
2/19/26 14:00,23 St-Baruch College (6),Metrocard - Full Fare,1,0
2/19/26 14:00,23 St-Baruch College (6),OMNY - Fair Fare,66,3
2/19/26 14:00,23 St-Baruch College (6),Metrocard - Other,8,0
2/19/26 14:00,23 St-Baruch College (6),Metrocard - Unlimited 30-Day,3,0
2/19/26 14:00,23 St-Baruch College (6),OMNY - Students,75,0
2/19/26 14:00,23 St-Baruch College (6),OMNY - Other,14,1
2/19/26 14:00,23 St-Baruch College (6),OMNY - Seniors & Disability,81,9
2/19/26 13:00,23 St-Baruch College (6),OMNY - Other,13,0
2/19/26 13:00,23 St-Baruch College (6),Metrocard - Unlimited 30-Day,2,0
2/19/26 13:00,23 St-Baruch College (6),OMNY - Fair Fare,40,3
2/19/26 13:00,23 St-Baruch College (6),Metrocard - Other,5,0
2/19/26 13:00,23 St-Baruch College (6),OMNY - Seniors & Disability,89,13
2/19/26 13:00,23 St-Baruch College (6),OMNY - Students,65,3
2/19/26 13:00,23 St-Baruch College (6),OMNY - Full Fare,780,29
2/19/26 12:00,23 St-Baruch College (6),OMNY - Seniors & Disability,75,7
2/19/26 12:00,23 St-Baruch College (6),Metrocard - Other,13,0
2/19/26 12:00,23 St-Baruch College (6),OMNY - Fair Fare,67,0
2/19/26 12:00,23 St-Baruch College (6),Metrocard - Full Fare,2,0
2/19/26 12:00,23 St-Baruch College (6),OMNY - Other,16,0
2/19/26 12:00,23 St-Baruch College (6),OMNY - Full Fare,966,18
2/19/26 12:00,23 St-Baruch College (6),OMNY - Students,106,2
2/19/26 11:00,23 St-Baruch College (6),OMNY - Students,54,0
2/19/26 11:00,23 St-Baruch College (6),OMNY - Other,11,0
2/19/26 11:00,23 St-Baruch College (6),OMNY - Full Fare,739,15
2/19/26 11:00,23 St-Baruch College (6),Metrocard - Other,3,0
2/19/26 11:00,23 St-Baruch College (6),Metrocard - Unlimited 30-Day,2,0
2/19/26 11:00,23 St-Baruch College (6),OMNY - Fair Fare,55,1
2/19/26 11:00,23 St-Baruch College (6),OMNY - Seniors & Disability,91,10
2/19/26 10:00,23 St-Baruch College (6),OMNY - Full Fare,703,26
2/19/26 10:00,23 St-Baruch College (6),OMNY - Seniors & Disability,64,10
2/19/26 10:00,23 St-Baruch College (6),OMNY - Students,55,0
2/19/26 10:00,23 St-Baruch College (6),OMNY - Fair Fare,36,1
2/19/26 10:00,23 St-Baruch College (6),Metrocard - Other,5,0
2/19/26 10:00,23 St-Baruch College (6),OMNY - Other,5,0
2/19/26 10:00,23 St-Baruch College (6),Metrocard - Unlimited 30-Day,1,0
2/19/26 10:00,23 St-Baruch College (6),Metrocard - Full Fare,1,0
2/19/26 9:00,23 St-Baruch College (6),Metrocard - Other,2,0
2/19/26 9:00,23 St-Baruch College (6),OMNY - Full Fare,"1,002",56
2/19/26 9:00,23 St-Baruch College (6),OMNY - Other,13,0
2/19/26 9:00,23 St-Baruch College (6),OMNY - Students,19,2
2/19/26 9:00,23 St-Baruch College (6),OMNY - Seniors & Disability,61,7
2/19/26 9:00,23 St-Baruch College (6),Metrocard - Unlimited 30-Day,1,0
2/19/26 9:00,23 St-Baruch College (6),OMNY - Fair Fare,15,2
2/19/26 8:00,23 St-Baruch College (6),Metrocard - Other,3,0
2/19/26 8:00,23 St-Baruch College (6),OMNY - Students,18,1
2/19/26 8:00,23 St-Baruch College (6),OMNY - Full Fare,"1,504",99
2/19/26 8:00,23 St-Baruch College (6),OMNY - Seniors & Disability,41,10
2/19/26 8:00,23 St-Baruch College (6),Metrocard - Unlimited 30-Day,1,0
2/19/26 8:00,23 St-Baruch College (6),OMNY - Other,8,0
2/19/26 8:00,23 St-Baruch College (6),OMNY - Fair Fare,19,3
2/19/26 7:00,23 St-Baruch College (6),OMNY - Other,5,0
2/19/26 7:00,23 St-Baruch College (6),Metrocard - Unlimited 7-Day,2,0
2/19/26 7:00,23 St-Baruch College (6),OMNY - Seniors & Disability,24,7
2/19/26 7:00,23 St-Baruch College (6),Metrocard - Other,6,0
2/19/26 7:00,23 St-Baruch College (6),OMNY - Fair Fare,10,1
2/19/26 7:00,23 St-Baruch College (6),OMNY - Full Fare,680,109
2/19/26 7:00,23 St-Baruch College (6),OMNY - Students,38,5
2/19/26 6:00,23 St-Baruch College (6),Metrocard - Unlimited 30-Day,1,0
2/19/26 6:00,23 St-Baruch College (6),OMNY - Fair Fare,2,0
2/19/26 6:00,23 St-Baruch College (6),OMNY - Students,7,0
2/19/26 6:00,23 St-Baruch College (6),OMNY - Other,2,0
2/19/26 6:00,23 St-Baruch College (6),Metrocard - Other,2,0
2/19/26 6:00,23 St-Baruch College (6),OMNY - Seniors & Disability,7,3
2/19/26 6:00,23 St-Baruch College (6),OMNY - Full Fare,214,60
2/19/26 5:00,23 St-Baruch College (6),OMNY - Full Fare,55,18
2/19/26 5:00,23 St-Baruch College (6),OMNY - Fair Fare,3,1
2/19/26 5:00,23 St-Baruch College (6),OMNY - Seniors & Disability,1,1
2/19/26 4:00,23 St-Baruch College (6),OMNY - Full Fare,16,0
2/19/26 4:00,23 St-Baruch College (6),OMNY - Other,1,0
2/19/26 3:00,23 St-Baruch College (6),OMNY - Fair Fare,2,0
2/19/26 3:00,23 St-Baruch College (6),OMNY - Students,2,0
2/19/26 3:00,23 St-Baruch College (6),OMNY - Seniors & Disability,1,0
2/19/26 3:00,23 St-Baruch College (6),OMNY - Full Fare,5,0
2/19/26 2:00,23 St-Baruch College (6),OMNY - Full Fare,10,0
2/19/26 2:00,23 St-Baruch College (6),Metrocard - Other,1,0
2/19/26 1:00,23 St-Baruch College (6),OMNY - Full Fare,39,0
2/19/26 1:00,23 St-Baruch College (6),OMNY - Fair Fare,1,0
2/19/26 1:00,23 St-Baruch College (6),OMNY - Students,1,0
2/19/26 1:00,23 St-Baruch College (6),OMNY - Other,1,0
2/19/26 0:00,23 St-Baruch College (6),OMNY - Other,1,0
2/19/26 0:00,23 St-Baruch College (6),OMNY - Students,2,0
2/19/26 0:00,23 St-Baruch College (6),OMNY - Full Fare,114,1
2/19/26 0:00,23 St-Baruch College (6),OMNY - Fair Fare,8,0
2/19/26 0:00,23 St-Baruch College (6),OMNY - Seniors & Disability,4,0
2/18/26 23:00,23 St-Baruch College (6),OMNY - Fair Fare,6,0
2/18/26 23:00,23 St-Baruch College (6),OMNY - Other,3,0
2/18/26 23:00,23 St-Baruch College (6),OMNY - Full Fare,272,7
2/18/26 23:00,23 St-Baruch College (6),OMNY - Seniors & Disability,8,0
2/18/26 23:00,23 St-Baruch College (6),OMNY - Students,10,0
2/18/26 23:00,23 St-Baruch College (6),Metrocard - Other,2,0
2/18/26 22:00,23 St-Baruch College (6),OMNY - Students,18,0
2/18/26 22:00,23 St-Baruch College (6),OMNY - Full Fare,491,7
2/18/26 22:00,23 St-Baruch College (6),OMNY - Fair Fare,24,0
2/18/26 22:00,23 St-Baruch College (6),OMNY - Seniors & Disability,16,1
2/18/26 22:00,23 St-Baruch College (6),OMNY - Other,6,0
2/18/26 21:00,23 St-Baruch College (6),OMNY - Students,32,0
2/18/26 21:00,23 St-Baruch College (6),OMNY - Fair Fare,50,1
2/18/26 21:00,23 St-Baruch College (6),Metrocard - Unlimited 30-Day,1,0
2/18/26 21:00,23 St-Baruch College (6),OMNY - Seniors & Disability,28,1
2/18/26 21:00,23 St-Baruch College (6),Metrocard - Other,6,0
2/18/26 21:00,23 St-Baruch College (6),OMNY - Other,8,0
2/18/26 21:00,23 St-Baruch College (6),OMNY - Full Fare,784,10
2/18/26 20:00,23 St-Baruch College (6),OMNY - Other,8,0
2/18/26 20:00,23 St-Baruch College (6),OMNY - Full Fare,"1,217",16
2/18/26 20:00,23 St-Baruch College (6),OMNY - Seniors & Disability,44,3
2/18/26 20:00,23 St-Baruch College (6),OMNY - Students,76,1
2/18/26 20:00,23 St-Baruch College (6),OMNY - Fair Fare,67,0
2/18/26 20:00,23 St-Baruch College (6),Metrocard - Other,7,0
2/18/26 19:00,23 St-Baruch College (6),OMNY - Seniors & Disability,53,0
2/18/26 19:00,23 St-Baruch College (6),OMNY - Other,14,0
2/18/26 19:00,23 St-Baruch College (6),OMNY - Students,116,1
2/18/26 19:00,23 St-Baruch College (6),Metrocard - Unlimited 7-Day,2,0
2/18/26 19:00,23 St-Baruch College (6),OMNY - Full Fare,"1,594",15
2/18/26 19:00,23 St-Baruch College (6),Metrocard - Other,4,0
2/18/26 19:00,23 St-Baruch College (6),OMNY - Fair Fare,127,2
2/18/26 18:00,23 St-Baruch College (6),OMNY - Students,79,1
2/18/26 18:00,23 St-Baruch College (6),OMNY - Seniors & Disability,73,5
2/18/26 18:00,23 St-Baruch College (6),OMNY - Fair Fare,57,2
2/18/26 18:00,23 St-Baruch College (6),Metrocard - Other,4,0
2/18/26 18:00,23 St-Baruch College (6),Metrocard - Unlimited 30-Day,1,0
2/18/26 18:00,23 St-Baruch College (6),OMNY - Full Fare,"2,097",37
2/18/26 18:00,23 St-Baruch College (6),OMNY - Other,24,0
2/18/26 17:00,23 St-Baruch College (6),Metrocard - Other,7,0
2/18/26 17:00,23 St-Baruch College (6),Metrocard - Unlimited 30-Day,6,0
2/18/26 17:00,23 St-Baruch College (6),OMNY - Fair Fare,159,1
2/18/26 17:00,23 St-Baruch College (6),OMNY - Full Fare,"2,890",48
2/18/26 17:00,23 St-Baruch College (6),Metrocard - Unlimited 7-Day,1,0
2/18/26 17:00,23 St-Baruch College (6),OMNY - Students,174,0
2/18/26 17:00,23 St-Baruch College (6),OMNY - Seniors & Disability,136,8
2/18/26 17:00,23 St-Baruch College (6),OMNY - Other,26,0
2/18/26 16:00,23 St-Baruch College (6),Metrocard - Unlimited 30-Day,6,0
2/18/26 16:00,23 St-Baruch College (6),OMNY - Students,158,0
2/18/26 16:00,23 St-Baruch College (6),OMNY - Other,22,0
2/18/26 16:00,23 St-Baruch College (6),OMNY - Fair Fare,129,3
2/18/26 16:00,23 St-Baruch College (6),OMNY - Seniors & Disability,126,20
2/18/26 16:00,23 St-Baruch College (6),OMNY - Full Fare,"2,096",42
2/18/26 16:00,23 St-Baruch College (6),Metrocard - Other,9,0
2/18/26 16:00,23 St-Baruch College (6),Metrocard - Unlimited 7-Day,4,0
2/18/26 15:00,23 St-Baruch College (6),Metrocard - Seniors & Disability,1,0
2/18/26 15:00,23 St-Baruch College (6),OMNY - Seniors & Disability,124,9
2/18/26 15:00,23 St-Baruch College (6),OMNY - Full Fare,"1,600",24
2/18/26 15:00,23 St-Baruch College (6),Metrocard - Other,12,0
2/18/26 15:00,23 St-Baruch College (6),OMNY - Fair Fare,110,2
2/18/26 15:00,23 St-Baruch College (6),Metrocard - Unlimited 7-Day,1,0
2/18/26 15:00,23 St-Baruch College (6),OMNY - Students,155,4
2/18/26 15:00,23 St-Baruch College (6),OMNY - Other,13,1
2/18/26 15:00,23 St-Baruch College (6),Metrocard - Unlimited 30-Day,2,0
2/18/26 14:00,23 St-Baruch College (6),Metrocard - Unlimited 30-Day,5,0
2/18/26 14:00,23 St-Baruch College (6),OMNY - Students,121,2
2/18/26 14:00,23 St-Baruch College (6),Metrocard - Seniors & Disability,1,0
2/18/26 14:00,23 St-Baruch College (6),OMNY - Seniors & Disability,100,10
2/18/26 14:00,23 St-Baruch College (6),Metrocard - Full Fare,1,0
2/18/26 14:00,23 St-Baruch College (6),OMNY - Other,12,0
2/18/26 14:00,23 St-Baruch College (6),OMNY - Fair Fare,119,3
2/18/26 14:00,23 St-Baruch College (6),Metrocard - Unlimited 7-Day,1,0
2/18/26 14:00,23 St-Baruch College (6),OMNY - Full Fare,"1,318",32
2/18/26 14:00,23 St-Baruch College (6),Metrocard - Other,6,0
2/18/26 13:00,23 St-Baruch College (6),OMNY - Other,5,0
2/18/26 13:00,23 St-Baruch College (6),OMNY - Students,45,1
2/18/26 13:00,23 St-Baruch College (6),Metrocard - Unlimited 30-Day,2,0
2/18/26 13:00,23 St-Baruch College (6),OMNY - Fair Fare,50,2
2/18/26 13:00,23 St-Baruch College (6),OMNY - Seniors & Disability,93,12
2/18/26 13:00,23 St-Baruch College (6),Metrocard - Other,3,0
2/18/26 13:00,23 St-Baruch College (6),OMNY - Full Fare,755,16
2/18/26 12:00,23 St-Baruch College (6),OMNY - Other,10,0
2/18/26 12:00,23 St-Baruch College (6),Metrocard - Unlimited 30-Day,1,0
2/18/26 12:00,23 St-Baruch College (6),OMNY - Fair Fare,72,1
2/18/26 12:00,23 St-Baruch College (6),Metrocard - Other,5,0
2/18/26 12:00,23 St-Baruch College (6),OMNY - Students,89,1
2/18/26 12:00,23 St-Baruch College (6),OMNY - Full Fare,884,20
2/18/26 12:00,23 St-Baruch College (6),OMNY - Seniors & Disability,78,6
2/18/26 11:00,23 St-Baruch College (6),Metrocard - Other,4,0
2/18/26 11:00,23 St-Baruch College (6),OMNY - Other,10,0
2/18/26 11:00,23 St-Baruch College (6),OMNY - Fair Fare,36,2
2/18/26 11:00,23 St-Baruch College (6),OMNY - Seniors & Disability,80,12
2/18/26 11:00,23 St-Baruch College (6),OMNY - Students,58,1
2/18/26 11:00,23 St-Baruch College (6),OMNY - Full Fare,730,34
2/18/26 10:00,23 St-Baruch College (6),OMNY - Full Fare,683,27
2/18/26 10:00,23 St-Baruch College (6),OMNY - Other,3,0
2/18/26 10:00,23 St-Baruch College (6),OMNY - Fair Fare,35,2
2/18/26 10:00,23 St-Baruch College (6),Metrocard - Other,2,0
2/18/26 10:00,23 St-Baruch College (6),OMNY - Seniors & Disability,54,8
2/18/26 10:00,23 St-Baruch College (6),Metrocard - Unlimited 30-Day,1,0
2/18/26 10:00,23 St-Baruch College (6),OMNY - Students,47,0
2/18/26 9:00,23 St-Baruch College (6),OMNY - Students,27,2
2/18/26 9:00,23 St-Baruch College (6),OMNY - Fair Fare,10,2
2/18/26 9:00,23 St-Baruch College (6),OMNY - Full Fare,980,61
2/18/26 9:00,23 St-Baruch College (6),Metrocard - Other,1,0
2/18/26 9:00,23 St-Baruch College (6),Metrocard - Unlimited 7-Day,1,0
2/18/26 9:00,23 St-Baruch College (6),OMNY - Other,5,0
2/18/26 9:00,23 St-Baruch College (6),OMNY - Seniors & Disability,58,12
2/18/26 8:00,23 St-Baruch College (6),Metrocard - Unlimited 30-Day,1,0
2/18/26 8:00,23 St-Baruch College (6),OMNY - Seniors & Disability,38,10
2/18/26 8:00,23 St-Baruch College (6),Metrocard - Other,1,1
2/18/26 8:00,23 St-Baruch College (6),OMNY - Other,12,0
2/18/26 8:00,23 St-Baruch College (6),OMNY - Fair Fare,16,6
2/18/26 8:00,23 St-Baruch College (6),OMNY - Full Fare,"1,600",110
2/18/26 8:00,23 St-Baruch College (6),OMNY - Students,8,0
2/18/26 7:00,23 St-Baruch College (6),OMNY - Seniors & Disability,33,8
2/18/26 7:00,23 St-Baruch College (6),OMNY - Other,12,0
2/18/26 7:00,23 St-Baruch College (6),OMNY - Students,44,5
2/18/26 7:00,23 St-Baruch College (6),OMNY - Full Fare,720,110
2/18/26 7:00,23 St-Baruch College (6),OMNY - Fair Fare,4,0
2/18/26 7:00,23 St-Baruch College (6),Metrocard - Other,7,0
2/18/26 7:00,23 St-Baruch College (6),Metrocard - Unlimited 7-Day,1,0
2/18/26 6:00,23 St-Baruch College (6),OMNY - Other,5,0
2/18/26 6:00,23 St-Baruch College (6),OMNY - Seniors & Disability,11,4
2/18/26 6:00,23 St-Baruch College (6),Metrocard - Unlimited 30-Day,1,0
2/18/26 6:00,23 St-Baruch College (6),OMNY - Full Fare,224,57
2/18/26 6:00,23 St-Baruch College (6),OMNY - Fair Fare,2,0
2/18/26 6:00,23 St-Baruch College (6),OMNY - Students,6,0
2/18/26 6:00,23 St-Baruch College (6),Metrocard - Other,3,0
2/18/26 5:00,23 St-Baruch College (6),OMNY - Students,1,0
2/18/26 5:00,23 St-Baruch College (6),OMNY - Full Fare,39,8
2/18/26 5:00,23 St-Baruch College (6),OMNY - Seniors & Disability,4,3
2/18/26 5:00,23 St-Baruch College (6),Metrocard - Other,2,0
2/18/26 5:00,23 St-Baruch College (6),OMNY - Fair Fare,2,1
2/18/26 4:00,23 St-Baruch College (6),OMNY - Full Fare,8,1
2/18/26 4:00,23 St-Baruch College (6),OMNY - Fair Fare,2,0
2/18/26 4:00,23 St-Baruch College (6),Metrocard - Other,1,0
2/18/26 4:00,23 St-Baruch College (6),OMNY - Other,2,0
2/18/26 4:00,23 St-Baruch College (6),OMNY - Seniors & Disability,1,0
2/18/26 3:00,23 St-Baruch College (6),OMNY - Other,2,0
2/18/26 3:00,23 St-Baruch College (6),OMNY - Full Fare,12,0
2/18/26 3:00,23 St-Baruch College (6),Metrocard - Other,1,0
2/18/26 2:00,23 St-Baruch College (6),OMNY - Full Fare,7,0
2/18/26 1:00,23 St-Baruch College (6),OMNY - Students,1,0
2/18/26 1:00,23 St-Baruch College (6),Metrocard - Other,2,0
2/18/26 1:00,23 St-Baruch College (6),OMNY - Seniors & Disability,1,0
2/18/26 1:00,23 St-Baruch College (6),OMNY - Other,1,0
2/18/26 1:00,23 St-Baruch College (6),OMNY - Full Fare,33,0
2/18/26 1:00,23 St-Baruch College (6),OMNY - Fair Fare,3,0
2/18/26 0:00,23 St-Baruch College (6),OMNY - Students,3,0
2/18/26 0:00,23 St-Baruch College (6),OMNY - Full Fare,99,1
2/18/26 0:00,23 St-Baruch College (6),OMNY - Seniors & Disability,2,0
2/18/26 0:00,23 St-Baruch College (6),OMNY - Fair Fare,6,0
2/18/26 0:00,23 St-Baruch College (6),Metrocard - Other,1,0
2/18/26 0:00,23 St-Baruch College (6),OMNY - Other,8,0
2/17/26 23:00,23 St-Baruch College (6),OMNY - Full Fare,219,4
2/17/26 23:00,23 St-Baruch College (6),OMNY - Seniors & Disability,9,1
2/17/26 23:00,23 St-Baruch College (6),Metrocard - Other,2,0
2/17/26 23:00,23 St-Baruch College (6),OMNY - Students,7,0
2/17/26 23:00,23 St-Baruch College (6),Metrocard - Unlimited 7-Day,1,0
2/17/26 23:00,23 St-Baruch College (6),OMNY - Other,2,0
2/17/26 23:00,23 St-Baruch College (6),OMNY - Fair Fare,2,0
2/17/26 22:00,23 St-Baruch College (6),Metrocard - Unlimited 7-Day,1,0
2/17/26 22:00,23 St-Baruch College (6),Metrocard - Unlimited 30-Day,2,0
2/17/26 22:00,23 St-Baruch College (6),OMNY - Students,8,0
2/17/26 22:00,23 St-Baruch College (6),OMNY - Fair Fare,20,0
2/17/26 22:00,23 St-Baruch College (6),OMNY - Other,3,0
2/17/26 22:00,23 St-Baruch College (6),OMNY - Seniors & Disability,19,0
2/17/26 22:00,23 St-Baruch College (6),OMNY - Full Fare,387,13
2/17/26 21:00,23 St-Baruch College (6),Metrocard - Other,5,0
2/17/26 21:00,23 St-Baruch College (6),OMNY - Seniors & Disability,24,0
2/17/26 21:00,23 St-Baruch College (6),OMNY - Fair Fare,21,0
2/17/26 21:00,23 St-Baruch College (6),OMNY - Students,17,0
2/17/26 21:00,23 St-Baruch College (6),OMNY - Other,7,0
2/17/26 21:00,23 St-Baruch College (6),OMNY - Full Fare,453,4
2/17/26 20:00,23 St-Baruch College (6),OMNY - Students,34,1
2/17/26 20:00,23 St-Baruch College (6),OMNY - Full Fare,704,12
2/17/26 20:00,23 St-Baruch College (6),OMNY - Other,14,0
2/17/26 20:00,23 St-Baruch College (6),OMNY - Seniors & Disability,39,1
2/17/26 20:00,23 St-Baruch College (6),OMNY - Fair Fare,22,0
2/17/26 20:00,23 St-Baruch College (6),Metrocard - Other,4,0
2/17/26 19:00,23 St-Baruch College (6),Metrocard - Full Fare,2,0
2/17/26 19:00,23 St-Baruch College (6),OMNY - Students,34,0
2/17/26 19:00,23 St-Baruch College (6),Metrocard - Other,4,0
2/17/26 19:00,23 St-Baruch College (6),OMNY - Fair Fare,29,1
2/17/26 19:00,23 St-Baruch College (6),OMNY - Full Fare,978,13
2/17/26 19:00,23 St-Baruch College (6),Metrocard - Unlimited 30-Day,1,0
2/17/26 19:00,23 St-Baruch College (6),OMNY - Other,12,0
2/17/26 19:00,23 St-Baruch College (6),OMNY - Seniors & Disability,30,3
2/17/26 18:00,23 St-Baruch College (6),Metrocard - Other,7,0
2/17/26 18:00,23 St-Baruch College (6),OMNY - Other,13,0
2/17/26 18:00,23 St-Baruch College (6),OMNY - Full Fare,"1,581",42
2/17/26 18:00,23 St-Baruch College (6),OMNY - Students,36,0
2/17/26 18:00,23 St-Baruch College (6),OMNY - Seniors & Disability,63,5
2/17/26 18:00,23 St-Baruch College (6),Metrocard - Unlimited 7-Day,1,0
2/17/26 18:00,23 St-Baruch College (6),OMNY - Fair Fare,50,1
2/17/26 18:00,23 St-Baruch College (6),Metrocard - Unlimited 30-Day,1,0
2/17/26 17:00,23 St-Baruch College (6),Metrocard - Unlimited 7-Day,3,0
2/17/26 17:00,23 St-Baruch College (6),OMNY - Students,44,3
2/17/26 17:00,23 St-Baruch College (6),OMNY - Full Fare,"2,096",32
2/17/26 17:00,23 St-Baruch College (6),OMNY - Seniors & Disability,109,9
2/17/26 17:00,23 St-Baruch College (6),OMNY - Other,17,0
2/17/26 17:00,23 St-Baruch College (6),Metrocard - Unlimited 30-Day,3,0
2/17/26 17:00,23 St-Baruch College (6),Metrocard - Other,6,1
2/17/26 17:00,23 St-Baruch College (6),OMNY - Fair Fare,61,1
2/17/26 17:00,23 St-Baruch College (6),Metrocard - Full Fare,1,0
2/17/26 16:00,23 St-Baruch College (6),OMNY - Other,22,0
2/17/26 16:00,23 St-Baruch College (6),Metrocard - Unlimited 7-Day,2,0
2/17/26 16:00,23 St-Baruch College (6),OMNY - Students,68,4
2/17/26 16:00,23 St-Baruch College (6),OMNY - Seniors & Disability,98,10
2/17/26 16:00,23 St-Baruch College (6),OMNY - Full Fare,"1,523",41
2/17/26 16:00,23 St-Baruch College (6),OMNY - Fair Fare,71,2
2/17/26 16:00,23 St-Baruch College (6),Metrocard - Other,6,0
2/17/26 16:00,23 St-Baruch College (6),Metrocard - Unlimited 30-Day,5,0
2/17/26 15:00,23 St-Baruch College (6),OMNY - Fair Fare,58,4
2/17/26 15:00,23 St-Baruch College (6),Metrocard - Unlimited 30-Day,1,0
2/17/26 15:00,23 St-Baruch College (6),OMNY - Full Fare,"1,236",27
2/17/26 15:00,23 St-Baruch College (6),Metrocard - Seniors & Disability,4,0
2/17/26 15:00,23 St-Baruch College (6),OMNY - Other,17,0
2/17/26 15:00,23 St-Baruch College (6),Metrocard - Other,9,0
2/17/26 15:00,23 St-Baruch College (6),OMNY - Seniors & Disability,78,3
2/17/26 15:00,23 St-Baruch College (6),OMNY - Students,44,2
2/17/26 14:00,23 St-Baruch College (6),OMNY - Students,40,1
2/17/26 14:00,23 St-Baruch College (6),OMNY - Seniors & Disability,94,7
2/17/26 14:00,23 St-Baruch College (6),Metrocard - Other,6,0
2/17/26 14:00,23 St-Baruch College (6),Metrocard - Full Fare,1,0
2/17/26 14:00,23 St-Baruch College (6),OMNY - Other,4,0
2/17/26 14:00,23 St-Baruch College (6),Metrocard - Seniors & Disability,1,0
2/17/26 14:00,23 St-Baruch College (6),OMNY - Full Fare,794,22
2/17/26 14:00,23 St-Baruch College (6),OMNY - Fair Fare,36,1
2/17/26 13:00,23 St-Baruch College (6),OMNY - Other,9,0
2/17/26 13:00,23 St-Baruch College (6),OMNY - Seniors & Disability,71,16
2/17/26 13:00,23 St-Baruch College (6),OMNY - Fair Fare,21,0
2/17/26 13:00,23 St-Baruch College (6),Metrocard - Unlimited 30-Day,2,0
2/17/26 13:00,23 St-Baruch College (6),OMNY - Full Fare,622,22
2/17/26 13:00,23 St-Baruch College (6),OMNY - Students,27,0
2/17/26 13:00,23 St-Baruch College (6),Metrocard - Other,7,0
2/17/26 12:00,23 St-Baruch College (6),OMNY - Students,28,3
2/17/26 12:00,23 St-Baruch College (6),Metrocard - Unlimited 30-Day,2,0
2/17/26 12:00,23 St-Baruch College (6),OMNY - Other,4,0
2/17/26 12:00,23 St-Baruch College (6),OMNY - Seniors & Disability,77,9
2/17/26 12:00,23 St-Baruch College (6),OMNY - Full Fare,655,19
2/17/26 12:00,23 St-Baruch College (6),Metrocard - Other,8,0
2/17/26 12:00,23 St-Baruch College (6),OMNY - Fair Fare,24,1
2/17/26 11:00,23 St-Baruch College (6),OMNY - Full Fare,588,19
2/17/26 11:00,23 St-Baruch College (6),OMNY - Other,14,0
2/17/26 11:00,23 St-Baruch College (6),OMNY - Seniors & Disability,59,15
2/17/26 11:00,23 St-Baruch College (6),OMNY - Fair Fare,15,0
2/17/26 11:00,23 St-Baruch College (6),Metrocard - Other,4,0
2/17/26 11:00,23 St-Baruch College (6),OMNY - Students,26,0
2/17/26 10:00,23 St-Baruch College (6),OMNY - Fair Fare,19,3
2/17/26 10:00,23 St-Baruch College (6),OMNY - Seniors & Disability,45,10
2/17/26 10:00,23 St-Baruch College (6),OMNY - Students,7,0
2/17/26 10:00,23 St-Baruch College (6),OMNY - Full Fare,556,26
2/17/26 10:00,23 St-Baruch College (6),OMNY - Other,6,0
2/17/26 10:00,23 St-Baruch College (6),Metrocard - Other,2,0
2/17/26 10:00,23 St-Baruch College (6),Metrocard - Unlimited 7-Day,1,0
2/17/26 9:00,23 St-Baruch College (6),OMNY - Fair Fare,9,0
2/17/26 9:00,23 St-Baruch College (6),OMNY - Seniors & Disability,50,7
2/17/26 9:00,23 St-Baruch College (6),OMNY - Other,4,0
2/17/26 9:00,23 St-Baruch College (6),OMNY - Full Fare,"1,009",48
2/17/26 9:00,23 St-Baruch College (6),OMNY - Students,11,1
2/17/26 9:00,23 St-Baruch College (6),Metrocard - Other,3,0
2/17/26 8:00,23 St-Baruch College (6),Metrocard - Unlimited 30-Day,1,0
2/17/26 8:00,23 St-Baruch College (6),OMNY - Students,5,0
2/17/26 8:00,23 St-Baruch College (6),OMNY - Full Fare,"1,484",110
2/17/26 8:00,23 St-Baruch College (6),OMNY - Seniors & Disability,45,5
2/17/26 8:00,23 St-Baruch College (6),OMNY - Fair Fare,19,3
2/17/26 8:00,23 St-Baruch College (6),OMNY - Other,4,0
2/17/26 8:00,23 St-Baruch College (6),Metrocard - Other,2,0
2/17/26 7:00,23 St-Baruch College (6),Metrocard - Other,2,0
2/17/26 7:00,23 St-Baruch College (6),OMNY - Students,15,0
2/17/26 7:00,23 St-Baruch College (6),OMNY - Other,4,0
2/17/26 7:00,23 St-Baruch College (6),OMNY - Fair Fare,4,1
2/17/26 7:00,23 St-Baruch College (6),Metrocard - Unlimited 30-Day,1,0
2/17/26 7:00,23 St-Baruch College (6),OMNY - Full Fare,669,72
2/17/26 7:00,23 St-Baruch College (6),OMNY - Seniors & Disability,29,6
2/17/26 6:00,23 St-Baruch College (6),OMNY - Other,2,0
2/17/26 6:00,23 St-Baruch College (6),Metrocard - Other,6,0
2/17/26 6:00,23 St-Baruch College (6),OMNY - Seniors & Disability,9,4
2/17/26 6:00,23 St-Baruch College (6),Metrocard - Unlimited 30-Day,1,0
2/17/26 6:00,23 St-Baruch College (6),OMNY - Full Fare,200,49
2/17/26 6:00,23 St-Baruch College (6),OMNY - Students,4,0
2/17/26 6:00,23 St-Baruch College (6),OMNY - Fair Fare,5,1
2/17/26 5:00,23 St-Baruch College (6),OMNY - Seniors & Disability,2,2
2/17/26 5:00,23 St-Baruch College (6),OMNY - Fair Fare,2,0
2/17/26 5:00,23 St-Baruch College (6),OMNY - Full Fare,44,13
2/17/26 4:00,23 St-Baruch College (6),OMNY - Full Fare,10,0
2/17/26 3:00,23 St-Baruch College (6),OMNY - Full Fare,7,0
2/17/26 3:00,23 St-Baruch College (6),Metrocard - Other,1,0
2/17/26 2:00,23 St-Baruch College (6),Metrocard - Other,3,0
2/17/26 2:00,23 St-Baruch College (6),OMNY - Full Fare,10,0
2/17/26 1:00,23 St-Baruch College (6),OMNY - Fair Fare,1,0
2/17/26 1:00,23 St-Baruch College (6),OMNY - Other,2,0
2/17/26 1:00,23 St-Baruch College (6),Metrocard - Other,1,0
2/17/26 1:00,23 St-Baruch College (6),OMNY - Full Fare,34,0
2/17/26 0:00,23 St-Baruch College (6),OMNY - Other,1,0
2/17/26 0:00,23 St-Baruch College (6),OMNY - Fair Fare,4,0
2/17/26 0:00,23 St-Baruch College (6),OMNY - Students,2,0
2/17/26 0:00,23 St-Baruch College (6),OMNY - Full Fare,72,1
2/17/26 0:00,23 St-Baruch College (6),Metrocard - Other,1,0
2/17/26 0:00,23 St-Baruch College (6),OMNY - Seniors & Disability,1,0
2/16/26 23:00,23 St-Baruch College (6),OMNY - Full Fare,190,1
2/16/26 23:00,23 St-Baruch College (6),Metrocard - Unlimited 7-Day,1,0
2/16/26 23:00,23 St-Baruch College (6),OMNY - Students,9,0
2/16/26 23:00,23 St-Baruch College (6),OMNY - Seniors & Disability,7,1
2/16/26 23:00,23 St-Baruch College (6),OMNY - Fair Fare,6,0
2/16/26 23:00,23 St-Baruch College (6),Metrocard - Other,1,0
2/16/26 22:00,23 St-Baruch College (6),OMNY - Seniors & Disability,15,0
2/16/26 22:00,23 St-Baruch College (6),OMNY - Other,3,0
2/16/26 22:00,23 St-Baruch College (6),OMNY - Students,8,0
2/16/26 22:00,23 St-Baruch College (6),OMNY - Full Fare,278,4
2/16/26 22:00,23 St-Baruch College (6),OMNY - Fair Fare,11,0
2/16/26 22:00,23 St-Baruch College (6),Metrocard - Unlimited 30-Day,1,0
2/16/26 21:00,23 St-Baruch College (6),OMNY - Students,10,1
2/16/26 21:00,23 St-Baruch College (6),OMNY - Fair Fare,15,0
2/16/26 21:00,23 St-Baruch College (6),Metrocard - Other,4,0
2/16/26 21:00,23 St-Baruch College (6),OMNY - Full Fare,350,6
2/16/26 21:00,23 St-Baruch College (6),OMNY - Seniors & Disability,20,1
2/16/26 21:00,23 St-Baruch College (6),Metrocard - Unlimited 7-Day,1,0
2/16/26 21:00,23 St-Baruch College (6),OMNY - Other,3,0
2/16/26 20:00,23 St-Baruch College (6),OMNY - Fair Fare,18,0
2/16/26 20:00,23 St-Baruch College (6),OMNY - Students,31,1
2/16/26 20:00,23 St-Baruch College (6),OMNY - Other,10,0
2/16/26 20:00,23 St-Baruch College (6),OMNY - Seniors & Disability,32,1
2/16/26 20:00,23 St-Baruch College (6),Metrocard - Other,7,0
2/16/26 20:00,23 St-Baruch College (6),OMNY - Full Fare,490,14
2/16/26 19:00,23 St-Baruch College (6),OMNY - Students,20,1
2/16/26 19:00,23 St-Baruch College (6),Metrocard - Other,3,0
2/16/26 19:00,23 St-Baruch College (6),OMNY - Seniors & Disability,13,1
2/16/26 19:00,23 St-Baruch College (6),OMNY - Other,8,0
2/16/26 19:00,23 St-Baruch College (6),OMNY - Full Fare,585,5
2/16/26 19:00,23 St-Baruch College (6),OMNY - Fair Fare,17,2
2/16/26 18:00,23 St-Baruch College (6),OMNY - Seniors & Disability,25,1
2/16/26 18:00,23 St-Baruch College (6),OMNY - Students,19,0
2/16/26 18:00,23 St-Baruch College (6),OMNY - Other,14,0
2/16/26 18:00,23 St-Baruch College (6),Metrocard - Other,5,0
2/16/26 18:00,23 St-Baruch College (6),OMNY - Full Fare,754,10
2/16/26 18:00,23 St-Baruch College (6),OMNY - Fair Fare,20,0
2/16/26 17:00,23 St-Baruch College (6),OMNY - Fair Fare,22,1
2/16/26 17:00,23 St-Baruch College (6),OMNY - Seniors & Disability,41,3
2/16/26 17:00,23 St-Baruch College (6),OMNY - Students,30,0
2/16/26 17:00,23 St-Baruch College (6),OMNY - Other,18,0
2/16/26 17:00,23 St-Baruch College (6),Metrocard - Unlimited 30-Day,2,0
2/16/26 17:00,23 St-Baruch College (6),Metrocard - Full Fare,2,0
2/16/26 17:00,23 St-Baruch College (6),OMNY - Full Fare,787,26
2/16/26 17:00,23 St-Baruch College (6),Metrocard - Other,6,0
2/16/26 16:00,23 St-Baruch College (6),OMNY - Other,7,0
2/16/26 16:00,23 St-Baruch College (6),OMNY - Seniors & Disability,49,6
2/16/26 16:00,23 St-Baruch College (6),Metrocard - Unlimited 7-Day,1,0
2/16/26 16:00,23 St-Baruch College (6),Metrocard - Other,5,0
2/16/26 16:00,23 St-Baruch College (6),OMNY - Full Fare,850,13
2/16/26 16:00,23 St-Baruch College (6),OMNY - Fair Fare,33,1
2/16/26 16:00,23 St-Baruch College (6),OMNY - Students,25,3
2/16/26 16:00,23 St-Baruch College (6),Metrocard - Full Fare,1,0
2/16/26 16:00,23 St-Baruch College (6),Metrocard - Unlimited 30-Day,1,0
2/16/26 15:00,23 St-Baruch College (6),OMNY - Fair Fare,31,0
2/16/26 15:00,23 St-Baruch College (6),OMNY - Other,9,0
2/16/26 15:00,23 St-Baruch College (6),OMNY - Full Fare,903,25
2/16/26 15:00,23 St-Baruch College (6),Metrocard - Other,9,0
2/16/26 15:00,23 St-Baruch College (6),OMNY - Seniors & Disability,49,8
2/16/26 15:00,23 St-Baruch College (6),OMNY - Students,36,4
2/16/26 14:00,23 St-Baruch College (6),OMNY - Seniors & Disability,51,3
2/16/26 14:00,23 St-Baruch College (6),OMNY - Students,19,1
2/16/26 14:00,23 St-Baruch College (6),OMNY - Other,5,0
2/16/26 14:00,23 St-Baruch College (6),Metrocard - Other,6,0
2/16/26 14:00,23 St-Baruch College (6),OMNY - Full Fare,727,20
2/16/26 14:00,23 St-Baruch College (6),OMNY - Fair Fare,18,0
2/16/26 14:00,23 St-Baruch College (6),Metrocard - Unlimited 30-Day,1,0
2/16/26 13:00,23 St-Baruch College (6),Metrocard - Full Fare,1,0
2/16/26 13:00,23 St-Baruch College (6),Metrocard - Other,3,0
2/16/26 13:00,23 St-Baruch College (6),OMNY - Seniors & Disability,45,4
2/16/26 13:00,23 St-Baruch College (6),OMNY - Students,19,1
2/16/26 13:00,23 St-Baruch College (6),OMNY - Fair Fare,21,0
2/16/26 13:00,23 St-Baruch College (6),OMNY - Other,7,0
2/16/26 13:00,23 St-Baruch College (6),OMNY - Full Fare,659,20
2/16/26 12:00,23 St-Baruch College (6),OMNY - Fair Fare,11,3
2/16/26 12:00,23 St-Baruch College (6),Metrocard - Unlimited 30-Day,2,0
2/16/26 12:00,23 St-Baruch College (6),OMNY - Other,7,0
2/16/26 12:00,23 St-Baruch College (6),OMNY - Students,17,3
2/16/26 12:00,23 St-Baruch College (6),OMNY - Seniors & Disability,37,5
2/16/26 12:00,23 St-Baruch College (6),OMNY - Full Fare,608,11
2/16/26 12:00,23 St-Baruch College (6),Metrocard - Other,4,0
2/16/26 11:00,23 St-Baruch College (6),OMNY - Full Fare,459,9
2/16/26 11:00,23 St-Baruch College (6),OMNY - Fair Fare,5,0
2/16/26 11:00,23 St-Baruch College (6),OMNY - Other,2,0
2/16/26 11:00,23 St-Baruch College (6),Metrocard - Other,1,0
2/16/26 11:00,23 St-Baruch College (6),OMNY - Seniors & Disability,40,5
2/16/26 11:00,23 St-Baruch College (6),OMNY - Students,15,1
2/16/26 10:00,23 St-Baruch College (6),OMNY - Fair Fare,5,1
2/16/26 10:00,23 St-Baruch College (6),OMNY - Other,11,0
2/16/26 10:00,23 St-Baruch College (6),Metrocard - Other,2,1
2/16/26 10:00,23 St-Baruch College (6),OMNY - Full Fare,435,14
2/16/26 10:00,23 St-Baruch College (6),Metrocard - Unlimited 30-Day,3,0
2/16/26 10:00,23 St-Baruch College (6),OMNY - Seniors & Disability,22,2
2/16/26 10:00,23 St-Baruch College (6),OMNY - Students,7,0
2/16/26 9:00,23 St-Baruch College (6),OMNY - Fair Fare,12,2
2/16/26 9:00,23 St-Baruch College (6),Metrocard - Other,2,0
2/16/26 9:00,23 St-Baruch College (6),OMNY - Other,10,0
2/16/26 9:00,23 St-Baruch College (6),OMNY - Seniors & Disability,23,4
2/16/26 9:00,23 St-Baruch College (6),OMNY - Full Fare,346,21
2/16/26 9:00,23 St-Baruch College (6),OMNY - Students,9,1
2/16/26 8:00,23 St-Baruch College (6),OMNY - Students,4,1
2/16/26 8:00,23 St-Baruch College (6),OMNY - Fair Fare,9,0
2/16/26 8:00,23 St-Baruch College (6),OMNY - Seniors & Disability,14,0
2/16/26 8:00,23 St-Baruch College (6),Metrocard - Other,2,0
2/16/26 8:00,23 St-Baruch College (6),OMNY - Full Fare,322,16
2/16/26 8:00,23 St-Baruch College (6),OMNY - Other,6,0
2/16/26 7:00,23 St-Baruch College (6),OMNY - Full Fare,199,21
2/16/26 7:00,23 St-Baruch College (6),Metrocard - Other,7,0
2/16/26 7:00,23 St-Baruch College (6),OMNY - Other,7,0
2/16/26 7:00,23 St-Baruch College (6),OMNY - Students,3,0
2/16/26 7:00,23 St-Baruch College (6),OMNY - Seniors & Disability,8,3
2/16/26 7:00,23 St-Baruch College (6),OMNY - Fair Fare,1,0
2/16/26 6:00,23 St-Baruch College (6),Metrocard - Other,2,0
2/16/26 6:00,23 St-Baruch College (6),OMNY - Seniors & Disability,5,2
2/16/26 6:00,23 St-Baruch College (6),OMNY - Fair Fare,3,0
2/16/26 6:00,23 St-Baruch College (6),OMNY - Full Fare,67,13
2/16/26 6:00,23 St-Baruch College (6),OMNY - Students,6,0
2/16/26 5:00,23 St-Baruch College (6),OMNY - Other,1,0
2/16/26 5:00,23 St-Baruch College (6),OMNY - Full Fare,16,1
2/16/26 4:00,23 St-Baruch College (6),OMNY - Full Fare,16,0
2/16/26 4:00,23 St-Baruch College (6),OMNY - Other,1,0
2/16/26 4:00,23 St-Baruch College (6),Metrocard - Other,2,0
2/16/26 3:00,23 St-Baruch College (6),OMNY - Full Fare,17,0
2/16/26 3:00,23 St-Baruch College (6),Metrocard - Other,1,0
2/16/26 3:00,23 St-Baruch College (6),OMNY - Students,1,0
2/16/26 2:00,23 St-Baruch College (6),OMNY - Full Fare,21,0
2/16/26 1:00,23 St-Baruch College (6),Metrocard - Other,1,0
2/16/26 1:00,23 St-Baruch College (6),OMNY - Full Fare,65,0
2/16/26 1:00,23 St-Baruch College (6),OMNY - Students,3,0
2/16/26 0:00,23 St-Baruch College (6),OMNY - Other,3,0
2/16/26 0:00,23 St-Baruch College (6),OMNY - Seniors & Disability,4,0
2/16/26 0:00,23 St-Baruch College (6),Metrocard - Other,2,0
2/16/26 0:00,23 St-Baruch College (6),OMNY - Students,5,0
2/16/26 0:00,23 St-Baruch College (6),OMNY - Full Fare,103,1
2/16/26 0:00,23 St-Baruch College (6),OMNY - Fair Fare,5,0
2/15/26 23:00,23 St-Baruch College (6),OMNY - Full Fare,194,4
2/15/26 23:00,23 St-Baruch College (6),OMNY - Other,3,0
2/15/26 23:00,23 St-Baruch College (6),Metrocard - Unlimited 7-Day,2,0
2/15/26 23:00,23 St-Baruch College (6),OMNY - Students,6,0
2/15/26 23:00,23 St-Baruch College (6),OMNY - Seniors & Disability,5,0
2/15/26 23:00,23 St-Baruch College (6),OMNY - Fair Fare,8,0
2/15/26 22:00,23 St-Baruch College (6),OMNY - Other,8,0
2/15/26 22:00,23 St-Baruch College (6),OMNY - Full Fare,302,5
2/15/26 22:00,23 St-Baruch College (6),Metrocard - Unlimited 7-Day,1,0
2/15/26 22:00,23 St-Baruch College (6),OMNY - Students,15,0
2/15/26 22:00,23 St-Baruch College (6),OMNY - Fair Fare,18,0
2/15/26 22:00,23 St-Baruch College (6),OMNY - Seniors & Disability,10,0
2/15/26 21:00,23 St-Baruch College (6),OMNY - Students,10,0
2/15/26 21:00,23 St-Baruch College (6),Metrocard - Seniors & Disability,2,1
2/15/26 21:00,23 St-Baruch College (6),OMNY - Other,2,0
2/15/26 21:00,23 St-Baruch College (6),OMNY - Seniors & Disability,6,0
2/15/26 21:00,23 St-Baruch College (6),OMNY - Fair Fare,16,1
2/15/26 21:00,23 St-Baruch College (6),Metrocard - Other,1,0
2/15/26 21:00,23 St-Baruch College (6),OMNY - Full Fare,373,3
2/15/26 20:00,23 St-Baruch College (6),OMNY - Full Fare,355,6
2/15/26 20:00,23 St-Baruch College (6),Metrocard - Other,1,0
2/15/26 20:00,23 St-Baruch College (6),OMNY - Fair Fare,13,1
2/15/26 20:00,23 St-Baruch College (6),OMNY - Students,10,1
2/15/26 20:00,23 St-Baruch College (6),OMNY - Other,7,0
2/15/26 20:00,23 St-Baruch College (6),OMNY - Seniors & Disability,13,0
2/15/26 19:00,23 St-Baruch College (6),Metrocard - Other,1,0
2/15/26 19:00,23 St-Baruch College (6),Metrocard - Unlimited 30-Day,1,0
2/15/26 19:00,23 St-Baruch College (6),OMNY - Students,17,0
2/15/26 19:00,23 St-Baruch College (6),OMNY - Full Fare,441,8
2/15/26 19:00,23 St-Baruch College (6),OMNY - Fair Fare,10,0
2/15/26 19:00,23 St-Baruch College (6),OMNY - Other,7,0
2/15/26 19:00,23 St-Baruch College (6),OMNY - Seniors & Disability,15,1
2/15/26 18:00,23 St-Baruch College (6),OMNY - Full Fare,621,11
2/15/26 18:00,23 St-Baruch College (6),Metrocard - Unlimited 30-Day,1,0
2/15/26 18:00,23 St-Baruch College (6),OMNY - Fair Fare,15,0
2/15/26 18:00,23 St-Baruch College (6),OMNY - Students,11,0
2/15/26 18:00,23 St-Baruch College (6),Metrocard - Other,2,0
2/15/26 18:00,23 St-Baruch College (6),OMNY - Other,7,0
2/15/26 18:00,23 St-Baruch College (6),OMNY - Seniors & Disability,19,1
2/15/26 17:00,23 St-Baruch College (6),OMNY - Full Fare,647,12
2/15/26 17:00,23 St-Baruch College (6),Metrocard - Unlimited 30-Day,1,0
2/15/26 17:00,23 St-Baruch College (6),Metrocard - Other,5,0
2/15/26 17:00,23 St-Baruch College (6),OMNY - Fair Fare,13,1
2/15/26 17:00,23 St-Baruch College (6),OMNY - Other,18,0
2/15/26 17:00,23 St-Baruch College (6),OMNY - Students,18,0
2/15/26 17:00,23 St-Baruch College (6),OMNY - Seniors & Disability,20,0
2/15/26 16:00,23 St-Baruch College (6),Metrocard - Other,1,0
2/15/26 16:00,23 St-Baruch College (6),OMNY - Fair Fare,17,2
2/15/26 16:00,23 St-Baruch College (6),OMNY - Students,24,1
2/15/26 16:00,23 St-Baruch College (6),OMNY - Seniors & Disability,27,2
2/15/26 16:00,23 St-Baruch College (6),OMNY - Other,14,0
2/15/26 16:00,23 St-Baruch College (6),OMNY - Full Fare,607,16
2/15/26 15:00,23 St-Baruch College (6),OMNY - Students,17,0
2/15/26 15:00,23 St-Baruch College (6),OMNY - Full Fare,646,27
2/15/26 15:00,23 St-Baruch College (6),OMNY - Seniors & Disability,28,1
2/15/26 15:00,23 St-Baruch College (6),OMNY - Fair Fare,19,1
2/15/26 15:00,23 St-Baruch College (6),Metrocard - Other,4,0
2/15/26 15:00,23 St-Baruch College (6),Metrocard - Full Fare,2,0
2/15/26 15:00,23 St-Baruch College (6),OMNY - Other,10,0
2/15/26 14:00,23 St-Baruch College (6),Metrocard - Full Fare,1,0
2/15/26 14:00,23 St-Baruch College (6),OMNY - Seniors & Disability,29,7
2/15/26 14:00,23 St-Baruch College (6),Metrocard - Other,3,0
2/15/26 14:00,23 St-Baruch College (6),OMNY - Full Fare,581,15
2/15/26 14:00,23 St-Baruch College (6),Metrocard - Unlimited 7-Day,1,0
2/15/26 14:00,23 St-Baruch College (6),OMNY - Students,15,0
2/15/26 14:00,23 St-Baruch College (6),OMNY - Other,12,0
2/15/26 14:00,23 St-Baruch College (6),OMNY - Fair Fare,5,0
2/15/26 13:00,23 St-Baruch College (6),Metrocard - Unlimited 30-Day,1,0
2/15/26 13:00,23 St-Baruch College (6),OMNY - Students,21,0
2/15/26 13:00,23 St-Baruch College (6),OMNY - Fair Fare,9,0
2/15/26 13:00,23 St-Baruch College (6),OMNY - Full Fare,600,19
2/15/26 13:00,23 St-Baruch College (6),Metrocard - Other,2,0
2/15/26 13:00,23 St-Baruch College (6),OMNY - Other,9,0
2/15/26 13:00,23 St-Baruch College (6),OMNY - Seniors & Disability,26,0
2/15/26 12:00,23 St-Baruch College (6),OMNY - Seniors & Disability,25,3
2/15/26 12:00,23 St-Baruch College (6),Metrocard - Unlimited 30-Day,1,0
2/15/26 12:00,23 St-Baruch College (6),OMNY - Fair Fare,11,0
2/15/26 12:00,23 St-Baruch College (6),OMNY - Full Fare,628,15
2/15/26 12:00,23 St-Baruch College (6),OMNY - Students,17,2
2/15/26 12:00,23 St-Baruch College (6),Metrocard - Unlimited 7-Day,1,0
2/15/26 12:00,23 St-Baruch College (6),Metrocard - Other,5,0
2/15/26 11:00,23 St-Baruch College (6),OMNY - Fair Fare,7,0
2/15/26 11:00,23 St-Baruch College (6),OMNY - Other,6,0
2/15/26 11:00,23 St-Baruch College (6),OMNY - Full Fare,534,9
2/15/26 11:00,23 St-Baruch College (6),Metrocard - Other,1,0
2/15/26 11:00,23 St-Baruch College (6),OMNY - Students,10,1
2/15/26 11:00,23 St-Baruch College (6),OMNY - Seniors & Disability,16,2
2/15/26 10:00,23 St-Baruch College (6),OMNY - Full Fare,343,15
2/15/26 10:00,23 St-Baruch College (6),OMNY - Fair Fare,8,2
2/15/26 10:00,23 St-Baruch College (6),OMNY - Students,3,0
2/15/26 10:00,23 St-Baruch College (6),OMNY - Seniors & Disability,20,7
2/15/26 10:00,23 St-Baruch College (6),Metrocard - Other,1,0
2/15/26 10:00,23 St-Baruch College (6),OMNY - Other,3,0
2/15/26 9:00,23 St-Baruch College (6),Metrocard - Unlimited 7-Day,4,0
2/15/26 9:00,23 St-Baruch College (6),OMNY - Fair Fare,2,0
2/15/26 9:00,23 St-Baruch College (6),OMNY - Students,1,0
2/15/26 9:00,23 St-Baruch College (6),Metrocard - Other,6,0
2/15/26 9:00,23 St-Baruch College (6),OMNY - Seniors & Disability,16,1
2/15/26 9:00,23 St-Baruch College (6),OMNY - Full Fare,288,2
2/15/26 8:00,23 St-Baruch College (6),OMNY - Students,4,0
2/15/26 8:00,23 St-Baruch College (6),Metrocard - Unlimited 7-Day,1,0
2/15/26 8:00,23 St-Baruch College (6),Metrocard - Other,5,0
2/15/26 8:00,23 St-Baruch College (6),OMNY - Fair Fare,2,0
2/15/26 8:00,23 St-Baruch College (6),OMNY - Other,7,0
2/15/26 8:00,23 St-Baruch College (6),OMNY - Full Fare,148,4
2/15/26 8:00,23 St-Baruch College (6),OMNY - Seniors & Disability,3,1
2/15/26 7:00,23 St-Baruch College (6),OMNY - Other,1,0
2/15/26 7:00,23 St-Baruch College (6),OMNY - Seniors & Disability,6,2
2/15/26 7:00,23 St-Baruch College (6),OMNY - Fair Fare,4,0
2/15/26 7:00,23 St-Baruch College (6),OMNY - Full Fare,56,1
2/15/26 7:00,23 St-Baruch College (6),Metrocard - Other,3,0
2/15/26 6:00,23 St-Baruch College (6),Metrocard - Other,3,0
2/15/26 6:00,23 St-Baruch College (6),OMNY - Other,1,0
2/15/26 6:00,23 St-Baruch College (6),OMNY - Seniors & Disability,2,0
2/15/26 6:00,23 St-Baruch College (6),OMNY - Students,4,0
2/15/26 6:00,23 St-Baruch College (6),OMNY - Full Fare,40,0
2/15/26 5:00,23 St-Baruch College (6),OMNY - Other,1,0
2/15/26 5:00,23 St-Baruch College (6),Metrocard - Other,1,0
2/15/26 5:00,23 St-Baruch College (6),OMNY - Fair Fare,3,0
2/15/26 5:00,23 St-Baruch College (6),OMNY - Seniors & Disability,1,0
2/15/26 5:00,23 St-Baruch College (6),OMNY - Students,1,0
2/15/26 5:00,23 St-Baruch College (6),OMNY - Full Fare,27,1
2/15/26 4:00,23 St-Baruch College (6),OMNY - Fair Fare,3,0
2/15/26 4:00,23 St-Baruch College (6),OMNY - Full Fare,32,0
2/15/26 4:00,23 St-Baruch College (6),Metrocard - Other,1,0
2/15/26 3:00,23 St-Baruch College (6),OMNY - Students,1,0
2/15/26 3:00,23 St-Baruch College (6),OMNY - Fair Fare,2,0
2/15/26 3:00,23 St-Baruch College (6),Metrocard - Other,1,0
2/15/26 3:00,23 St-Baruch College (6),OMNY - Seniors & Disability,2,0
2/15/26 3:00,23 St-Baruch College (6),OMNY - Full Fare,42,0
2/15/26 2:00,23 St-Baruch College (6),OMNY - Fair Fare,5,0
2/15/26 2:00,23 St-Baruch College (6),OMNY - Full Fare,46,0
2/15/26 2:00,23 St-Baruch College (6),OMNY - Students,2,0
2/15/26 1:00,23 St-Baruch College (6),OMNY - Students,2,0
2/15/26 1:00,23 St-Baruch College (6),OMNY - Full Fare,133,1
2/15/26 1:00,23 St-Baruch College (6),OMNY - Seniors & Disability,1,0
2/15/26 1:00,23 St-Baruch College (6),OMNY - Fair Fare,2,1
2/15/26 0:00,23 St-Baruch College (6),OMNY - Students,9,0
2/15/26 0:00,23 St-Baruch College (6),OMNY - Seniors & Disability,3,0
2/15/26 0:00,23 St-Baruch College (6),OMNY - Full Fare,204,2
2/15/26 0:00,23 St-Baruch College (6),Metrocard - Full Fare,2,0
2/15/26 0:00,23 St-Baruch College (6),OMNY - Other,1,0
2/15/26 0:00,23 St-Baruch College (6),OMNY - Fair Fare,6,0
2/14/26 23:00,23 St-Baruch College (6),OMNY - Students,9,0
2/14/26 23:00,23 St-Baruch College (6),OMNY - Seniors & Disability,15,0
2/14/26 23:00,23 St-Baruch College (6),OMNY - Other,5,0
2/14/26 23:00,23 St-Baruch College (6),Metrocard - Unlimited 30-Day,1,0
2/14/26 23:00,23 St-Baruch College (6),OMNY - Fair Fare,15,1
2/14/26 23:00,23 St-Baruch College (6),OMNY - Full Fare,430,7
2/14/26 22:00,23 St-Baruch College (6),Metrocard - Unlimited 30-Day,1,0
2/14/26 22:00,23 St-Baruch College (6),OMNY - Seniors & Disability,11,0
2/14/26 22:00,23 St-Baruch College (6),OMNY - Full Fare,384,8
2/14/26 22:00,23 St-Baruch College (6),OMNY - Fair Fare,12,0
2/14/26 22:00,23 St-Baruch College (6),OMNY - Students,11,0
2/14/26 22:00,23 St-Baruch College (6),OMNY - Other,8,0
2/14/26 22:00,23 St-Baruch College (6),Metrocard - Other,1,0
2/14/26 21:00,23 St-Baruch College (6),OMNY - Other,8,0
2/14/26 21:00,23 St-Baruch College (6),OMNY - Fair Fare,13,1
2/14/26 21:00,23 St-Baruch College (6),Metrocard - Unlimited 30-Day,1,0
2/14/26 21:00,23 St-Baruch College (6),OMNY - Full Fare,474,9
2/14/26 21:00,23 St-Baruch College (6),OMNY - Seniors & Disability,16,2
2/14/26 21:00,23 St-Baruch College (6),OMNY - Students,12,0
2/14/26 20:00,23 St-Baruch College (6),OMNY - Fair Fare,16,2
2/14/26 20:00,23 St-Baruch College (6),OMNY - Students,16,1
2/14/26 20:00,23 St-Baruch College (6),Metrocard - Unlimited 7-Day,1,0
2/14/26 20:00,23 St-Baruch College (6),OMNY - Full Fare,595,12
2/14/26 20:00,23 St-Baruch College (6),OMNY - Seniors & Disability,11,1
2/14/26 20:00,23 St-Baruch College (6),OMNY - Other,8,0
2/14/26 19:00,23 St-Baruch College (6),Metrocard - Unlimited 30-Day,2,0
2/14/26 19:00,23 St-Baruch College (6),OMNY - Students,19,0
2/14/26 19:00,23 St-Baruch College (6),OMNY - Fair Fare,11,0
2/14/26 19:00,23 St-Baruch College (6),OMNY - Other,10,1
2/14/26 19:00,23 St-Baruch College (6),OMNY - Full Fare,751,16
2/14/26 19:00,23 St-Baruch College (6),OMNY - Seniors & Disability,19,1
2/14/26 18:00,23 St-Baruch College (6),OMNY - Full Fare,847,17
2/14/26 18:00,23 St-Baruch College (6),OMNY - Students,45,3
2/14/26 18:00,23 St-Baruch College (6),Metrocard - Unlimited 30-Day,1,0
2/14/26 18:00,23 St-Baruch College (6),OMNY - Seniors & Disability,34,1
2/14/26 18:00,23 St-Baruch College (6),Metrocard - Unlimited 7-Day,3,0
2/14/26 18:00,23 St-Baruch College (6),Metrocard - Full Fare,1,0
2/14/26 18:00,23 St-Baruch College (6),OMNY - Other,9,0
2/14/26 18:00,23 St-Baruch College (6),OMNY - Fair Fare,21,0
2/14/26 17:00,23 St-Baruch College (6),Metrocard - Other,2,0
2/14/26 17:00,23 St-Baruch College (6),OMNY - Fair Fare,20,1
2/14/26 17:00,23 St-Baruch College (6),OMNY - Full Fare,830,17
2/14/26 17:00,23 St-Baruch College (6),OMNY - Students,41,1
2/14/26 17:00,23 St-Baruch College (6),Metrocard - Full Fare,1,0
2/14/26 17:00,23 St-Baruch College (6),Metrocard - Unlimited 7-Day,1,0
2/14/26 17:00,23 St-Baruch College (6),OMNY - Seniors & Disability,35,4
2/14/26 17:00,23 St-Baruch College (6),OMNY - Other,8,0
2/14/26 16:00,23 St-Baruch College (6),Metrocard - Unlimited 30-Day,1,0
2/14/26 16:00,23 St-Baruch College (6),OMNY - Other,14,0
2/14/26 16:00,23 St-Baruch College (6),OMNY - Full Fare,"1,048",32
2/14/26 16:00,23 St-Baruch College (6),OMNY - Seniors & Disability,57,4
2/14/26 16:00,23 St-Baruch College (6),OMNY - Fair Fare,33,2
2/14/26 16:00,23 St-Baruch College (6),OMNY - Students,40,1
2/14/26 16:00,23 St-Baruch College (6),Metrocard - Unlimited 7-Day,2,0
2/14/26 16:00,23 St-Baruch College (6),Metrocard - Other,3,0
2/14/26 15:00,23 St-Baruch College (6),OMNY - Students,46,2
2/14/26 15:00,23 St-Baruch College (6),Metrocard - Unlimited 30-Day,1,0
2/14/26 15:00,23 St-Baruch College (6),OMNY - Seniors & Disability,49,6
2/14/26 15:00,23 St-Baruch College (6),Metrocard - Other,6,0
2/14/26 15:00,23 St-Baruch College (6),OMNY - Full Fare,982,36
2/14/26 15:00,23 St-Baruch College (6),OMNY - Fair Fare,33,0
2/14/26 15:00,23 St-Baruch College (6),Metrocard - Unlimited 7-Day,2,0
2/14/26 15:00,23 St-Baruch College (6),OMNY - Other,11,0
2/14/26 14:00,23 St-Baruch College (6),Metrocard - Other,7,0
2/14/26 14:00,23 St-Baruch College (6),OMNY - Fair Fare,37,0
2/14/26 14:00,23 St-Baruch College (6),OMNY - Students,69,2
2/14/26 14:00,23 St-Baruch College (6),OMNY - Full Fare,"1,037",30
2/14/26 14:00,23 St-Baruch College (6),OMNY - Other,9,0
2/14/26 14:00,23 St-Baruch College (6),OMNY - Seniors & Disability,54,7
2/14/26 13:00,23 St-Baruch College (6),Metrocard - Other,2,0
2/14/26 13:00,23 St-Baruch College (6),OMNY - Other,15,0
2/14/26 13:00,23 St-Baruch College (6),OMNY - Students,68,0
2/14/26 13:00,23 St-Baruch College (6),Metrocard - Full Fare,1,0
2/14/26 13:00,23 St-Baruch College (6),OMNY - Full Fare,873,14
2/14/26 13:00,23 St-Baruch College (6),OMNY - Seniors & Disability,41,3
2/14/26 13:00,23 St-Baruch College (6),OMNY - Fair Fare,32,3
2/14/26 12:00,23 St-Baruch College (6),OMNY - Students,36,2
2/14/26 12:00,23 St-Baruch College (6),Metrocard - Unlimited 30-Day,3,0
2/14/26 12:00,23 St-Baruch College (6),OMNY - Seniors & Disability,35,1
2/14/26 12:00,23 St-Baruch College (6),Metrocard - Other,3,0
2/14/26 12:00,23 St-Baruch College (6),Metrocard - Unlimited 7-Day,2,0
2/14/26 12:00,23 St-Baruch College (6),OMNY - Fair Fare,15,0
2/14/26 12:00,23 St-Baruch College (6),OMNY - Other,16,0
2/14/26 12:00,23 St-Baruch College (6),OMNY - Full Fare,850,21
2/14/26 11:00,23 St-Baruch College (6),OMNY - Fair Fare,21,2
2/14/26 11:00,23 St-Baruch College (6),OMNY - Seniors & Disability,35,8
2/14/26 11:00,23 St-Baruch College (6),OMNY - Students,22,0
2/14/26 11:00,23 St-Baruch College (6),Metrocard - Full Fare,1,0
2/14/26 11:00,23 St-Baruch College (6),OMNY - Other,6,0
2/14/26 11:00,23 St-Baruch College (6),Metrocard - Other,2,0
2/14/26 11:00,23 St-Baruch College (6),OMNY - Full Fare,668,19
2/14/26 11:00,23 St-Baruch College (6),Metrocard - Seniors & Disability,1,0
2/14/26 10:00,23 St-Baruch College (6),OMNY - Seniors & Disability,21,8
2/14/26 10:00,23 St-Baruch College (6),OMNY - Students,15,0
2/14/26 10:00,23 St-Baruch College (6),OMNY - Other,10,0
2/14/26 10:00,23 St-Baruch College (6),OMNY - Fair Fare,2,1
2/14/26 10:00,23 St-Baruch College (6),OMNY - Full Fare,450,11
2/14/26 9:00,23 St-Baruch College (6),OMNY - Seniors & Disability,13,2
2/14/26 9:00,23 St-Baruch College (6),OMNY - Full Fare,371,5
2/14/26 9:00,23 St-Baruch College (6),OMNY - Other,8,0
2/14/26 9:00,23 St-Baruch College (6),OMNY - Students,19,2
2/14/26 9:00,23 St-Baruch College (6),Metrocard - Other,9,0
2/14/26 9:00,23 St-Baruch College (6),OMNY - Fair Fare,5,0
2/14/26 9:00,23 St-Baruch College (6),Metrocard - Unlimited 7-Day,6,0
2/14/26 8:00,23 St-Baruch College (6),OMNY - Students,5,0
2/14/26 8:00,23 St-Baruch College (6),OMNY - Full Fare,212,14
2/14/26 8:00,23 St-Baruch College (6),Metrocard - Other,6,0
2/14/26 8:00,23 St-Baruch College (6),OMNY - Other,11,0
2/14/26 8:00,23 St-Baruch College (6),Metrocard - Unlimited 7-Day,6,0
2/14/26 8:00,23 St-Baruch College (6),OMNY - Fair Fare,5,1
2/14/26 8:00,23 St-Baruch College (6),OMNY - Seniors & Disability,14,4
2/14/26 7:00,23 St-Baruch College (6),Metrocard - Other,1,0
2/14/26 7:00,23 St-Baruch College (6),OMNY - Seniors & Disability,12,4
2/14/26 7:00,23 St-Baruch College (6),OMNY - Fair Fare,3,0
2/14/26 7:00,23 St-Baruch College (6),OMNY - Students,4,0
2/14/26 7:00,23 St-Baruch College (6),OMNY - Other,9,0
2/14/26 7:00,23 St-Baruch College (6),OMNY - Full Fare,103,7
2/14/26 6:00,23 St-Baruch College (6),OMNY - Students,1,0
2/14/26 6:00,23 St-Baruch College (6),OMNY - Full Fare,38,2
2/14/26 6:00,23 St-Baruch College (6),Metrocard - Unlimited 7-Day,2,0
2/14/26 6:00,23 St-Baruch College (6),OMNY - Seniors & Disability,3,0
2/14/26 6:00,23 St-Baruch College (6),OMNY - Fair Fare,1,0
2/14/26 6:00,23 St-Baruch College (6),OMNY - Other,1,0
2/14/26 6:00,23 St-Baruch College (6),Metrocard - Other,2,0
2/14/26 5:00,23 St-Baruch College (6),Metrocard - Unlimited 30-Day,1,0
2/14/26 5:00,23 St-Baruch College (6),OMNY - Fair Fare,1,0
2/14/26 5:00,23 St-Baruch College (6),OMNY - Full Fare,14,1
2/14/26 4:00,23 St-Baruch College (6),OMNY - Fair Fare,2,0
2/14/26 4:00,23 St-Baruch College (6),OMNY - Full Fare,25,1
2/14/26 3:00,23 St-Baruch College (6),OMNY - Other,1,0
2/14/26 3:00,23 St-Baruch College (6),OMNY - Full Fare,23,0
2/14/26 3:00,23 St-Baruch College (6),Metrocard - Other,1,0
2/14/26 3:00,23 St-Baruch College (6),OMNY - Fair Fare,1,0
2/14/26 2:00,23 St-Baruch College (6),OMNY - Other,1,0
2/14/26 2:00,23 St-Baruch College (6),OMNY - Full Fare,59,0
2/14/26 2:00,23 St-Baruch College (6),Metrocard - Unlimited 7-Day,1,0
2/14/26 2:00,23 St-Baruch College (6),OMNY - Fair Fare,3,0
2/14/26 1:00,23 St-Baruch College (6),OMNY - Seniors & Disability,2,0
2/14/26 1:00,23 St-Baruch College (6),OMNY - Full Fare,138,2
2/14/26 1:00,23 St-Baruch College (6),OMNY - Students,5,0
2/14/26 1:00,23 St-Baruch College (6),Metrocard - Other,1,0
2/14/26 1:00,23 St-Baruch College (6),OMNY - Fair Fare,2,0
2/14/26 1:00,23 St-Baruch College (6),Metrocard - Unlimited 30-Day,1,0
2/14/26 0:00,23 St-Baruch College (6),OMNY - Fair Fare,16,0
2/14/26 0:00,23 St-Baruch College (6),OMNY - Full Fare,234,1
2/14/26 0:00,23 St-Baruch College (6),OMNY - Other,2,0
2/14/26 0:00,23 St-Baruch College (6),OMNY - Seniors & Disability,6,0
2/14/26 0:00,23 St-Baruch College (6),OMNY - Students,4,0
2/13/26 23:00,23 St-Baruch College (6),OMNY - Full Fare,394,6
2/13/26 23:00,23 St-Baruch College (6),Metrocard - Other,1,0
2/13/26 23:00,23 St-Baruch College (6),OMNY - Fair Fare,14,2
2/13/26 23:00,23 St-Baruch College (6),OMNY - Students,10,0
2/13/26 23:00,23 St-Baruch College (6),OMNY - Seniors & Disability,12,1
2/13/26 23:00,23 St-Baruch College (6),OMNY - Other,5,0
2/13/26 22:00,23 St-Baruch College (6),OMNY - Students,10,0
2/13/26 22:00,23 St-Baruch College (6),Metrocard - Other,1,0
2/13/26 22:00,23 St-Baruch College (6),OMNY - Seniors & Disability,13,0
2/13/26 22:00,23 St-Baruch College (6),OMNY - Other,12,0
2/13/26 22:00,23 St-Baruch College (6),OMNY - Fair Fare,13,1
2/13/26 22:00,23 St-Baruch College (6),OMNY - Full Fare,418,10
2/13/26 21:00,23 St-Baruch College (6),Metrocard - Other,2,0
2/13/26 21:00,23 St-Baruch College (6),OMNY - Seniors & Disability,20,3
2/13/26 21:00,23 St-Baruch College (6),OMNY - Students,16,0
2/13/26 21:00,23 St-Baruch College (6),OMNY - Full Fare,564,5
2/13/26 21:00,23 St-Baruch College (6),OMNY - Fair Fare,15,1
2/13/26 21:00,23 St-Baruch College (6),Metrocard - Unlimited 30-Day,2,0
2/13/26 21:00,23 St-Baruch College (6),OMNY - Other,14,0
2/13/26 20:00,23 St-Baruch College (6),Metrocard - Unlimited 30-Day,2,0
2/13/26 20:00,23 St-Baruch College (6),Metrocard - Other,4,0
2/13/26 20:00,23 St-Baruch College (6),OMNY - Fair Fare,34,1
2/13/26 20:00,23 St-Baruch College (6),Metrocard - Unlimited 7-Day,1,0
2/13/26 20:00,23 St-Baruch College (6),OMNY - Seniors & Disability,32,2
2/13/26 20:00,23 St-Baruch College (6),OMNY - Other,15,0
2/13/26 20:00,23 St-Baruch College (6),OMNY - Full Fare,758,13
2/13/26 20:00,23 St-Baruch College (6),OMNY - Students,25,0
2/13/26 19:00,23 St-Baruch College (6),OMNY - Full Fare,948,14
2/13/26 19:00,23 St-Baruch College (6),Metrocard - Other,3,0
2/13/26 19:00,23 St-Baruch College (6),OMNY - Other,20,0
2/13/26 19:00,23 St-Baruch College (6),Metrocard - Unlimited 30-Day,1,0
2/13/26 19:00,23 St-Baruch College (6),Metrocard - Full Fare,1,0
2/13/26 19:00,23 St-Baruch College (6),OMNY - Students,40,1
2/13/26 19:00,23 St-Baruch College (6),OMNY - Seniors & Disability,33,2
2/13/26 19:00,23 St-Baruch College (6),OMNY - Fair Fare,44,2
2/13/26 18:00,23 St-Baruch College (6),OMNY - Fair Fare,32,1
2/13/26 18:00,23 St-Baruch College (6),OMNY - Full Fare,"1,269",16
2/13/26 18:00,23 St-Baruch College (6),OMNY - Seniors & Disability,41,4
2/13/26 18:00,23 St-Baruch College (6),Metrocard - Unlimited 30-Day,2,0
2/13/26 18:00,23 St-Baruch College (6),Metrocard - Other,6,0
2/13/26 18:00,23 St-Baruch College (6),OMNY - Other,14,0
2/13/26 18:00,23 St-Baruch College (6),OMNY - Students,37,1
2/13/26 18:00,23 St-Baruch College (6),Metrocard - Seniors & Disability,2,1
2/13/26 17:00,23 St-Baruch College (6),OMNY - Full Fare,"1,630",22
2/13/26 17:00,23 St-Baruch College (6),Metrocard - Unlimited 30-Day,3,0
2/13/26 17:00,23 St-Baruch College (6),Metrocard - Unlimited 7-Day,3,0
2/13/26 17:00,23 St-Baruch College (6),OMNY - Fair Fare,65,2
2/13/26 17:00,23 St-Baruch College (6),Metrocard - Other,5,0
2/13/26 17:00,23 St-Baruch College (6),OMNY - Students,72,0
2/13/26 17:00,23 St-Baruch College (6),OMNY - Seniors & Disability,73,9
2/13/26 17:00,23 St-Baruch College (6),OMNY - Other,17,0
2/13/26 16:00,23 St-Baruch College (6),OMNY - Seniors & Disability,99,7
2/13/26 16:00,23 St-Baruch College (6),Metrocard - Unlimited 7-Day,5,0
2/13/26 16:00,23 St-Baruch College (6),OMNY - Students,148,3
2/13/26 16:00,23 St-Baruch College (6),OMNY - Fair Fare,76,2
2/13/26 16:00,23 St-Baruch College (6),OMNY - Other,19,0
2/13/26 16:00,23 St-Baruch College (6),Metrocard - Other,13,0
2/13/26 16:00,23 St-Baruch College (6),OMNY - Full Fare,"1,639",38
2/13/26 15:00,23 St-Baruch College (6),OMNY - Other,11,0
2/13/26 15:00,23 St-Baruch College (6),OMNY - Seniors & Disability,89,5
2/13/26 15:00,23 St-Baruch College (6),Metrocard - Unlimited 7-Day,1,0
2/13/26 15:00,23 St-Baruch College (6),OMNY - Students,216,4
2/13/26 15:00,23 St-Baruch College (6),OMNY - Fair Fare,81,1
2/13/26 15:00,23 St-Baruch College (6),Metrocard - Other,5,0
2/13/26 15:00,23 St-Baruch College (6),Metrocard - Seniors & Disability,1,0
2/13/26 15:00,23 St-Baruch College (6),Metrocard - Full Fare,1,1
2/13/26 15:00,23 St-Baruch College (6),OMNY - Full Fare,"1,537",23
2/13/26 15:00,23 St-Baruch College (6),Metrocard - Unlimited 30-Day,3,0
2/13/26 14:00,23 St-Baruch College (6),Metrocard - Unlimited 30-Day,3,0
2/13/26 14:00,23 St-Baruch College (6),Metrocard - Other,10,0
2/13/26 14:00,23 St-Baruch College (6),OMNY - Fair Fare,79,1
2/13/26 14:00,23 St-Baruch College (6),OMNY - Seniors & Disability,105,8
2/13/26 14:00,23 St-Baruch College (6),OMNY - Students,323,0
2/13/26 14:00,23 St-Baruch College (6),Metrocard - Full Fare,1,0
2/13/26 14:00,23 St-Baruch College (6),Metrocard - Unlimited 7-Day,2,0
2/13/26 14:00,23 St-Baruch College (6),OMNY - Other,18,0
2/13/26 14:00,23 St-Baruch College (6),OMNY - Full Fare,"1,305",23
2/13/26 13:00,23 St-Baruch College (6),OMNY - Fair Fare,57,1
2/13/26 13:00,23 St-Baruch College (6),Metrocard - Full Fare,2,0
2/13/26 13:00,23 St-Baruch College (6),OMNY - Other,9,0
2/13/26 13:00,23 St-Baruch College (6),OMNY - Seniors & Disability,80,5
2/13/26 13:00,23 St-Baruch College (6),OMNY - Full Fare,853,12
2/13/26 13:00,23 St-Baruch College (6),Metrocard - Unlimited 30-Day,4,0
2/13/26 13:00,23 St-Baruch College (6),Metrocard - Unlimited 7-Day,1,0
2/13/26 13:00,23 St-Baruch College (6),Metrocard - Other,5,0
2/13/26 13:00,23 St-Baruch College (6),OMNY - Students,62,2
2/13/26 12:00,23 St-Baruch College (6),OMNY - Seniors & Disability,72,8
2/13/26 12:00,23 St-Baruch College (6),OMNY - Students,80,1
2/13/26 12:00,23 St-Baruch College (6),Metrocard - Unlimited 30-Day,2,0
2/13/26 12:00,23 St-Baruch College (6),Metrocard - Unlimited 7-Day,1,0
2/13/26 12:00,23 St-Baruch College (6),OMNY - Other,15,0
2/13/26 12:00,23 St-Baruch College (6),OMNY - Full Fare,906,13
2/13/26 12:00,23 St-Baruch College (6),Metrocard - Other,9,2
2/13/26 12:00,23 St-Baruch College (6),OMNY - Fair Fare,53,1
2/13/26 11:00,23 St-Baruch College (6),OMNY - Seniors & Disability,68,5
2/13/26 11:00,23 St-Baruch College (6),OMNY - Fair Fare,22,0
2/13/26 11:00,23 St-Baruch College (6),Metrocard - Other,7,0
2/13/26 11:00,23 St-Baruch College (6),Metrocard - Full Fare,1,0
2/13/26 11:00,23 St-Baruch College (6),OMNY - Full Fare,684,22
2/13/26 11:00,23 St-Baruch College (6),Metrocard - Unlimited 30-Day,2,0
2/13/26 11:00,23 St-Baruch College (6),OMNY - Students,31,0
2/13/26 11:00,23 St-Baruch College (6),OMNY - Other,12,0
2/13/26 10:00,23 St-Baruch College (6),OMNY - Fair Fare,22,0
2/13/26 10:00,23 St-Baruch College (6),OMNY - Other,2,0
2/13/26 10:00,23 St-Baruch College (6),Metrocard - Unlimited 30-Day,1,0
2/13/26 10:00,23 St-Baruch College (6),OMNY - Full Fare,567,19
2/13/26 10:00,23 St-Baruch College (6),OMNY - Seniors & Disability,54,6
2/13/26 10:00,23 St-Baruch College (6),OMNY - Students,27,0
2/13/26 9:00,23 St-Baruch College (6),Metrocard - Unlimited 7-Day,15,0
2/13/26 9:00,23 St-Baruch College (6),Metrocard - Other,5,0
2/13/26 9:00,23 St-Baruch College (6),OMNY - Students,11,0
2/13/26 9:00,23 St-Baruch College (6),OMNY - Full Fare,759,49
2/13/26 9:00,23 St-Baruch College (6),Metrocard - Unlimited 30-Day,1,0
2/13/26 9:00,23 St-Baruch College (6),OMNY - Seniors & Disability,53,10
2/13/26 9:00,23 St-Baruch College (6),OMNY - Other,4,0
2/13/26 9:00,23 St-Baruch College (6),OMNY - Fair Fare,16,1
2/13/26 8:00,23 St-Baruch College (6),OMNY - Students,36,1
2/13/26 8:00,23 St-Baruch College (6),OMNY - Fair Fare,25,2
2/13/26 8:00,23 St-Baruch College (6),Metrocard - Seniors & Disability,1,0
2/13/26 8:00,23 St-Baruch College (6),Metrocard - Other,2,0
2/13/26 8:00,23 St-Baruch College (6),OMNY - Full Fare,947,88
2/13/26 8:00,23 St-Baruch College (6),Metrocard - Unlimited 30-Day,1,0
2/13/26 8:00,23 St-Baruch College (6),OMNY - Other,4,0
2/13/26 8:00,23 St-Baruch College (6),Metrocard - Unlimited 7-Day,7,0
2/13/26 8:00,23 St-Baruch College (6),OMNY - Seniors & Disability,33,11
2/13/26 7:00,23 St-Baruch College (6),OMNY - Other,3,0
2/13/26 7:00,23 St-Baruch College (6),Metrocard - Unlimited 30-Day,1,0
2/13/26 7:00,23 St-Baruch College (6),OMNY - Full Fare,496,88
2/13/26 7:00,23 St-Baruch College (6),Metrocard - Other,5,0
2/13/26 7:00,23 St-Baruch College (6),OMNY - Students,74,3
2/13/26 7:00,23 St-Baruch College (6),OMNY - Fair Fare,9,0
2/13/26 7:00,23 St-Baruch College (6),OMNY - Seniors & Disability,28,6
2/13/26 6:00,23 St-Baruch College (6),OMNY - Fair Fare,2,0
2/13/26 6:00,23 St-Baruch College (6),Metrocard - Other,4,0
2/13/26 6:00,23 St-Baruch College (6),OMNY - Full Fare,201,55
2/13/26 6:00,23 St-Baruch College (6),OMNY - Other,3,0
2/13/26 6:00,23 St-Baruch College (6),OMNY - Seniors & Disability,10,2
2/13/26 6:00,23 St-Baruch College (6),Metrocard - Unlimited 30-Day,2,0
2/13/26 6:00,23 St-Baruch College (6),OMNY - Students,7,0
2/13/26 5:00,23 St-Baruch College (6),Metrocard - Seniors & Disability,1,0
2/13/26 5:00,23 St-Baruch College (6),OMNY - Students,3,0
2/13/26 5:00,23 St-Baruch College (6),OMNY - Fair Fare,2,1
2/13/26 5:00,23 St-Baruch College (6),OMNY - Full Fare,40,11
2/13/26 5:00,23 St-Baruch College (6),OMNY - Seniors & Disability,2,1
2/13/26 4:00,23 St-Baruch College (6),OMNY - Fair Fare,1,0
2/13/26 4:00,23 St-Baruch College (6),OMNY - Full Fare,11,0
2/13/26 4:00,23 St-Baruch College (6),OMNY - Students,1,0
2/13/26 3:00,23 St-Baruch College (6),OMNY - Fair Fare,1,0
2/13/26 3:00,23 St-Baruch College (6),Metrocard - Other,1,0
2/13/26 3:00,23 St-Baruch College (6),OMNY - Full Fare,7,0
2/13/26 2:00,23 St-Baruch College (6),OMNY - Students,1,0
2/13/26 2:00,23 St-Baruch College (6),OMNY - Full Fare,35,0
2/13/26 2:00,23 St-Baruch College (6),Metrocard - Other,2,0
2/13/26 1:00,23 St-Baruch College (6),OMNY - Students,1,0
2/13/26 1:00,23 St-Baruch College (6),OMNY - Fair Fare,4,0
2/13/26 1:00,23 St-Baruch College (6),OMNY - Other,2,0
2/13/26 1:00,23 St-Baruch College (6),OMNY - Full Fare,67,0
2/13/26 0:00,23 St-Baruch College (6),OMNY - Other,2,0
2/13/26 0:00,23 St-Baruch College (6),OMNY - Students,5,0
2/13/26 0:00,23 St-Baruch College (6),OMNY - Seniors & Disability,1,0
2/13/26 0:00,23 St-Baruch College (6),Metrocard - Unlimited 30-Day,1,0
2/13/26 0:00,23 St-Baruch College (6),OMNY - Full Fare,149,1
2/13/26 0:00,23 St-Baruch College (6),Metrocard - Other,1,0
2/13/26 0:00,23 St-Baruch College (6),OMNY - Fair Fare,11,0
2/12/26 23:00,23 St-Baruch College (6),OMNY - Other,5,0
2/12/26 23:00,23 St-Baruch College (6),OMNY - Seniors & Disability,14,0
2/12/26 23:00,23 St-Baruch College (6),OMNY - Fair Fare,8,0
2/12/26 23:00,23 St-Baruch College (6),OMNY - Full Fare,260,4
2/12/26 23:00,23 St-Baruch College (6),OMNY - Students,7,0
2/12/26 22:00,23 St-Baruch College (6),OMNY - Students,8,0
2/12/26 22:00,23 St-Baruch College (6),OMNY - Full Fare,466,11
2/12/26 22:00,23 St-Baruch College (6),Metrocard - Seniors & Disability,1,0
2/12/26 22:00,23 St-Baruch College (6),OMNY - Fair Fare,22,0
2/12/26 22:00,23 St-Baruch College (6),OMNY - Other,5,0
2/12/26 22:00,23 St-Baruch College (6),OMNY - Seniors & Disability,12,0
2/12/26 22:00,23 St-Baruch College (6),Metrocard - Other,4,0
2/12/26 21:00,23 St-Baruch College (6),OMNY - Fair Fare,18,0
2/12/26 21:00,23 St-Baruch College (6),OMNY - Other,5,0
2/12/26 21:00,23 St-Baruch College (6),OMNY - Students,15,0
2/12/26 21:00,23 St-Baruch College (6),Metrocard - Other,2,0
2/12/26 21:00,23 St-Baruch College (6),OMNY - Seniors & Disability,20,0
2/12/26 21:00,23 St-Baruch College (6),OMNY - Full Fare,519,8
2/12/26 20:00,23 St-Baruch College (6),OMNY - Other,13,0
2/12/26 20:00,23 St-Baruch College (6),OMNY - Full Fare,787,17
2/12/26 20:00,23 St-Baruch College (6),Metrocard - Other,6,0
2/12/26 20:00,23 St-Baruch College (6),OMNY - Students,20,0
2/12/26 20:00,23 St-Baruch College (6),Metrocard - Unlimited 7-Day,1,0
2/12/26 20:00,23 St-Baruch College (6),OMNY - Seniors & Disability,25,2
2/12/26 20:00,23 St-Baruch College (6),OMNY - Fair Fare,25,0
2/12/26 20:00,23 St-Baruch College (6),Metrocard - Full Fare,1,0
2/12/26 19:00,23 St-Baruch College (6),Metrocard - Unlimited 30-Day,2,0
2/12/26 19:00,23 St-Baruch College (6),OMNY - Seniors & Disability,34,4
2/12/26 19:00,23 St-Baruch College (6),OMNY - Other,16,0
2/12/26 19:00,23 St-Baruch College (6),Metrocard - Full Fare,1,0
2/12/26 19:00,23 St-Baruch College (6),Metrocard - Other,3,0
2/12/26 19:00,23 St-Baruch College (6),OMNY - Students,23,0
2/12/26 19:00,23 St-Baruch College (6),OMNY - Full Fare,"1,094",21
2/12/26 19:00,23 St-Baruch College (6),OMNY - Fair Fare,26,1
2/12/26 18:00,23 St-Baruch College (6),Metrocard - Other,6,0
2/12/26 18:00,23 St-Baruch College (6),Metrocard - Full Fare,1,0
2/12/26 18:00,23 St-Baruch College (6),OMNY - Full Fare,"1,786",32
2/12/26 18:00,23 St-Baruch College (6),OMNY - Fair Fare,44,4
2/12/26 18:00,23 St-Baruch College (6),OMNY - Other,25,0
2/12/26 18:00,23 St-Baruch College (6),OMNY - Students,73,0
2/12/26 18:00,23 St-Baruch College (6),Metrocard - Unlimited 30-Day,2,0
2/12/26 18:00,23 St-Baruch College (6),OMNY - Seniors & Disability,60,7
2/12/26 17:00,23 St-Baruch College (6),OMNY - Seniors & Disability,82,6
2/12/26 17:00,23 St-Baruch College (6),Metrocard - Other,5,0
2/12/26 17:00,23 St-Baruch College (6),Metrocard - Unlimited 7-Day,2,0
2/12/26 17:00,23 St-Baruch College (6),OMNY - Students,138,0
2/12/26 17:00,23 St-Baruch College (6),OMNY - Full Fare,"2,211",27
2/12/26 17:00,23 St-Baruch College (6),OMNY - Other,15,0
2/12/26 17:00,23 St-Baruch College (6),Metrocard - Unlimited 30-Day,6,0
2/12/26 17:00,23 St-Baruch College (6),OMNY - Fair Fare,60,0
2/12/26 16:00,23 St-Baruch College (6),OMNY - Fair Fare,62,2
2/12/26 16:00,23 St-Baruch College (6),OMNY - Full Fare,"1,600",28
2/12/26 16:00,23 St-Baruch College (6),Metrocard - Unlimited 30-Day,1,0
2/12/26 16:00,23 St-Baruch College (6),Metrocard - Unlimited 7-Day,4,0
2/12/26 16:00,23 St-Baruch College (6),Metrocard - Other,14,0
2/12/26 16:00,23 St-Baruch College (6),OMNY - Other,17,0
2/12/26 16:00,23 St-Baruch College (6),OMNY - Students,163,1
2/12/26 16:00,23 St-Baruch College (6),OMNY - Seniors & Disability,110,10
2/12/26 15:00,23 St-Baruch College (6),Metrocard - Other,2,0
2/12/26 15:00,23 St-Baruch College (6),OMNY - Other,8,0
2/12/26 15:00,23 St-Baruch College (6),OMNY - Seniors & Disability,109,9
2/12/26 15:00,23 St-Baruch College (6),Metrocard - Unlimited 7-Day,2,0
2/12/26 15:00,23 St-Baruch College (6),OMNY - Fair Fare,71,2
2/12/26 15:00,23 St-Baruch College (6),OMNY - Full Fare,"1,348",22
2/12/26 15:00,23 St-Baruch College (6),Metrocard - Full Fare,1,0
2/12/26 15:00,23 St-Baruch College (6),OMNY - Students,335,3
2/12/26 14:00,23 St-Baruch College (6),OMNY - Full Fare,926,15
2/12/26 14:00,23 St-Baruch College (6),Metrocard - Unlimited 7-Day,1,0
2/12/26 14:00,23 St-Baruch College (6),OMNY - Students,135,2
2/12/26 14:00,23 St-Baruch College (6),OMNY - Fair Fare,51,3
2/12/26 14:00,23 St-Baruch College (6),OMNY - Other,13,0
2/12/26 14:00,23 St-Baruch College (6),Metrocard - Unlimited 30-Day,5,0
2/12/26 14:00,23 St-Baruch College (6),Metrocard - Other,8,0
2/12/26 14:00,23 St-Baruch College (6),OMNY - Seniors & Disability,95,11
2/12/26 13:00,23 St-Baruch College (6),OMNY - Other,6,0
2/12/26 13:00,23 St-Baruch College (6),Metrocard - Other,3,0
2/12/26 13:00,23 St-Baruch College (6),Metrocard - Full Fare,1,0
2/12/26 13:00,23 St-Baruch College (6),OMNY - Fair Fare,24,1
2/12/26 13:00,23 St-Baruch College (6),Metrocard - Unlimited 30-Day,2,0
2/12/26 13:00,23 St-Baruch College (6),OMNY - Full Fare,691,15
2/12/26 13:00,23 St-Baruch College (6),OMNY - Seniors & Disability,82,7
2/12/26 13:00,23 St-Baruch College (6),OMNY - Students,23,1
2/12/26 13:00,23 St-Baruch College (6),Metrocard - Unlimited 7-Day,1,0
2/12/26 12:00,23 St-Baruch College (6),Metrocard - Unlimited 30-Day,2,0
2/12/26 12:00,23 St-Baruch College (6),Metrocard - Other,1,0
2/12/26 12:00,23 St-Baruch College (6),OMNY - Fair Fare,32,0
2/12/26 12:00,23 St-Baruch College (6),OMNY - Other,2,0
2/12/26 12:00,23 St-Baruch College (6),OMNY - Seniors & Disability,88,11
2/12/26 12:00,23 St-Baruch College (6),Metrocard - Seniors & Disability,1,0
2/12/26 12:00,23 St-Baruch College (6),OMNY - Full Fare,644,12
2/12/26 12:00,23 St-Baruch College (6),OMNY - Students,33,0
2/12/26 11:00,23 St-Baruch College (6),OMNY - Students,20,0
2/12/26 11:00,23 St-Baruch College (6),Metrocard - Unlimited 30-Day,2,0
2/12/26 11:00,23 St-Baruch College (6),OMNY - Full Fare,518,16
2/12/26 11:00,23 St-Baruch College (6),Metrocard - Full Fare,1,0
2/12/26 11:00,23 St-Baruch College (6),Metrocard - Other,1,0
2/12/26 11:00,23 St-Baruch College (6),OMNY - Seniors & Disability,61,6
2/12/26 11:00,23 St-Baruch College (6),Metrocard - Seniors & Disability,1,0
2/12/26 11:00,23 St-Baruch College (6),OMNY - Fair Fare,21,1
2/12/26 10:00,23 St-Baruch College (6),OMNY - Full Fare,524,13
2/12/26 10:00,23 St-Baruch College (6),OMNY - Seniors & Disability,51,8
2/12/26 10:00,23 St-Baruch College (6),Metrocard - Other,2,0
2/12/26 10:00,23 St-Baruch College (6),OMNY - Fair Fare,10,0
2/12/26 10:00,23 St-Baruch College (6),OMNY - Students,10,0
2/12/26 10:00,23 St-Baruch College (6),Metrocard - Unlimited 30-Day,1,0
2/12/26 10:00,23 St-Baruch College (6),OMNY - Other,7,0
2/12/26 9:00,23 St-Baruch College (6),OMNY - Other,3,0
2/12/26 9:00,23 St-Baruch College (6),Metrocard - Unlimited 30-Day,2,0
2/12/26 9:00,23 St-Baruch College (6),OMNY - Full Fare,"1,035",60
2/12/26 9:00,23 St-Baruch College (6),OMNY - Seniors & Disability,46,10
2/12/26 9:00,23 St-Baruch College (6),OMNY - Students,14,1
2/12/26 9:00,23 St-Baruch College (6),Metrocard - Other,6,0
2/12/26 9:00,23 St-Baruch College (6),OMNY - Fair Fare,20,2
2/12/26 8:00,23 St-Baruch College (6),Metrocard - Unlimited 7-Day,2,0
2/12/26 8:00,23 St-Baruch College (6),OMNY - Fair Fare,21,2
2/12/26 8:00,23 St-Baruch College (6),OMNY - Seniors & Disability,44,7
2/12/26 8:00,23 St-Baruch College (6),OMNY - Other,5,0
2/12/26 8:00,23 St-Baruch College (6),Metrocard - Full Fare,4,1
2/12/26 8:00,23 St-Baruch College (6),Metrocard - Other,6,0
2/12/26 8:00,23 St-Baruch College (6),Metrocard - Unlimited 30-Day,2,0
2/12/26 8:00,23 St-Baruch College (6),OMNY - Full Fare,"1,468",106
2/12/26 8:00,23 St-Baruch College (6),OMNY - Students,43,2
2/12/26 7:00,23 St-Baruch College (6),Metrocard - Other,7,0
2/12/26 7:00,23 St-Baruch College (6),Metrocard - Unlimited 30-Day,1,0
2/12/26 7:00,23 St-Baruch College (6),OMNY - Students,91,5
2/12/26 7:00,23 St-Baruch College (6),OMNY - Other,3,0
2/12/26 7:00,23 St-Baruch College (6),OMNY - Fair Fare,10,0
2/12/26 7:00,23 St-Baruch College (6),OMNY - Seniors & Disability,23,6
2/12/26 7:00,23 St-Baruch College (6),OMNY - Full Fare,753,111
2/12/26 7:00,23 St-Baruch College (6),Metrocard - Full Fare,1,0
2/12/26 6:00,23 St-Baruch College (6),OMNY - Other,1,0
2/12/26 6:00,23 St-Baruch College (6),OMNY - Fair Fare,6,1
2/12/26 6:00,23 St-Baruch College (6),OMNY - Seniors & Disability,12,2
2/12/26 6:00,23 St-Baruch College (6),OMNY - Students,7,0
2/12/26 6:00,23 St-Baruch College (6),OMNY - Full Fare,217,49
2/12/26 6:00,23 St-Baruch College (6),Metrocard - Unlimited 30-Day,2,0
2/12/26 6:00,23 St-Baruch College (6),Metrocard - Other,3,0
2/12/26 5:00,23 St-Baruch College (6),OMNY - Fair Fare,3,1
2/12/26 5:00,23 St-Baruch College (6),OMNY - Seniors & Disability,3,2
2/12/26 5:00,23 St-Baruch College (6),OMNY - Full Fare,45,15
2/12/26 4:00,23 St-Baruch College (6),Metrocard - Other,1,0
2/12/26 4:00,23 St-Baruch College (6),Metrocard - Unlimited 7-Day,1,0
2/12/26 4:00,23 St-Baruch College (6),OMNY - Other,4,0
2/12/26 4:00,23 St-Baruch College (6),OMNY - Full Fare,12,0
2/12/26 4:00,23 St-Baruch College (6),OMNY - Students,1,0
2/12/26 3:00,23 St-Baruch College (6),OMNY - Students,1,0
2/12/26 3:00,23 St-Baruch College (6),Metrocard - Other,4,0
2/12/26 3:00,23 St-Baruch College (6),OMNY - Other,3,0
2/12/26 3:00,23 St-Baruch College (6),OMNY - Full Fare,14,0
2/12/26 3:00,23 St-Baruch College (6),OMNY - Fair Fare,1,0
2/12/26 2:00,23 St-Baruch College (6),OMNY - Full Fare,22,1
2/12/26 2:00,23 St-Baruch College (6),OMNY - Other,3,0
2/12/26 2:00,23 St-Baruch College (6),OMNY - Fair Fare,2,0
2/12/26 1:00,23 St-Baruch College (6),OMNY - Full Fare,52,0
2/12/26 1:00,23 St-Baruch College (6),OMNY - Students,2,0
2/12/26 1:00,23 St-Baruch College (6),OMNY - Fair Fare,5,0
2/12/26 0:00,23 St-Baruch College (6),OMNY - Fair Fare,7,0
2/12/26 0:00,23 St-Baruch College (6),OMNY - Seniors & Disability,7,1
2/12/26 0:00,23 St-Baruch College (6),OMNY - Full Fare,92,1
2/12/26 0:00,23 St-Baruch College (6),Metrocard - Other,1,0
2/12/26 0:00,23 St-Baruch College (6),OMNY - Other,3,0
2/12/26 0:00,23 St-Baruch College (6),OMNY - Students,2,0
2/11/26 23:00,23 St-Baruch College (6),OMNY - Seniors & Disability,12,0
2/11/26 23:00,23 St-Baruch College (6),OMNY - Students,9,0
2/11/26 23:00,23 St-Baruch College (6),OMNY - Other,4,0
2/11/26 23:00,23 St-Baruch College (6),OMNY - Full Fare,245,1
2/11/26 23:00,23 St-Baruch College (6),Metrocard - Other,3,0
2/11/26 23:00,23 St-Baruch College (6),OMNY - Fair Fare,14,0
2/11/26 23:00,23 St-Baruch College (6),Metrocard - Full Fare,1,0
2/11/26 22:00,23 St-Baruch College (6),OMNY - Students,17,0
2/11/26 22:00,23 St-Baruch College (6),OMNY - Seniors & Disability,21,0
2/11/26 22:00,23 St-Baruch College (6),Metrocard - Other,1,0
2/11/26 22:00,23 St-Baruch College (6),OMNY - Other,5,0
2/11/26 22:00,23 St-Baruch College (6),OMNY - Full Fare,422,18
2/11/26 22:00,23 St-Baruch College (6),OMNY - Fair Fare,19,0
2/11/26 21:00,23 St-Baruch College (6),OMNY - Fair Fare,60,1
2/11/26 21:00,23 St-Baruch College (6),OMNY - Students,34,1
2/11/26 21:00,23 St-Baruch College (6),OMNY - Other,24,0
2/11/26 21:00,23 St-Baruch College (6),OMNY - Full Fare,900,4
2/11/26 21:00,23 St-Baruch College (6),Metrocard - Other,3,0
2/11/26 21:00,23 St-Baruch College (6),OMNY - Seniors & Disability,29,0
2/11/26 20:00,23 St-Baruch College (6),Metrocard - Other,6,0
2/11/26 20:00,23 St-Baruch College (6),Metrocard - Unlimited 7-Day,1,0
2/11/26 20:00,23 St-Baruch College (6),OMNY - Full Fare,"1,180",13
2/11/26 20:00,23 St-Baruch College (6),OMNY - Seniors & Disability,40,1
2/11/26 20:00,23 St-Baruch College (6),OMNY - Fair Fare,76,0
2/11/26 20:00,23 St-Baruch College (6),OMNY - Other,16,0
2/11/26 20:00,23 St-Baruch College (6),OMNY - Students,59,1
2/11/26 19:00,23 St-Baruch College (6),Metrocard - Unlimited 30-Day,3,0
2/11/26 19:00,23 St-Baruch College (6),OMNY - Fair Fare,129,3
2/11/26 19:00,23 St-Baruch College (6),Metrocard - Other,4,0
2/11/26 19:00,23 St-Baruch College (6),OMNY - Other,34,0
2/11/26 19:00,23 St-Baruch College (6),Metrocard - Unlimited 7-Day,1,0
2/11/26 19:00,23 St-Baruch College (6),OMNY - Full Fare,"1,805",14
2/11/26 19:00,23 St-Baruch College (6),Metrocard - Seniors & Disability,1,0
2/11/26 19:00,23 St-Baruch College (6),OMNY - Seniors & Disability,55,4
2/11/26 19:00,23 St-Baruch College (6),OMNY - Students,137,1
2/11/26 18:00,23 St-Baruch College (6),OMNY - Seniors & Disability,78,8
2/11/26 18:00,23 St-Baruch College (6),OMNY - Fair Fare,64,0
2/11/26 18:00,23 St-Baruch College (6),Metrocard - Unlimited 7-Day,2,0
2/11/26 18:00,23 St-Baruch College (6),OMNY - Students,103,3
2/11/26 18:00,23 St-Baruch College (6),Metrocard - Full Fare,1,0
2/11/26 18:00,23 St-Baruch College (6),OMNY - Other,18,0
2/11/26 18:00,23 St-Baruch College (6),Metrocard - Other,8,0
2/11/26 18:00,23 St-Baruch College (6),OMNY - Full Fare,"1,991",19
2/11/26 17:00,23 St-Baruch College (6),Metrocard - Unlimited 7-Day,21,0
2/11/26 17:00,23 St-Baruch College (6),OMNY - Full Fare,"2,940",34
2/11/26 17:00,23 St-Baruch College (6),OMNY - Other,40,0
2/11/26 17:00,23 St-Baruch College (6),Metrocard - Unlimited 30-Day,5,0
2/11/26 17:00,23 St-Baruch College (6),Metrocard - Other,9,0
2/11/26 17:00,23 St-Baruch College (6),OMNY - Students,255,4
2/11/26 17:00,23 St-Baruch College (6),OMNY - Fair Fare,166,1
2/11/26 17:00,23 St-Baruch College (6),OMNY - Seniors & Disability,135,3
2/11/26 16:00,23 St-Baruch College (6),OMNY - Other,35,0
2/11/26 16:00,23 St-Baruch College (6),Metrocard - Unlimited 30-Day,5,0
2/11/26 16:00,23 St-Baruch College (6),Metrocard - Unlimited 7-Day,3,0
2/11/26 16:00,23 St-Baruch College (6),Metrocard - Seniors & Disability,1,0
2/11/26 16:00,23 St-Baruch College (6),OMNY - Seniors & Disability,124,12
2/11/26 16:00,23 St-Baruch College (6),Metrocard - Other,10,0
2/11/26 16:00,23 St-Baruch College (6),OMNY - Students,248,4
2/11/26 16:00,23 St-Baruch College (6),OMNY - Fair Fare,126,3
2/11/26 16:00,23 St-Baruch College (6),OMNY - Full Fare,"2,193",46
2/11/26 15:00,23 St-Baruch College (6),OMNY - Seniors & Disability,130,12
2/11/26 15:00,23 St-Baruch College (6),Metrocard - Unlimited 7-Day,1,0
2/11/26 15:00,23 St-Baruch College (6),Metrocard - Seniors & Disability,2,0
2/11/26 15:00,23 St-Baruch College (6),OMNY - Students,421,6
2/11/26 15:00,23 St-Baruch College (6),Metrocard - Unlimited 30-Day,1,0
2/11/26 15:00,23 St-Baruch College (6),OMNY - Other,33,0
2/11/26 15:00,23 St-Baruch College (6),OMNY - Full Fare,"1,829",31
2/11/26 15:00,23 St-Baruch College (6),Metrocard - Other,9,0
2/11/26 15:00,23 St-Baruch College (6),Metrocard - Full Fare,1,0
2/11/26 15:00,23 St-Baruch College (6),OMNY - Fair Fare,106,1
2/11/26 14:00,23 St-Baruch College (6),OMNY - Fair Fare,128,1
2/11/26 14:00,23 St-Baruch College (6),OMNY - Seniors & Disability,137,13
2/11/26 14:00,23 St-Baruch College (6),OMNY - Other,31,0
2/11/26 14:00,23 St-Baruch College (6),Metrocard - Other,7,0
2/11/26 14:00,23 St-Baruch College (6),OMNY - Students,240,0
2/11/26 14:00,23 St-Baruch College (6),Metrocard - Seniors & Disability,1,0
2/11/26 14:00,23 St-Baruch College (6),OMNY - Full Fare,"1,409",17
2/11/26 14:00,23 St-Baruch College (6),Metrocard - Unlimited 30-Day,6,0
2/11/26 14:00,23 St-Baruch College (6),Metrocard - Unlimited 7-Day,4,0
2/11/26 13:00,23 St-Baruch College (6),OMNY - Seniors & Disability,85,12
2/11/26 13:00,23 St-Baruch College (6),OMNY - Fair Fare,41,1
2/11/26 13:00,23 St-Baruch College (6),Metrocard - Other,3,0
2/11/26 13:00,23 St-Baruch College (6),OMNY - Other,14,0
2/11/26 13:00,23 St-Baruch College (6),OMNY - Students,39,0
2/11/26 13:00,23 St-Baruch College (6),Metrocard - Unlimited 7-Day,1,0
2/11/26 13:00,23 St-Baruch College (6),OMNY - Full Fare,803,23
2/11/26 13:00,23 St-Baruch College (6),Metrocard - Unlimited 30-Day,3,0
2/11/26 12:00,23 St-Baruch College (6),OMNY - Seniors & Disability,92,10
2/11/26 12:00,23 St-Baruch College (6),OMNY - Other,19,0
2/11/26 12:00,23 St-Baruch College (6),Metrocard - Full Fare,1,0
2/11/26 12:00,23 St-Baruch College (6),Metrocard - Unlimited 7-Day,2,0
2/11/26 12:00,23 St-Baruch College (6),OMNY - Students,61,0
2/11/26 12:00,23 St-Baruch College (6),OMNY - Full Fare,928,14
2/11/26 12:00,23 St-Baruch College (6),Metrocard - Other,9,1
2/11/26 12:00,23 St-Baruch College (6),OMNY - Fair Fare,70,0
2/11/26 12:00,23 St-Baruch College (6),Metrocard - Unlimited 30-Day,1,0
2/11/26 11:00,23 St-Baruch College (6),OMNY - Other,6,0
2/11/26 11:00,23 St-Baruch College (6),Metrocard - Other,5,0
2/11/26 11:00,23 St-Baruch College (6),Metrocard - Unlimited 30-Day,1,0
2/11/26 11:00,23 St-Baruch College (6),OMNY - Seniors & Disability,73,9
2/11/26 11:00,23 St-Baruch College (6),OMNY - Full Fare,680,14
2/11/26 11:00,23 St-Baruch College (6),OMNY - Fair Fare,43,0
2/11/26 11:00,23 St-Baruch College (6),OMNY - Students,39,0
2/11/26 10:00,23 St-Baruch College (6),Metrocard - Seniors & Disability,1,0
2/11/26 10:00,23 St-Baruch College (6),Metrocard - Other,4,0
2/11/26 10:00,23 St-Baruch College (6),OMNY - Fair Fare,44,1
2/11/26 10:00,23 St-Baruch College (6),OMNY - Seniors & Disability,85,12
2/11/26 10:00,23 St-Baruch College (6),OMNY - Full Fare,744,47
2/11/26 10:00,23 St-Baruch College (6),OMNY - Other,11,0
2/11/26 10:00,23 St-Baruch College (6),Metrocard - Unlimited 30-Day,1,0
2/11/26 10:00,23 St-Baruch College (6),OMNY - Students,39,0
2/11/26 9:00,23 St-Baruch College (6),OMNY - Full Fare,"1,054",83
2/11/26 9:00,23 St-Baruch College (6),Metrocard - Other,1,0
2/11/26 9:00,23 St-Baruch College (6),OMNY - Seniors & Disability,51,4
2/11/26 9:00,23 St-Baruch College (6),OMNY - Students,18,0
2/11/26 9:00,23 St-Baruch College (6),OMNY - Fair Fare,22,3
2/11/26 9:00,23 St-Baruch College (6),Metrocard - Unlimited 30-Day,2,0
2/11/26 9:00,23 St-Baruch College (6),OMNY - Other,6,0
2/11/26 8:00,23 St-Baruch College (6),Metrocard - Other,6,0
2/11/26 8:00,23 St-Baruch College (6),OMNY - Fair Fare,25,3
2/11/26 8:00,23 St-Baruch College (6),OMNY - Seniors & Disability,50,13
2/11/26 8:00,23 St-Baruch College (6),Metrocard - Unlimited 30-Day,1,0
2/11/26 8:00,23 St-Baruch College (6),OMNY - Other,4,0
2/11/26 8:00,23 St-Baruch College (6),OMNY - Full Fare,"1,650",118
2/11/26 8:00,23 St-Baruch College (6),OMNY - Students,44,2
2/11/26 7:00,23 St-Baruch College (6),Metrocard - Full Fare,1,0
2/11/26 7:00,23 St-Baruch College (6),OMNY - Full Fare,772,131
2/11/26 7:00,23 St-Baruch College (6),OMNY - Other,4,0
2/11/26 7:00,23 St-Baruch College (6),OMNY - Seniors & Disability,34,11
2/11/26 7:00,23 St-Baruch College (6),Metrocard - Unlimited 30-Day,2,0
2/11/26 7:00,23 St-Baruch College (6),OMNY - Fair Fare,4,1
2/11/26 7:00,23 St-Baruch College (6),Metrocard - Other,4,0
2/11/26 7:00,23 St-Baruch College (6),OMNY - Students,86,5
2/11/26 6:00,23 St-Baruch College (6),OMNY - Students,8,0
2/11/26 6:00,23 St-Baruch College (6),OMNY - Full Fare,217,49
2/11/26 6:00,23 St-Baruch College (6),OMNY - Seniors & Disability,16,4
2/11/26 6:00,23 St-Baruch College (6),OMNY - Fair Fare,7,0
2/11/26 6:00,23 St-Baruch College (6),OMNY - Other,2,0
2/11/26 6:00,23 St-Baruch College (6),Metrocard - Other,3,0
2/11/26 6:00,23 St-Baruch College (6),Metrocard - Unlimited 30-Day,2,0
2/11/26 5:00,23 St-Baruch College (6),OMNY - Fair Fare,1,0
2/11/26 5:00,23 St-Baruch College (6),OMNY - Seniors & Disability,3,1
2/11/26 5:00,23 St-Baruch College (6),OMNY - Full Fare,47,18
2/11/26 5:00,23 St-Baruch College (6),OMNY - Other,1,0
2/11/26 4:00,23 St-Baruch College (6),OMNY - Other,1,0
2/11/26 4:00,23 St-Baruch College (6),OMNY - Full Fare,18,0
2/11/26 4:00,23 St-Baruch College (6),Metrocard - Other,1,0
2/11/26 3:00,23 St-Baruch College (6),OMNY - Other,2,0
2/11/26 3:00,23 St-Baruch College (6),OMNY - Full Fare,8,0
2/11/26 3:00,23 St-Baruch College (6),OMNY - Students,1,0
2/11/26 2:00,23 St-Baruch College (6),OMNY - Fair Fare,2,0
2/11/26 2:00,23 St-Baruch College (6),Metrocard - Other,1,0
2/11/26 2:00,23 St-Baruch College (6),OMNY - Full Fare,15,0
2/11/26 1:00,23 St-Baruch College (6),Metrocard - Other,1,0
2/11/26 1:00,23 St-Baruch College (6),OMNY - Other,5,0
2/11/26 1:00,23 St-Baruch College (6),OMNY - Seniors & Disability,1,0
2/11/26 1:00,23 St-Baruch College (6),OMNY - Full Fare,41,0
2/11/26 0:00,23 St-Baruch College (6),OMNY - Students,3,0
2/11/26 0:00,23 St-Baruch College (6),OMNY - Full Fare,113,2
2/11/26 0:00,23 St-Baruch College (6),Metrocard - Other,1,0
2/11/26 0:00,23 St-Baruch College (6),OMNY - Seniors & Disability,3,1
2/11/26 0:00,23 St-Baruch College (6),OMNY - Fair Fare,11,0
2/10/26 23:00,23 St-Baruch College (6),OMNY - Seniors & Disability,9,0
2/10/26 23:00,23 St-Baruch College (6),OMNY - Other,11,0
2/10/26 23:00,23 St-Baruch College (6),OMNY - Students,9,0
2/10/26 23:00,23 St-Baruch College (6),Metrocard - Other,1,0
2/10/26 23:00,23 St-Baruch College (6),OMNY - Fair Fare,6,0
2/10/26 23:00,23 St-Baruch College (6),OMNY - Full Fare,244,3
2/10/26 22:00,23 St-Baruch College (6),OMNY - Students,9,0
2/10/26 22:00,23 St-Baruch College (6),Metrocard - Other,1,0
2/10/26 22:00,23 St-Baruch College (6),Metrocard - Unlimited 30-Day,1,0
2/10/26 22:00,23 St-Baruch College (6),OMNY - Other,10,0
2/10/26 22:00,23 St-Baruch College (6),OMNY - Seniors & Disability,15,0
2/10/26 22:00,23 St-Baruch College (6),OMNY - Full Fare,385,10
2/10/26 22:00,23 St-Baruch College (6),OMNY - Fair Fare,29,0
2/10/26 21:00,23 St-Baruch College (6),OMNY - Full Fare,766,5
2/10/26 21:00,23 St-Baruch College (6),OMNY - Other,5,0
2/10/26 21:00,23 St-Baruch College (6),Metrocard - Other,7,0
2/10/26 21:00,23 St-Baruch College (6),OMNY - Seniors & Disability,28,0
2/10/26 21:00,23 St-Baruch College (6),OMNY - Students,41,1
2/10/26 21:00,23 St-Baruch College (6),OMNY - Fair Fare,54,1
2/10/26 21:00,23 St-Baruch College (6),Metrocard - Full Fare,1,0
2/10/26 20:00,23 St-Baruch College (6),OMNY - Students,80,0
2/10/26 20:00,23 St-Baruch College (6),Metrocard - Seniors & Disability,1,0
2/10/26 20:00,23 St-Baruch College (6),OMNY - Other,28,1
2/10/26 20:00,23 St-Baruch College (6),OMNY - Fair Fare,102,1
2/10/26 20:00,23 St-Baruch College (6),OMNY - Seniors & Disability,59,3
2/10/26 20:00,23 St-Baruch College (6),Metrocard - Other,9,0
2/10/26 20:00,23 St-Baruch College (6),OMNY - Full Fare,"1,205",15
2/10/26 20:00,23 St-Baruch College (6),Metrocard - Unlimited 30-Day,1,0
2/10/26 19:00,23 St-Baruch College (6),OMNY - Students,116,0
2/10/26 19:00,23 St-Baruch College (6),OMNY - Full Fare,"1,703",12
2/10/26 19:00,23 St-Baruch College (6),OMNY - Fair Fare,142,0
2/10/26 19:00,23 St-Baruch College (6),Metrocard - Other,5,0
2/10/26 19:00,23 St-Baruch College (6),OMNY - Other,21,0
2/10/26 19:00,23 St-Baruch College (6),Metrocard - Unlimited 30-Day,4,0
2/10/26 19:00,23 St-Baruch College (6),OMNY - Seniors & Disability,66,1
2/10/26 19:00,23 St-Baruch College (6),Metrocard - Unlimited 7-Day,1,0
2/10/26 19:00,23 St-Baruch College (6),Metrocard - Full Fare,2,0
2/10/26 18:00,23 St-Baruch College (6),OMNY - Other,21,0
2/10/26 18:00,23 St-Baruch College (6),Metrocard - Other,8,0
2/10/26 18:00,23 St-Baruch College (6),OMNY - Fair Fare,74,0
2/10/26 18:00,23 St-Baruch College (6),OMNY - Students,113,2
2/10/26 18:00,23 St-Baruch College (6),OMNY - Seniors & Disability,66,2
2/10/26 18:00,23 St-Baruch College (6),Metrocard - Unlimited 30-Day,3,0
2/10/26 18:00,23 St-Baruch College (6),OMNY - Full Fare,"2,016",25
2/10/26 17:00,23 St-Baruch College (6),OMNY - Full Fare,"2,894",20
2/10/26 17:00,23 St-Baruch College (6),Metrocard - Other,9,0
2/10/26 17:00,23 St-Baruch College (6),OMNY - Other,28,0
2/10/26 17:00,23 St-Baruch College (6),Metrocard - Unlimited 30-Day,4,0
2/10/26 17:00,23 St-Baruch College (6),OMNY - Students,234,0
2/10/26 17:00,23 St-Baruch College (6),OMNY - Fair Fare,125,3
2/10/26 17:00,23 St-Baruch College (6),OMNY - Seniors & Disability,116,4
2/10/26 17:00,23 St-Baruch College (6),Metrocard - Unlimited 7-Day,1,0
2/10/26 16:00,23 St-Baruch College (6),Metrocard - Unlimited 30-Day,3,0
2/10/26 16:00,23 St-Baruch College (6),Metrocard - Full Fare,2,0
2/10/26 16:00,23 St-Baruch College (6),OMNY - Full Fare,"2,170",42
2/10/26 16:00,23 St-Baruch College (6),OMNY - Fair Fare,143,2
2/10/26 16:00,23 St-Baruch College (6),Metrocard - Other,9,0
2/10/26 16:00,23 St-Baruch College (6),OMNY - Students,232,1
2/10/26 16:00,23 St-Baruch College (6),OMNY - Seniors & Disability,124,9
2/10/26 16:00,23 St-Baruch College (6),OMNY - Other,22,0
2/10/26 16:00,23 St-Baruch College (6),Metrocard - Unlimited 7-Day,4,0
2/10/26 15:00,23 St-Baruch College (6),OMNY - Students,421,5
2/10/26 15:00,23 St-Baruch College (6),Metrocard - Full Fare,2,1
2/10/26 15:00,23 St-Baruch College (6),Metrocard - Other,3,1
2/10/26 15:00,23 St-Baruch College (6),OMNY - Fair Fare,99,0
2/10/26 15:00,23 St-Baruch College (6),Metrocard - Unlimited 30-Day,5,0
2/10/26 15:00,23 St-Baruch College (6),OMNY - Seniors & Disability,138,12
2/10/26 15:00,23 St-Baruch College (6),OMNY - Other,14,0
2/10/26 15:00,23 St-Baruch College (6),Metrocard - Seniors & Disability,1,0
2/10/26 15:00,23 St-Baruch College (6),Metrocard - Unlimited 7-Day,1,0
2/10/26 15:00,23 St-Baruch College (6),OMNY - Full Fare,"1,689",23
2/10/26 14:00,23 St-Baruch College (6),Metrocard - Unlimited 30-Day,2,0
2/10/26 14:00,23 St-Baruch College (6),OMNY - Other,9,0
2/10/26 14:00,23 St-Baruch College (6),OMNY - Students,204,4
2/10/26 14:00,23 St-Baruch College (6),OMNY - Seniors & Disability,106,8
2/10/26 14:00,23 St-Baruch College (6),Metrocard - Other,7,0
2/10/26 14:00,23 St-Baruch College (6),Metrocard - Seniors & Disability,1,0
2/10/26 14:00,23 St-Baruch College (6),Metrocard - Full Fare,1,0
2/10/26 14:00,23 St-Baruch College (6),OMNY - Full Fare,"1,173",12
2/10/26 14:00,23 St-Baruch College (6),OMNY - Fair Fare,69,2
2/10/26 13:00,23 St-Baruch College (6),OMNY - Full Fare,790,21
2/10/26 13:00,23 St-Baruch College (6),Metrocard - Other,2,0
2/10/26 13:00,23 St-Baruch College (6),OMNY - Seniors & Disability,72,7
2/10/26 13:00,23 St-Baruch College (6),Metrocard - Unlimited 30-Day,2,0
2/10/26 13:00,23 St-Baruch College (6),OMNY - Other,6,0
2/10/26 13:00,23 St-Baruch College (6),OMNY - Fair Fare,40,2
2/10/26 13:00,23 St-Baruch College (6),OMNY - Students,28,0
2/10/26 12:00,23 St-Baruch College (6),Metrocard - Unlimited 7-Day,1,0
2/10/26 12:00,23 St-Baruch College (6),Metrocard - Other,10,0
2/10/26 12:00,23 St-Baruch College (6),OMNY - Seniors & Disability,83,7
2/10/26 12:00,23 St-Baruch College (6),Metrocard - Seniors & Disability,1,0
2/10/26 12:00,23 St-Baruch College (6),OMNY - Other,12,0
2/10/26 12:00,23 St-Baruch College (6),OMNY - Fair Fare,73,1
2/10/26 12:00,23 St-Baruch College (6),OMNY - Students,95,2
2/10/26 12:00,23 St-Baruch College (6),OMNY - Full Fare,906,10
2/10/26 12:00,23 St-Baruch College (6),Metrocard - Full Fare,1,0
2/10/26 11:00,23 St-Baruch College (6),OMNY - Students,30,0
2/10/26 11:00,23 St-Baruch College (6),Metrocard - Unlimited 7-Day,1,0
2/10/26 11:00,23 St-Baruch College (6),OMNY - Fair Fare,50,1
2/10/26 11:00,23 St-Baruch College (6),Metrocard - Seniors & Disability,1,0
2/10/26 11:00,23 St-Baruch College (6),Metrocard - Other,5,0
2/10/26 11:00,23 St-Baruch College (6),Metrocard - Unlimited 30-Day,1,0
2/10/26 11:00,23 St-Baruch College (6),OMNY - Full Fare,663,12
2/10/26 11:00,23 St-Baruch College (6),OMNY - Other,5,0
2/10/26 11:00,23 St-Baruch College (6),OMNY - Seniors & Disability,74,11
2/10/26 10:00,23 St-Baruch College (6),OMNY - Students,34,0
2/10/26 10:00,23 St-Baruch College (6),Metrocard - Other,4,0
2/10/26 10:00,23 St-Baruch College (6),OMNY - Seniors & Disability,70,12
2/10/26 10:00,23 St-Baruch College (6),Metrocard - Unlimited 30-Day,2,0
2/10/26 10:00,23 St-Baruch College (6),OMNY - Other,12,0
2/10/26 10:00,23 St-Baruch College (6),OMNY - Full Fare,691,32
2/10/26 10:00,23 St-Baruch College (6),OMNY - Fair Fare,31,0
2/10/26 9:00,23 St-Baruch College (6),OMNY - Other,10,0
2/10/26 9:00,23 St-Baruch College (6),OMNY - Fair Fare,20,0
2/10/26 9:00,23 St-Baruch College (6),OMNY - Students,21,0
2/10/26 9:00,23 St-Baruch College (6),Metrocard - Unlimited 7-Day,1,0
2/10/26 9:00,23 St-Baruch College (6),Metrocard - Other,4,0
2/10/26 9:00,23 St-Baruch College (6),OMNY - Seniors & Disability,60,6
2/10/26 9:00,23 St-Baruch College (6),OMNY - Full Fare,"1,140",71
2/10/26 8:00,23 St-Baruch College (6),OMNY - Full Fare,"1,736",110
2/10/26 8:00,23 St-Baruch College (6),OMNY - Students,49,5
2/10/26 8:00,23 St-Baruch College (6),Metrocard - Other,6,0
2/10/26 8:00,23 St-Baruch College (6),Metrocard - Unlimited 30-Day,1,0
2/10/26 8:00,23 St-Baruch College (6),Metrocard - Full Fare,1,0
2/10/26 8:00,23 St-Baruch College (6),OMNY - Seniors & Disability,48,9
2/10/26 8:00,23 St-Baruch College (6),OMNY - Other,3,0
2/10/26 8:00,23 St-Baruch College (6),OMNY - Fair Fare,23,5
2/10/26 7:00,23 St-Baruch College (6),Metrocard - Other,7,0
2/10/26 7:00,23 St-Baruch College (6),OMNY - Fair Fare,8,0
2/10/26 7:00,23 St-Baruch College (6),OMNY - Full Fare,829,124
2/10/26 7:00,23 St-Baruch College (6),OMNY - Other,7,0
2/10/26 7:00,23 St-Baruch College (6),OMNY - Seniors & Disability,22,9
2/10/26 7:00,23 St-Baruch College (6),OMNY - Students,81,5
2/10/26 6:00,23 St-Baruch College (6),OMNY - Full Fare,228,56
2/10/26 6:00,23 St-Baruch College (6),OMNY - Fair Fare,3,1
2/10/26 6:00,23 St-Baruch College (6),OMNY - Seniors & Disability,8,2
2/10/26 6:00,23 St-Baruch College (6),Metrocard - Other,6,0
2/10/26 6:00,23 St-Baruch College (6),Metrocard - Unlimited 30-Day,1,0
2/10/26 6:00,23 St-Baruch College (6),OMNY - Students,6,0
2/10/26 6:00,23 St-Baruch College (6),OMNY - Other,1,0
2/10/26 5:00,23 St-Baruch College (6),OMNY - Fair Fare,2,1
2/10/26 5:00,23 St-Baruch College (6),OMNY - Full Fare,49,12
2/10/26 5:00,23 St-Baruch College (6),OMNY - Seniors & Disability,4,3
2/10/26 4:00,23 St-Baruch College (6),OMNY - Full Fare,8,0
2/10/26 4:00,23 St-Baruch College (6),Metrocard - Other,2,0
2/10/26 3:00,23 St-Baruch College (6),OMNY - Fair Fare,1,0
2/10/26 3:00,23 St-Baruch College (6),OMNY - Full Fare,8,0
2/10/26 3:00,23 St-Baruch College (6),Metrocard - Other,3,0
2/10/26 2:00,23 St-Baruch College (6),OMNY - Students,1,0
2/10/26 2:00,23 St-Baruch College (6),OMNY - Full Fare,6,0
2/10/26 2:00,23 St-Baruch College (6),OMNY - Fair Fare,1,0
2/10/26 1:00,23 St-Baruch College (6),OMNY - Fair Fare,1,0
2/10/26 1:00,23 St-Baruch College (6),OMNY - Students,1,0
2/10/26 1:00,23 St-Baruch College (6),OMNY - Full Fare,36,0
2/10/26 1:00,23 St-Baruch College (6),OMNY - Other,1,0
2/10/26 1:00,23 St-Baruch College (6),Metrocard - Other,1,0
2/10/26 0:00,23 St-Baruch College (6),OMNY - Fair Fare,7,0
2/10/26 0:00,23 St-Baruch College (6),OMNY - Full Fare,111,2
2/10/26 0:00,23 St-Baruch College (6),OMNY - Students,1,0
2/10/26 0:00,23 St-Baruch College (6),OMNY - Seniors & Disability,5,1
2/10/26 0:00,23 St-Baruch College (6),Metrocard - Other,1,0
2/10/26 0:00,23 St-Baruch College (6),OMNY - Other,1,0
2/9/26 23:00,23 St-Baruch College (6),OMNY - Fair Fare,7,0
2/9/26 23:00,23 St-Baruch College (6),Metrocard - Other,1,0
2/9/26 23:00,23 St-Baruch College (6),OMNY - Full Fare,183,3
2/9/26 23:00,23 St-Baruch College (6),OMNY - Seniors & Disability,5,1
2/9/26 23:00,23 St-Baruch College (6),OMNY - Other,21,0
2/9/26 23:00,23 St-Baruch College (6),OMNY - Students,8,0
2/9/26 22:00,23 St-Baruch College (6),OMNY - Fair Fare,22,1
2/9/26 22:00,23 St-Baruch College (6),OMNY - Full Fare,310,5
2/9/26 22:00,23 St-Baruch College (6),OMNY - Students,17,0
2/9/26 22:00,23 St-Baruch College (6),OMNY - Seniors & Disability,19,0
2/9/26 22:00,23 St-Baruch College (6),OMNY - Other,10,0
2/9/26 22:00,23 St-Baruch College (6),Metrocard - Other,5,0
2/9/26 21:00,23 St-Baruch College (6),Metrocard - Other,6,0
2/9/26 21:00,23 St-Baruch College (6),Metrocard - Unlimited 30-Day,2,0
2/9/26 21:00,23 St-Baruch College (6),OMNY - Full Fare,719,2
2/9/26 21:00,23 St-Baruch College (6),OMNY - Other,8,0
2/9/26 21:00,23 St-Baruch College (6),OMNY - Fair Fare,54,1
2/9/26 21:00,23 St-Baruch College (6),OMNY - Students,23,0
2/9/26 21:00,23 St-Baruch College (6),OMNY - Seniors & Disability,16,1
2/9/26 20:00,23 St-Baruch College (6),OMNY - Other,7,0
2/9/26 20:00,23 St-Baruch College (6),OMNY - Seniors & Disability,33,1
2/9/26 20:00,23 St-Baruch College (6),OMNY - Students,64,0
2/9/26 20:00,23 St-Baruch College (6),OMNY - Full Fare,"1,096",13
2/9/26 20:00,23 St-Baruch College (6),OMNY - Fair Fare,72,1
2/9/26 20:00,23 St-Baruch College (6),Metrocard - Other,11,0
2/9/26 19:00,23 St-Baruch College (6),Metrocard - Full Fare,2,0
2/9/26 19:00,23 St-Baruch College (6),OMNY - Fair Fare,107,1
2/9/26 19:00,23 St-Baruch College (6),OMNY - Other,3,0
2/9/26 19:00,23 St-Baruch College (6),Metrocard - Other,4,0
2/9/26 19:00,23 St-Baruch College (6),OMNY - Students,130,1
2/9/26 19:00,23 St-Baruch College (6),Metrocard - Unlimited 30-Day,2,0
2/9/26 19:00,23 St-Baruch College (6),OMNY - Full Fare,"1,536",15
2/9/26 19:00,23 St-Baruch College (6),OMNY - Seniors & Disability,52,2
2/9/26 18:00,23 St-Baruch College (6),OMNY - Fair Fare,68,2
2/9/26 18:00,23 St-Baruch College (6),OMNY - Students,89,1
2/9/26 18:00,23 St-Baruch College (6),OMNY - Seniors & Disability,51,3
2/9/26 18:00,23 St-Baruch College (6),Metrocard - Other,7,0
2/9/26 18:00,23 St-Baruch College (6),Metrocard - Full Fare,1,0
2/9/26 18:00,23 St-Baruch College (6),Metrocard - Unlimited 30-Day,3,0
2/9/26 18:00,23 St-Baruch College (6),OMNY - Other,16,0
2/9/26 18:00,23 St-Baruch College (6),OMNY - Full Fare,"1,702",24
2/9/26 17:00,23 St-Baruch College (6),OMNY - Seniors & Disability,132,9
2/9/26 17:00,23 St-Baruch College (6),Metrocard - Unlimited 30-Day,3,0
2/9/26 17:00,23 St-Baruch College (6),Metrocard - Full Fare,1,0
2/9/26 17:00,23 St-Baruch College (6),Metrocard - Other,8,0
2/9/26 17:00,23 St-Baruch College (6),OMNY - Students,230,4
2/9/26 17:00,23 St-Baruch College (6),OMNY - Full Fare,"2,429",47
2/9/26 17:00,23 St-Baruch College (6),Metrocard - Unlimited 7-Day,4,0
2/9/26 17:00,23 St-Baruch College (6),OMNY - Other,10,0
2/9/26 17:00,23 St-Baruch College (6),OMNY - Fair Fare,144,4
2/9/26 16:00,23 St-Baruch College (6),OMNY - Other,20,0
2/9/26 16:00,23 St-Baruch College (6),OMNY - Fair Fare,150,2
2/9/26 16:00,23 St-Baruch College (6),Metrocard - Other,5,0
2/9/26 16:00,23 St-Baruch College (6),OMNY - Students,231,6
2/9/26 16:00,23 St-Baruch College (6),Metrocard - Full Fare,1,0
2/9/26 16:00,23 St-Baruch College (6),Metrocard - Unlimited 30-Day,2,0
2/9/26 16:00,23 St-Baruch College (6),OMNY - Seniors & Disability,105,4
2/9/26 16:00,23 St-Baruch College (6),OMNY - Full Fare,"1,968",34
2/9/26 16:00,23 St-Baruch College (6),Metrocard - Unlimited 7-Day,2,0
2/9/26 15:00,23 St-Baruch College (6),OMNY - Seniors & Disability,120,10
2/9/26 15:00,23 St-Baruch College (6),Metrocard - Unlimited 30-Day,3,0
2/9/26 15:00,23 St-Baruch College (6),OMNY - Fair Fare,118,2
2/9/26 15:00,23 St-Baruch College (6),OMNY - Other,11,0
2/9/26 15:00,23 St-Baruch College (6),Metrocard - Other,10,0
2/9/26 15:00,23 St-Baruch College (6),Metrocard - Unlimited 7-Day,1,0
2/9/26 15:00,23 St-Baruch College (6),OMNY - Full Fare,"1,708",21
2/9/26 15:00,23 St-Baruch College (6),OMNY - Students,389,6
2/9/26 14:00,23 St-Baruch College (6),OMNY - Students,261,1
2/9/26 14:00,23 St-Baruch College (6),OMNY - Seniors & Disability,105,11
2/9/26 14:00,23 St-Baruch College (6),Metrocard - Other,6,0
2/9/26 14:00,23 St-Baruch College (6),Metrocard - Unlimited 7-Day,1,0
2/9/26 14:00,23 St-Baruch College (6),Metrocard - Unlimited 30-Day,5,0
2/9/26 14:00,23 St-Baruch College (6),OMNY - Full Fare,"1,303",22
2/9/26 14:00,23 St-Baruch College (6),OMNY - Other,9,0
2/9/26 14:00,23 St-Baruch College (6),Metrocard - Full Fare,1,0
2/9/26 14:00,23 St-Baruch College (6),OMNY - Fair Fare,118,1
2/9/26 13:00,23 St-Baruch College (6),OMNY - Fair Fare,46,5
2/9/26 13:00,23 St-Baruch College (6),OMNY - Students,30,1
2/9/26 13:00,23 St-Baruch College (6),Metrocard - Unlimited 30-Day,2,0
2/9/26 13:00,23 St-Baruch College (6),Metrocard - Unlimited 7-Day,1,0
2/9/26 13:00,23 St-Baruch College (6),Metrocard - Other,5,0
2/9/26 13:00,23 St-Baruch College (6),OMNY - Seniors & Disability,52,5
2/9/26 13:00,23 St-Baruch College (6),OMNY - Full Fare,654,21
2/9/26 13:00,23 St-Baruch College (6),OMNY - Other,4,0
2/9/26 12:00,23 St-Baruch College (6),OMNY - Students,64,0
2/9/26 12:00,23 St-Baruch College (6),OMNY - Fair Fare,72,2
2/9/26 12:00,23 St-Baruch College (6),Metrocard - Other,6,0
2/9/26 12:00,23 St-Baruch College (6),OMNY - Seniors & Disability,68,11
2/9/26 12:00,23 St-Baruch College (6),Metrocard - Full Fare,1,0
2/9/26 12:00,23 St-Baruch College (6),Metrocard - Unlimited 30-Day,1,0
2/9/26 12:00,23 St-Baruch College (6),OMNY - Other,9,0
2/9/26 12:00,23 St-Baruch College (6),OMNY - Full Fare,783,16
2/9/26 11:00,23 St-Baruch College (6),OMNY - Fair Fare,33,0
2/9/26 11:00,23 St-Baruch College (6),OMNY - Seniors & Disability,54,6
2/9/26 11:00,23 St-Baruch College (6),OMNY - Students,35,0
2/9/26 11:00,23 St-Baruch College (6),Metrocard - Other,1,0
2/9/26 11:00,23 St-Baruch College (6),OMNY - Other,6,0
2/9/26 11:00,23 St-Baruch College (6),Metrocard - Unlimited 7-Day,1,0
2/9/26 11:00,23 St-Baruch College (6),OMNY - Full Fare,537,11
2/9/26 10:00,23 St-Baruch College (6),OMNY - Students,31,0
2/9/26 10:00,23 St-Baruch College (6),Metrocard - Full Fare,1,0
2/9/26 10:00,23 St-Baruch College (6),OMNY - Full Fare,648,18
2/9/26 10:00,23 St-Baruch College (6),OMNY - Other,3,0
2/9/26 10:00,23 St-Baruch College (6),Metrocard - Other,2,0
2/9/26 10:00,23 St-Baruch College (6),OMNY - Fair Fare,25,1
2/9/26 10:00,23 St-Baruch College (6),OMNY - Seniors & Disability,55,6
2/9/26 9:00,23 St-Baruch College (6),OMNY - Students,24,2
2/9/26 9:00,23 St-Baruch College (6),Metrocard - Other,3,0
2/9/26 9:00,23 St-Baruch College (6),Metrocard - Unlimited 7-Day,1,0
2/9/26 9:00,23 St-Baruch College (6),OMNY - Full Fare,887,66
2/9/26 9:00,23 St-Baruch College (6),OMNY - Fair Fare,14,2
2/9/26 9:00,23 St-Baruch College (6),OMNY - Seniors & Disability,56,7
2/9/26 8:00,23 St-Baruch College (6),Metrocard - Unlimited 30-Day,1,0
2/9/26 8:00,23 St-Baruch College (6),OMNY - Full Fare,"1,456",109
2/9/26 8:00,23 St-Baruch College (6),OMNY - Fair Fare,24,3
2/9/26 8:00,23 St-Baruch College (6),OMNY - Seniors & Disability,36,4
2/9/26 8:00,23 St-Baruch College (6),Metrocard - Seniors & Disability,1,0
2/9/26 8:00,23 St-Baruch College (6),OMNY - Other,4,0
2/9/26 8:00,23 St-Baruch College (6),Metrocard - Other,3,0
2/9/26 8:00,23 St-Baruch College (6),OMNY - Students,48,2
2/9/26 7:00,23 St-Baruch College (6),OMNY - Seniors & Disability,35,9
2/9/26 7:00,23 St-Baruch College (6),OMNY - Full Fare,727,124
2/9/26 7:00,23 St-Baruch College (6),Metrocard - Other,2,0
2/9/26 7:00,23 St-Baruch College (6),OMNY - Fair Fare,9,0
2/9/26 7:00,23 St-Baruch College (6),OMNY - Other,9,0
2/9/26 7:00,23 St-Baruch College (6),OMNY - Students,71,6
2/9/26 6:00,23 St-Baruch College (6),Metrocard - Unlimited 30-Day,1,0
2/9/26 6:00,23 St-Baruch College (6),OMNY - Fair Fare,2,0
2/9/26 6:00,23 St-Baruch College (6),OMNY - Seniors & Disability,9,4
2/9/26 6:00,23 St-Baruch College (6),OMNY - Full Fare,212,50
2/9/26 6:00,23 St-Baruch College (6),OMNY - Students,8,1
2/9/26 6:00,23 St-Baruch College (6),Metrocard - Other,5,0
2/9/26 5:00,23 St-Baruch College (6),OMNY - Seniors & Disability,4,3
2/9/26 5:00,23 St-Baruch College (6),OMNY - Other,1,0
2/9/26 5:00,23 St-Baruch College (6),OMNY - Full Fare,37,7
2/9/26 5:00,23 St-Baruch College (6),OMNY - Students,1,0
2/9/26 5:00,23 St-Baruch College (6),OMNY - Fair Fare,1,0
2/9/26 4:00,23 St-Baruch College (6),OMNY - Full Fare,12,0
2/9/26 3:00,23 St-Baruch College (6),OMNY - Other,2,0
2/9/26 3:00,23 St-Baruch College (6),OMNY - Full Fare,8,0
2/9/26 3:00,23 St-Baruch College (6),Metrocard - Other,2,0
2/9/26 2:00,23 St-Baruch College (6),OMNY - Students,1,0
2/9/26 2:00,23 St-Baruch College (6),OMNY - Full Fare,8,0
2/9/26 1:00,23 St-Baruch College (6),OMNY - Other,1,0
2/9/26 1:00,23 St-Baruch College (6),OMNY - Fair Fare,5,0
2/9/26 1:00,23 St-Baruch College (6),Metrocard - Other,1,0
2/9/26 1:00,23 St-Baruch College (6),OMNY - Full Fare,32,0
2/9/26 1:00,23 St-Baruch College (6),OMNY - Students,4,0
2/9/26 0:00,23 St-Baruch College (6),OMNY - Students,5,0
2/9/26 0:00,23 St-Baruch College (6),OMNY - Seniors & Disability,2,0
2/9/26 0:00,23 St-Baruch College (6),OMNY - Other,2,0
2/9/26 0:00,23 St-Baruch College (6),OMNY - Fair Fare,2,0
2/9/26 0:00,23 St-Baruch College (6),OMNY - Full Fare,76,1
2/9/26 0:00,23 St-Baruch College (6),Metrocard - Other,1,0
2/8/26 23:00,23 St-Baruch College (6),OMNY - Students,5,0
2/8/26 23:00,23 St-Baruch College (6),OMNY - Full Fare,175,3
2/8/26 23:00,23 St-Baruch College (6),OMNY - Seniors & Disability,3,0
2/8/26 23:00,23 St-Baruch College (6),OMNY - Fair Fare,4,0
2/8/26 23:00,23 St-Baruch College (6),OMNY - Other,3,0
2/8/26 22:00,23 St-Baruch College (6),OMNY - Fair Fare,18,0
2/8/26 22:00,23 St-Baruch College (6),OMNY - Other,3,0
2/8/26 22:00,23 St-Baruch College (6),OMNY - Full Fare,595,2
2/8/26 22:00,23 St-Baruch College (6),Metrocard - Other,1,0
2/8/26 22:00,23 St-Baruch College (6),OMNY - Students,6,0
2/8/26 22:00,23 St-Baruch College (6),OMNY - Seniors & Disability,4,0
2/8/26 21:00,23 St-Baruch College (6),OMNY - Students,6,0
2/8/26 21:00,23 St-Baruch College (6),OMNY - Fair Fare,12,0
2/8/26 21:00,23 St-Baruch College (6),OMNY - Full Fare,290,3
2/8/26 21:00,23 St-Baruch College (6),Metrocard - Other,3,0
2/8/26 21:00,23 St-Baruch College (6),OMNY - Seniors & Disability,6,0
2/8/26 21:00,23 St-Baruch College (6),OMNY - Other,2,0
2/8/26 20:00,23 St-Baruch College (6),OMNY - Fair Fare,11,0
2/8/26 20:00,23 St-Baruch College (6),OMNY - Other,4,0
2/8/26 20:00,23 St-Baruch College (6),OMNY - Seniors & Disability,6,0
2/8/26 20:00,23 St-Baruch College (6),OMNY - Full Fare,274,2
2/8/26 20:00,23 St-Baruch College (6),OMNY - Students,8,1
2/8/26 19:00,23 St-Baruch College (6),OMNY - Students,6,0
2/8/26 19:00,23 St-Baruch College (6),OMNY - Seniors & Disability,18,2
2/8/26 19:00,23 St-Baruch College (6),Metrocard - Unlimited 30-Day,2,0
2/8/26 19:00,23 St-Baruch College (6),OMNY - Other,1,0
2/8/26 19:00,23 St-Baruch College (6),OMNY - Fair Fare,11,0
2/8/26 19:00,23 St-Baruch College (6),OMNY - Full Fare,273,12
2/8/26 19:00,23 St-Baruch College (6),Metrocard - Other,1,0
2/8/26 18:00,23 St-Baruch College (6),OMNY - Fair Fare,17,0
2/8/26 18:00,23 St-Baruch College (6),Metrocard - Other,2,0
2/8/26 18:00,23 St-Baruch College (6),OMNY - Other,6,0
2/8/26 18:00,23 St-Baruch College (6),Metrocard - Unlimited 30-Day,1,0
2/8/26 18:00,23 St-Baruch College (6),OMNY - Students,13,1
2/8/26 18:00,23 St-Baruch College (6),OMNY - Full Fare,653,24
2/8/26 18:00,23 St-Baruch College (6),OMNY - Seniors & Disability,11,1
2/8/26 18:00,23 St-Baruch College (6),Metrocard - Full Fare,1,0
2/8/26 17:00,23 St-Baruch College (6),OMNY - Other,11,0
2/8/26 17:00,23 St-Baruch College (6),OMNY - Fair Fare,14,0
2/8/26 17:00,23 St-Baruch College (6),OMNY - Full Fare,801,14
2/8/26 17:00,23 St-Baruch College (6),OMNY - Seniors & Disability,22,1
2/8/26 17:00,23 St-Baruch College (6),Metrocard - Other,3,0
2/8/26 17:00,23 St-Baruch College (6),Metrocard - Unlimited 30-Day,2,0
2/8/26 17:00,23 St-Baruch College (6),OMNY - Students,23,0
2/8/26 16:00,23 St-Baruch College (6),OMNY - Students,14,0
2/8/26 16:00,23 St-Baruch College (6),Metrocard - Unlimited 7-Day,1,0
2/8/26 16:00,23 St-Baruch College (6),OMNY - Seniors & Disability,15,4
2/8/26 16:00,23 St-Baruch College (6),OMNY - Full Fare,674,17
2/8/26 16:00,23 St-Baruch College (6),OMNY - Fair Fare,14,0
2/8/26 16:00,23 St-Baruch College (6),OMNY - Other,9,1
2/8/26 15:00,23 St-Baruch College (6),Metrocard - Unlimited 30-Day,3,0
2/8/26 15:00,23 St-Baruch College (6),OMNY - Students,25,3
2/8/26 15:00,23 St-Baruch College (6),OMNY - Fair Fare,15,1
2/8/26 15:00,23 St-Baruch College (6),OMNY - Other,8,0
2/8/26 15:00,23 St-Baruch College (6),OMNY - Seniors & Disability,25,2
2/8/26 15:00,23 St-Baruch College (6),OMNY - Full Fare,540,19
2/8/26 15:00,23 St-Baruch College (6),Metrocard - Other,5,0
2/8/26 14:00,23 St-Baruch College (6),OMNY - Students,14,1
2/8/26 14:00,23 St-Baruch College (6),OMNY - Other,1,0
2/8/26 14:00,23 St-Baruch College (6),Metrocard - Other,2,0
2/8/26 14:00,23 St-Baruch College (6),OMNY - Seniors & Disability,23,1
2/8/26 14:00,23 St-Baruch College (6),OMNY - Full Fare,580,19
2/8/26 14:00,23 St-Baruch College (6),OMNY - Fair Fare,17,1
2/8/26 13:00,23 St-Baruch College (6),OMNY - Full Fare,545,9
2/8/26 13:00,23 St-Baruch College (6),OMNY - Seniors & Disability,21,3
2/8/26 13:00,23 St-Baruch College (6),OMNY - Students,20,0
2/8/26 13:00,23 St-Baruch College (6),Metrocard - Other,1,0
2/8/26 13:00,23 St-Baruch College (6),OMNY - Other,2,0
2/8/26 13:00,23 St-Baruch College (6),OMNY - Fair Fare,6,0
2/8/26 12:00,23 St-Baruch College (6),OMNY - Seniors & Disability,18,7
2/8/26 12:00,23 St-Baruch College (6),Metrocard - Other,3,0
2/8/26 12:00,23 St-Baruch College (6),OMNY - Students,17,0
2/8/26 12:00,23 St-Baruch College (6),OMNY - Fair Fare,11,2
2/8/26 12:00,23 St-Baruch College (6),Metrocard - Unlimited 30-Day,1,0
2/8/26 12:00,23 St-Baruch College (6),OMNY - Other,1,0
2/8/26 12:00,23 St-Baruch College (6),OMNY - Full Fare,502,6
2/8/26 11:00,23 St-Baruch College (6),OMNY - Full Fare,419,6
2/8/26 11:00,23 St-Baruch College (6),OMNY - Students,5,0
2/8/26 11:00,23 St-Baruch College (6),OMNY - Other,5,0
2/8/26 11:00,23 St-Baruch College (6),OMNY - Seniors & Disability,13,0
2/8/26 11:00,23 St-Baruch College (6),Metrocard - Other,2,0
2/8/26 11:00,23 St-Baruch College (6),OMNY - Fair Fare,8,0
2/8/26 10:00,23 St-Baruch College (6),OMNY - Full Fare,317,12
2/8/26 10:00,23 St-Baruch College (6),OMNY - Seniors & Disability,5,2
2/8/26 10:00,23 St-Baruch College (6),OMNY - Other,1,0
2/8/26 10:00,23 St-Baruch College (6),OMNY - Fair Fare,3,0
2/8/26 10:00,23 St-Baruch College (6),Metrocard - Other,1,0
2/8/26 10:00,23 St-Baruch College (6),OMNY - Students,4,0
2/8/26 9:00,23 St-Baruch College (6),Metrocard - Other,1,0
2/8/26 9:00,23 St-Baruch College (6),OMNY - Seniors & Disability,9,2
2/8/26 9:00,23 St-Baruch College (6),OMNY - Students,4,0
2/8/26 9:00,23 St-Baruch College (6),OMNY - Full Fare,238,6
2/8/26 9:00,23 St-Baruch College (6),OMNY - Fair Fare,1,0
2/8/26 8:00,23 St-Baruch College (6),OMNY - Other,2,0
2/8/26 8:00,23 St-Baruch College (6),Metrocard - Unlimited 30-Day,1,0
2/8/26 8:00,23 St-Baruch College (6),OMNY - Seniors & Disability,5,1
2/8/26 8:00,23 St-Baruch College (6),OMNY - Fair Fare,3,0
2/8/26 8:00,23 St-Baruch College (6),Metrocard - Unlimited 7-Day,1,0
2/8/26 8:00,23 St-Baruch College (6),OMNY - Full Fare,95,7
2/8/26 7:00,23 St-Baruch College (6),OMNY - Students,2,0
2/8/26 7:00,23 St-Baruch College (6),OMNY - Full Fare,88,2
2/8/26 7:00,23 St-Baruch College (6),OMNY - Fair Fare,1,0
2/8/26 7:00,23 St-Baruch College (6),Metrocard - Other,3,0
2/8/26 7:00,23 St-Baruch College (6),OMNY - Seniors & Disability,8,2
2/8/26 6:00,23 St-Baruch College (6),OMNY - Students,5,0
2/8/26 6:00,23 St-Baruch College (6),Metrocard - Other,2,0
2/8/26 6:00,23 St-Baruch College (6),OMNY - Full Fare,38,2
2/8/26 6:00,23 St-Baruch College (6),OMNY - Fair Fare,1,0
2/8/26 5:00,23 St-Baruch College (6),OMNY - Fair Fare,2,0
2/8/26 5:00,23 St-Baruch College (6),Metrocard - Other,2,0
2/8/26 5:00,23 St-Baruch College (6),OMNY - Other,2,0
2/8/26 5:00,23 St-Baruch College (6),OMNY - Full Fare,8,0
2/8/26 4:00,23 St-Baruch College (6),Metrocard - Other,1,0
2/8/26 4:00,23 St-Baruch College (6),OMNY - Students,1,0
2/8/26 4:00,23 St-Baruch College (6),OMNY - Full Fare,15,0
2/8/26 3:00,23 St-Baruch College (6),OMNY - Full Fare,16,0
2/8/26 3:00,23 St-Baruch College (6),Metrocard - Other,1,0
2/8/26 2:00,23 St-Baruch College (6),OMNY - Full Fare,23,0
2/8/26 2:00,23 St-Baruch College (6),OMNY - Students,2,0
2/8/26 2:00,23 St-Baruch College (6),OMNY - Fair Fare,3,0
2/8/26 1:00,23 St-Baruch College (6),OMNY - Fair Fare,2,0
2/8/26 1:00,23 St-Baruch College (6),OMNY - Full Fare,66,0
2/8/26 1:00,23 St-Baruch College (6),OMNY - Students,4,0
2/8/26 1:00,23 St-Baruch College (6),OMNY - Other,2,0
2/8/26 0:00,23 St-Baruch College (6),OMNY - Seniors & Disability,6,0
2/8/26 0:00,23 St-Baruch College (6),OMNY - Other,3,0
2/8/26 0:00,23 St-Baruch College (6),OMNY - Full Fare,139,3
2/8/26 0:00,23 St-Baruch College (6),OMNY - Students,6,1
2/8/26 0:00,23 St-Baruch College (6),OMNY - Fair Fare,3,0
2/7/26 23:00,23 St-Baruch College (6),Metrocard - Other,1,0
2/7/26 23:00,23 St-Baruch College (6),OMNY - Other,4,0
2/7/26 23:00,23 St-Baruch College (6),OMNY - Full Fare,331,11
2/7/26 23:00,23 St-Baruch College (6),Metrocard - Full Fare,1,0
2/7/26 23:00,23 St-Baruch College (6),OMNY - Students,4,0
2/7/26 23:00,23 St-Baruch College (6),OMNY - Seniors & Disability,5,0
2/7/26 23:00,23 St-Baruch College (6),OMNY - Fair Fare,8,0
2/7/26 22:00,23 St-Baruch College (6),OMNY - Students,10,0
2/7/26 22:00,23 St-Baruch College (6),Metrocard - Unlimited 30-Day,1,0
2/7/26 22:00,23 St-Baruch College (6),OMNY - Full Fare,306,4
2/7/26 22:00,23 St-Baruch College (6),OMNY - Fair Fare,12,0
2/7/26 22:00,23 St-Baruch College (6),OMNY - Other,5,0
2/7/26 22:00,23 St-Baruch College (6),Metrocard - Other,1,0
2/7/26 22:00,23 St-Baruch College (6),OMNY - Seniors & Disability,8,1
2/7/26 21:00,23 St-Baruch College (6),OMNY - Other,2,0
2/7/26 21:00,23 St-Baruch College (6),OMNY - Full Fare,349,5
2/7/26 21:00,23 St-Baruch College (6),OMNY - Fair Fare,5,0
2/7/26 21:00,23 St-Baruch College (6),Metrocard - Other,1,0
2/7/26 21:00,23 St-Baruch College (6),Metrocard - Unlimited 30-Day,1,0
2/7/26 21:00,23 St-Baruch College (6),OMNY - Students,9,0
2/7/26 21:00,23 St-Baruch College (6),OMNY - Seniors & Disability,9,0
2/7/26 20:00,23 St-Baruch College (6),OMNY - Full Fare,404,2
2/7/26 20:00,23 St-Baruch College (6),Metrocard - Other,1,0
2/7/26 20:00,23 St-Baruch College (6),OMNY - Other,4,0
2/7/26 20:00,23 St-Baruch College (6),OMNY - Students,10,1
2/7/26 20:00,23 St-Baruch College (6),OMNY - Fair Fare,15,1
2/7/26 20:00,23 St-Baruch College (6),OMNY - Seniors & Disability,10,1
2/7/26 20:00,23 St-Baruch College (6),Metrocard - Unlimited 30-Day,1,0
2/7/26 19:00,23 St-Baruch College (6),OMNY - Other,4,0
2/7/26 19:00,23 St-Baruch College (6),OMNY - Fair Fare,16,0
2/7/26 19:00,23 St-Baruch College (6),OMNY - Full Fare,573,12
2/7/26 19:00,23 St-Baruch College (6),Metrocard - Unlimited 30-Day,1,0
2/7/26 19:00,23 St-Baruch College (6),OMNY - Seniors & Disability,15,0
2/7/26 19:00,23 St-Baruch College (6),OMNY - Students,23,0
2/7/26 19:00,23 St-Baruch College (6),Metrocard - Other,1,0
2/7/26 18:00,23 St-Baruch College (6),OMNY - Full Fare,649,12
2/7/26 18:00,23 St-Baruch College (6),OMNY - Seniors & Disability,26,2
2/7/26 18:00,23 St-Baruch College (6),OMNY - Fair Fare,15,1
2/7/26 18:00,23 St-Baruch College (6),Metrocard - Unlimited 30-Day,2,0
2/7/26 18:00,23 St-Baruch College (6),Metrocard - Full Fare,2,0
2/7/26 18:00,23 St-Baruch College (6),OMNY - Other,11,0
2/7/26 18:00,23 St-Baruch College (6),OMNY - Students,21,1
2/7/26 17:00,23 St-Baruch College (6),OMNY - Other,10,0
2/7/26 17:00,23 St-Baruch College (6),Metrocard - Other,2,0
2/7/26 17:00,23 St-Baruch College (6),OMNY - Fair Fare,28,2
2/7/26 17:00,23 St-Baruch College (6),OMNY - Students,34,0
2/7/26 17:00,23 St-Baruch College (6),OMNY - Seniors & Disability,34,0
2/7/26 17:00,23 St-Baruch College (6),OMNY - Full Fare,744,23
2/7/26 16:00,23 St-Baruch College (6),OMNY - Students,38,4
2/7/26 16:00,23 St-Baruch College (6),OMNY - Seniors & Disability,25,2
2/7/26 16:00,23 St-Baruch College (6),Metrocard - Other,3,0
2/7/26 16:00,23 St-Baruch College (6),OMNY - Full Fare,860,18
2/7/26 16:00,23 St-Baruch College (6),Metrocard - Unlimited 30-Day,2,0
2/7/26 16:00,23 St-Baruch College (6),OMNY - Other,11,0
2/7/26 16:00,23 St-Baruch College (6),OMNY - Fair Fare,25,1
2/7/26 15:00,23 St-Baruch College (6),OMNY - Full Fare,854,20
2/7/26 15:00,23 St-Baruch College (6),Metrocard - Unlimited 7-Day,2,0
2/7/26 15:00,23 St-Baruch College (6),Metrocard - Unlimited 30-Day,2,0
2/7/26 15:00,23 St-Baruch College (6),OMNY - Students,36,0
2/7/26 15:00,23 St-Baruch College (6),Metrocard - Other,5,0
2/7/26 15:00,23 St-Baruch College (6),OMNY - Other,7,0
2/7/26 15:00,23 St-Baruch College (6),OMNY - Seniors & Disability,24,2
2/7/26 15:00,23 St-Baruch College (6),OMNY - Fair Fare,39,1
2/7/26 14:00,23 St-Baruch College (6),Metrocard - Seniors & Disability,2,0
2/7/26 14:00,23 St-Baruch College (6),Metrocard - Unlimited 30-Day,2,0
2/7/26 14:00,23 St-Baruch College (6),Metrocard - Other,1,0
2/7/26 14:00,23 St-Baruch College (6),OMNY - Other,5,0
2/7/26 14:00,23 St-Baruch College (6),OMNY - Full Fare,925,18
2/7/26 14:00,23 St-Baruch College (6),OMNY - Fair Fare,44,5
2/7/26 14:00,23 St-Baruch College (6),OMNY - Students,108,0
2/7/26 14:00,23 St-Baruch College (6),OMNY - Seniors & Disability,28,4
2/7/26 13:00,23 St-Baruch College (6),OMNY - Students,81,2
2/7/26 13:00,23 St-Baruch College (6),OMNY - Fair Fare,38,2
2/7/26 13:00,23 St-Baruch College (6),Metrocard - Other,2,0
2/7/26 13:00,23 St-Baruch College (6),OMNY - Other,24,0
2/7/26 13:00,23 St-Baruch College (6),OMNY - Full Fare,862,13
2/7/26 13:00,23 St-Baruch College (6),OMNY - Seniors & Disability,27,2
2/7/26 12:00,23 St-Baruch College (6),OMNY - Full Fare,808,19
2/7/26 12:00,23 St-Baruch College (6),OMNY - Other,10,0
2/7/26 12:00,23 St-Baruch College (6),OMNY - Fair Fare,15,0
2/7/26 12:00,23 St-Baruch College (6),OMNY - Students,35,0
2/7/26 12:00,23 St-Baruch College (6),Metrocard - Other,7,0
2/7/26 12:00,23 St-Baruch College (6),OMNY - Seniors & Disability,27,4
2/7/26 11:00,23 St-Baruch College (6),Metrocard - Unlimited 30-Day,1,0
2/7/26 11:00,23 St-Baruch College (6),OMNY - Fair Fare,12,0
2/7/26 11:00,23 St-Baruch College (6),OMNY - Other,8,0
2/7/26 11:00,23 St-Baruch College (6),OMNY - Students,29,1
2/7/26 11:00,23 St-Baruch College (6),OMNY - Seniors & Disability,23,2
2/7/26 11:00,23 St-Baruch College (6),OMNY - Full Fare,634,18
2/7/26 10:00,23 St-Baruch College (6),OMNY - Fair Fare,6,0
2/7/26 10:00,23 St-Baruch College (6),OMNY - Other,7,0
2/7/26 10:00,23 St-Baruch College (6),OMNY - Students,24,1
2/7/26 10:00,23 St-Baruch College (6),OMNY - Full Fare,469,21
2/7/26 10:00,23 St-Baruch College (6),OMNY - Seniors & Disability,11,1
2/7/26 9:00,23 St-Baruch College (6),OMNY - Full Fare,293,12
2/7/26 9:00,23 St-Baruch College (6),OMNY - Other,3,0
2/7/26 9:00,23 St-Baruch College (6),OMNY - Seniors & Disability,12,1
2/7/26 9:00,23 St-Baruch College (6),Metrocard - Other,2,0
2/7/26 9:00,23 St-Baruch College (6),OMNY - Fair Fare,3,0
2/7/26 9:00,23 St-Baruch College (6),OMNY - Students,16,0
2/7/26 8:00,23 St-Baruch College (6),OMNY - Seniors & Disability,9,1
2/7/26 8:00,23 St-Baruch College (6),OMNY - Other,11,0
2/7/26 8:00,23 St-Baruch College (6),OMNY - Students,2,0
2/7/26 8:00,23 St-Baruch College (6),OMNY - Full Fare,150,9
2/7/26 8:00,23 St-Baruch College (6),OMNY - Fair Fare,6,0
2/7/26 7:00,23 St-Baruch College (6),OMNY - Fair Fare,6,1
2/7/26 7:00,23 St-Baruch College (6),OMNY - Students,6,1
2/7/26 7:00,23 St-Baruch College (6),OMNY - Seniors & Disability,11,3
2/7/26 7:00,23 St-Baruch College (6),OMNY - Other,3,0
2/7/26 7:00,23 St-Baruch College (6),OMNY - Full Fare,87,9
2/7/26 6:00,23 St-Baruch College (6),Metrocard - Other,2,0
2/7/26 6:00,23 St-Baruch College (6),OMNY - Full Fare,66,0
2/7/26 6:00,23 St-Baruch College (6),OMNY - Fair Fare,1,0
2/7/26 6:00,23 St-Baruch College (6),OMNY - Seniors & Disability,2,0
2/7/26 6:00,23 St-Baruch College (6),OMNY - Students,4,0
2/7/26 5:00,23 St-Baruch College (6),Metrocard - Unlimited 30-Day,1,0
2/7/26 5:00,23 St-Baruch College (6),OMNY - Fair Fare,1,0
2/7/26 5:00,23 St-Baruch College (6),OMNY - Full Fare,15,1
2/7/26 5:00,23 St-Baruch College (6),OMNY - Other,2,0
2/7/26 4:00,23 St-Baruch College (6),Metrocard - Other,1,0
2/7/26 4:00,23 St-Baruch College (6),OMNY - Fair Fare,1,0
2/7/26 4:00,23 St-Baruch College (6),OMNY - Full Fare,20,1
2/7/26 4:00,23 St-Baruch College (6),OMNY - Seniors & Disability,2,0
2/7/26 3:00,23 St-Baruch College (6),OMNY - Fair Fare,5,0
2/7/26 3:00,23 St-Baruch College (6),OMNY - Full Fare,37,0
2/7/26 3:00,23 St-Baruch College (6),OMNY - Seniors & Disability,1,0
2/7/26 3:00,23 St-Baruch College (6),Metrocard - Other,3,0
2/7/26 3:00,23 St-Baruch College (6),OMNY - Other,1,0
2/7/26 3:00,23 St-Baruch College (6),OMNY - Students,1,0
2/7/26 2:00,23 St-Baruch College (6),OMNY - Seniors & Disability,1,0
2/7/26 2:00,23 St-Baruch College (6),OMNY - Fair Fare,2,0
2/7/26 2:00,23 St-Baruch College (6),OMNY - Full Fare,41,1
2/7/26 1:00,23 St-Baruch College (6),OMNY - Students,1,0
2/7/26 1:00,23 St-Baruch College (6),OMNY - Seniors & Disability,1,0
2/7/26 1:00,23 St-Baruch College (6),OMNY - Full Fare,148,0
2/7/26 1:00,23 St-Baruch College (6),OMNY - Fair Fare,4,0
2/7/26 0:00,23 St-Baruch College (6),Metrocard - Full Fare,1,0
2/7/26 0:00,23 St-Baruch College (6),OMNY - Full Fare,218,3
2/7/26 0:00,23 St-Baruch College (6),OMNY - Students,6,0
2/7/26 0:00,23 St-Baruch College (6),Metrocard - Other,2,0
2/7/26 0:00,23 St-Baruch College (6),OMNY - Fair Fare,9,0
2/7/26 0:00,23 St-Baruch College (6),OMNY - Seniors & Disability,3,1
2/7/26 0:00,23 St-Baruch College (6),OMNY - Other,4,0
2/6/26 23:00,23 St-Baruch College (6),OMNY - Seniors & Disability,6,1
2/6/26 23:00,23 St-Baruch College (6),Metrocard - Full Fare,1,0
2/6/26 23:00,23 St-Baruch College (6),OMNY - Full Fare,432,6
2/6/26 23:00,23 St-Baruch College (6),Metrocard - Unlimited 30-Day,1,0
2/6/26 23:00,23 St-Baruch College (6),OMNY - Other,4,0
2/6/26 23:00,23 St-Baruch College (6),Metrocard - Other,2,0
2/6/26 23:00,23 St-Baruch College (6),OMNY - Students,9,0
2/6/26 23:00,23 St-Baruch College (6),OMNY - Fair Fare,11,0
2/6/26 22:00,23 St-Baruch College (6),OMNY - Other,16,0
2/6/26 22:00,23 St-Baruch College (6),OMNY - Full Fare,453,14
2/6/26 22:00,23 St-Baruch College (6),OMNY - Fair Fare,21,0
2/6/26 22:00,23 St-Baruch College (6),Metrocard - Other,2,0
2/6/26 22:00,23 St-Baruch College (6),OMNY - Students,14,0
2/6/26 22:00,23 St-Baruch College (6),OMNY - Seniors & Disability,16,0
2/6/26 21:00,23 St-Baruch College (6),OMNY - Fair Fare,15,0
2/6/26 21:00,23 St-Baruch College (6),OMNY - Full Fare,537,9
2/6/26 21:00,23 St-Baruch College (6),OMNY - Other,8,0
2/6/26 21:00,23 St-Baruch College (6),OMNY - Seniors & Disability,20,0
2/6/26 21:00,23 St-Baruch College (6),Metrocard - Other,3,0
2/6/26 21:00,23 St-Baruch College (6),OMNY - Students,17,0
2/6/26 20:00,23 St-Baruch College (6),OMNY - Other,14,0
2/6/26 20:00,23 St-Baruch College (6),OMNY - Fair Fare,41,0
2/6/26 20:00,23 St-Baruch College (6),OMNY - Full Fare,720,11
2/6/26 20:00,23 St-Baruch College (6),OMNY - Students,46,0
2/6/26 20:00,23 St-Baruch College (6),Metrocard - Other,5,0
2/6/26 20:00,23 St-Baruch College (6),Metrocard - Unlimited 30-Day,6,0
2/6/26 20:00,23 St-Baruch College (6),OMNY - Seniors & Disability,43,8
2/6/26 19:00,23 St-Baruch College (6),OMNY - Fair Fare,49,0
2/6/26 19:00,23 St-Baruch College (6),Metrocard - Other,5,0
2/6/26 19:00,23 St-Baruch College (6),OMNY - Seniors & Disability,31,3
2/6/26 19:00,23 St-Baruch College (6),OMNY - Students,40,0
2/6/26 19:00,23 St-Baruch College (6),OMNY - Full Fare,949,24
2/6/26 19:00,23 St-Baruch College (6),OMNY - Other,11,0
2/6/26 19:00,23 St-Baruch College (6),Metrocard - Unlimited 30-Day,2,0
2/6/26 18:00,23 St-Baruch College (6),OMNY - Other,13,0
2/6/26 18:00,23 St-Baruch College (6),Metrocard - Unlimited 30-Day,1,0
2/6/26 18:00,23 St-Baruch College (6),OMNY - Students,61,1
2/6/26 18:00,23 St-Baruch College (6),OMNY - Fair Fare,51,3
2/6/26 18:00,23 St-Baruch College (6),Metrocard - Full Fare,1,0
2/6/26 18:00,23 St-Baruch College (6),OMNY - Full Fare,"1,389",30
2/6/26 18:00,23 St-Baruch College (6),Metrocard - Other,5,1
2/6/26 18:00,23 St-Baruch College (6),OMNY - Seniors & Disability,58,4
2/6/26 17:00,23 St-Baruch College (6),Metrocard - Unlimited 30-Day,2,0
2/6/26 17:00,23 St-Baruch College (6),OMNY - Other,8,0
2/6/26 17:00,23 St-Baruch College (6),OMNY - Students,122,3
2/6/26 17:00,23 St-Baruch College (6),Metrocard - Unlimited 7-Day,1,0
2/6/26 17:00,23 St-Baruch College (6),OMNY - Seniors & Disability,94,10
2/6/26 17:00,23 St-Baruch College (6),OMNY - Fair Fare,85,1
2/6/26 17:00,23 St-Baruch College (6),OMNY - Full Fare,"1,769",35
2/6/26 17:00,23 St-Baruch College (6),Metrocard - Other,4,0
2/6/26 16:00,23 St-Baruch College (6),OMNY - Full Fare,"1,727",45
2/6/26 16:00,23 St-Baruch College (6),OMNY - Other,20,0
2/6/26 16:00,23 St-Baruch College (6),Metrocard - Unlimited 7-Day,2,0
2/6/26 16:00,23 St-Baruch College (6),OMNY - Seniors & Disability,109,11
2/6/26 16:00,23 St-Baruch College (6),Metrocard - Unlimited 30-Day,1,0
2/6/26 16:00,23 St-Baruch College (6),OMNY - Fair Fare,89,2
2/6/26 16:00,23 St-Baruch College (6),Metrocard - Other,9,0
2/6/26 16:00,23 St-Baruch College (6),OMNY - Students,148,4
2/6/26 15:00,23 St-Baruch College (6),OMNY - Full Fare,"1,577",36
2/6/26 15:00,23 St-Baruch College (6),OMNY - Seniors & Disability,106,9
2/6/26 15:00,23 St-Baruch College (6),Metrocard - Unlimited 7-Day,3,0
2/6/26 15:00,23 St-Baruch College (6),Metrocard - Other,5,0
2/6/26 15:00,23 St-Baruch College (6),Metrocard - Unlimited 30-Day,4,0
2/6/26 15:00,23 St-Baruch College (6),OMNY - Other,17,0
2/6/26 15:00,23 St-Baruch College (6),OMNY - Students,227,3
2/6/26 15:00,23 St-Baruch College (6),OMNY - Fair Fare,86,1
2/6/26 15:00,23 St-Baruch College (6),Metrocard - Full Fare,3,0
2/6/26 14:00,23 St-Baruch College (6),Metrocard - Unlimited 30-Day,2,0
2/6/26 14:00,23 St-Baruch College (6),Metrocard - Full Fare,1,0
2/6/26 14:00,23 St-Baruch College (6),OMNY - Students,340,1
2/6/26 14:00,23 St-Baruch College (6),OMNY - Seniors & Disability,98,17
2/6/26 14:00,23 St-Baruch College (6),Metrocard - Other,9,0
2/6/26 14:00,23 St-Baruch College (6),OMNY - Other,23,0
2/6/26 14:00,23 St-Baruch College (6),OMNY - Fair Fare,91,1
2/6/26 14:00,23 St-Baruch College (6),OMNY - Full Fare,"1,267",28
2/6/26 13:00,23 St-Baruch College (6),Metrocard - Unlimited 30-Day,1,0
2/6/26 13:00,23 St-Baruch College (6),OMNY - Students,66,0
2/6/26 13:00,23 St-Baruch College (6),Metrocard - Seniors & Disability,2,0
2/6/26 13:00,23 St-Baruch College (6),Metrocard - Unlimited 7-Day,1,0
2/6/26 13:00,23 St-Baruch College (6),Metrocard - Other,8,0
2/6/26 13:00,23 St-Baruch College (6),OMNY - Seniors & Disability,76,7
2/6/26 13:00,23 St-Baruch College (6),OMNY - Other,5,0
2/6/26 13:00,23 St-Baruch College (6),OMNY - Fair Fare,41,2
2/6/26 13:00,23 St-Baruch College (6),OMNY - Full Fare,836,18
2/6/26 12:00,23 St-Baruch College (6),OMNY - Students,68,1
2/6/26 12:00,23 St-Baruch College (6),Metrocard - Other,6,0
2/6/26 12:00,23 St-Baruch College (6),Metrocard - Unlimited 30-Day,3,0
2/6/26 12:00,23 St-Baruch College (6),OMNY - Fair Fare,58,0
2/6/26 12:00,23 St-Baruch College (6),OMNY - Full Fare,929,14
2/6/26 12:00,23 St-Baruch College (6),OMNY - Seniors & Disability,78,6
2/6/26 12:00,23 St-Baruch College (6),Metrocard - Full Fare,1,0
2/6/26 12:00,23 St-Baruch College (6),OMNY - Other,13,0
2/6/26 11:00,23 St-Baruch College (6),OMNY - Full Fare,671,17
2/6/26 11:00,23 St-Baruch College (6),Metrocard - Other,3,0
2/6/26 11:00,23 St-Baruch College (6),OMNY - Seniors & Disability,55,4
2/6/26 11:00,23 St-Baruch College (6),OMNY - Students,51,0
2/6/26 11:00,23 St-Baruch College (6),OMNY - Fair Fare,29,0
2/6/26 11:00,23 St-Baruch College (6),OMNY - Other,5,0
2/6/26 10:00,23 St-Baruch College (6),Metrocard - Other,4,0
2/6/26 10:00,23 St-Baruch College (6),OMNY - Fair Fare,26,2
2/6/26 10:00,23 St-Baruch College (6),OMNY - Seniors & Disability,54,6
2/6/26 10:00,23 St-Baruch College (6),OMNY - Students,15,1
2/6/26 10:00,23 St-Baruch College (6),OMNY - Full Fare,555,32
2/6/26 10:00,23 St-Baruch College (6),Metrocard - Full Fare,1,0
2/6/26 9:00,23 St-Baruch College (6),OMNY - Seniors & Disability,40,7
2/6/26 9:00,23 St-Baruch College (6),OMNY - Full Fare,751,48
2/6/26 9:00,23 St-Baruch College (6),OMNY - Other,2,0
2/6/26 9:00,23 St-Baruch College (6),OMNY - Fair Fare,14,2
2/6/26 9:00,23 St-Baruch College (6),OMNY - Students,24,0
2/6/26 9:00,23 St-Baruch College (6),Metrocard - Other,3,0
2/6/26 8:00,23 St-Baruch College (6),Metrocard - Other,1,0
2/6/26 8:00,23 St-Baruch College (6),OMNY - Fair Fare,14,0
2/6/26 8:00,23 St-Baruch College (6),Metrocard - Unlimited 30-Day,1,0
2/6/26 8:00,23 St-Baruch College (6),OMNY - Full Fare,"1,008",81
2/6/26 8:00,23 St-Baruch College (6),OMNY - Seniors & Disability,29,8
2/6/26 8:00,23 St-Baruch College (6),Metrocard - Full Fare,1,0
2/6/26 8:00,23 St-Baruch College (6),OMNY - Other,6,0
2/6/26 8:00,23 St-Baruch College (6),OMNY - Students,44,5
2/6/26 7:00,23 St-Baruch College (6),OMNY - Seniors & Disability,27,6
2/6/26 7:00,23 St-Baruch College (6),OMNY - Full Fare,547,104
2/6/26 7:00,23 St-Baruch College (6),OMNY - Students,78,7
2/6/26 7:00,23 St-Baruch College (6),Metrocard - Unlimited 30-Day,1,0
2/6/26 7:00,23 St-Baruch College (6),OMNY - Other,6,0
2/6/26 7:00,23 St-Baruch College (6),OMNY - Fair Fare,6,0
2/6/26 7:00,23 St-Baruch College (6),Metrocard - Other,5,0
2/6/26 6:00,23 St-Baruch College (6),OMNY - Students,7,0
2/6/26 6:00,23 St-Baruch College (6),OMNY - Full Fare,190,46
2/6/26 6:00,23 St-Baruch College (6),OMNY - Other,1,0
2/6/26 6:00,23 St-Baruch College (6),OMNY - Fair Fare,6,0
2/6/26 6:00,23 St-Baruch College (6),OMNY - Seniors & Disability,12,3
2/6/26 6:00,23 St-Baruch College (6),Metrocard - Other,4,0
2/6/26 5:00,23 St-Baruch College (6),OMNY - Seniors & Disability,3,3
2/6/26 5:00,23 St-Baruch College (6),OMNY - Students,1,0
2/6/26 5:00,23 St-Baruch College (6),OMNY - Fair Fare,3,0
2/6/26 5:00,23 St-Baruch College (6),OMNY - Full Fare,43,18
2/6/26 4:00,23 St-Baruch College (6),OMNY - Students,2,0
2/6/26 4:00,23 St-Baruch College (6),OMNY - Fair Fare,1,0
2/6/26 4:00,23 St-Baruch College (6),OMNY - Full Fare,11,0
2/6/26 4:00,23 St-Baruch College (6),Metrocard - Other,1,0
2/6/26 3:00,23 St-Baruch College (6),OMNY - Full Fare,13,0
2/6/26 3:00,23 St-Baruch College (6),Metrocard - Other,1,0
2/6/26 3:00,23 St-Baruch College (6),OMNY - Fair Fare,1,0
2/6/26 3:00,23 St-Baruch College (6),OMNY - Seniors & Disability,1,0
2/6/26 2:00,23 St-Baruch College (6),OMNY - Fair Fare,1,0
2/6/26 2:00,23 St-Baruch College (6),OMNY - Seniors & Disability,1,0
2/6/26 2:00,23 St-Baruch College (6),OMNY - Full Fare,20,0
2/6/26 1:00,23 St-Baruch College (6),OMNY - Full Fare,54,1
2/6/26 1:00,23 St-Baruch College (6),OMNY - Fair Fare,2,0
2/6/26 1:00,23 St-Baruch College (6),OMNY - Seniors & Disability,1,0
2/6/26 1:00,23 St-Baruch College (6),OMNY - Other,5,0
2/6/26 1:00,23 St-Baruch College (6),OMNY - Students,1,0
2/6/26 0:00,23 St-Baruch College (6),OMNY - Students,3,0
2/6/26 0:00,23 St-Baruch College (6),OMNY - Seniors & Disability,8,0
2/6/26 0:00,23 St-Baruch College (6),OMNY - Full Fare,131,2
2/6/26 0:00,23 St-Baruch College (6),Metrocard - Other,1,0
2/6/26 0:00,23 St-Baruch College (6),OMNY - Fair Fare,15,0
2/6/26 0:00,23 St-Baruch College (6),OMNY - Other,1,0
2/5/26 23:00,23 St-Baruch College (6),OMNY - Other,2,0
2/5/26 23:00,23 St-Baruch College (6),Metrocard - Other,4,0
2/5/26 23:00,23 St-Baruch College (6),OMNY - Seniors & Disability,10,0
2/5/26 23:00,23 St-Baruch College (6),OMNY - Students,15,0
2/5/26 23:00,23 St-Baruch College (6),OMNY - Full Fare,280,5
2/5/26 23:00,23 St-Baruch College (6),OMNY - Fair Fare,9,0
2/5/26 23:00,23 St-Baruch College (6),Metrocard - Unlimited 30-Day,1,0
2/5/26 22:00,23 St-Baruch College (6),OMNY - Full Fare,522,9
2/5/26 22:00,23 St-Baruch College (6),Metrocard - Other,1,0
2/5/26 22:00,23 St-Baruch College (6),Metrocard - Unlimited 30-Day,1,0
2/5/26 22:00,23 St-Baruch College (6),OMNY - Seniors & Disability,17,0
2/5/26 22:00,23 St-Baruch College (6),OMNY - Students,15,0
2/5/26 22:00,23 St-Baruch College (6),OMNY - Other,2,0
2/5/26 22:00,23 St-Baruch College (6),OMNY - Fair Fare,25,0
2/5/26 21:00,23 St-Baruch College (6),OMNY - Full Fare,952,8
2/5/26 21:00,23 St-Baruch College (6),OMNY - Other,10,0
2/5/26 21:00,23 St-Baruch College (6),Metrocard - Other,5,0
2/5/26 21:00,23 St-Baruch College (6),OMNY - Students,53,0
2/5/26 21:00,23 St-Baruch College (6),OMNY - Fair Fare,60,0
2/5/26 21:00,23 St-Baruch College (6),Metrocard - Unlimited 30-Day,2,0
2/5/26 21:00,23 St-Baruch College (6),OMNY - Seniors & Disability,35,2
2/5/26 20:00,23 St-Baruch College (6),OMNY - Students,70,0
2/5/26 20:00,23 St-Baruch College (6),Metrocard - Full Fare,1,0
2/5/26 20:00,23 St-Baruch College (6),OMNY - Fair Fare,115,1
2/5/26 20:00,23 St-Baruch College (6),Metrocard - Other,9,0
2/5/26 20:00,23 St-Baruch College (6),Metrocard - Unlimited 30-Day,4,0
2/5/26 20:00,23 St-Baruch College (6),Metrocard - Unlimited 7-Day,2,0
2/5/26 20:00,23 St-Baruch College (6),OMNY - Seniors & Disability,44,2
2/5/26 20:00,23 St-Baruch College (6),OMNY - Other,16,0
2/5/26 20:00,23 St-Baruch College (6),OMNY - Full Fare,"1,392",16
2/5/26 19:00,23 St-Baruch College (6),Metrocard - Unlimited 30-Day,2,0
2/5/26 19:00,23 St-Baruch College (6),OMNY - Students,125,2
2/5/26 19:00,23 St-Baruch College (6),OMNY - Fair Fare,117,0
2/5/26 19:00,23 St-Baruch College (6),OMNY - Seniors & Disability,64,3
2/5/26 19:00,23 St-Baruch College (6),OMNY - Full Fare,"1,689",15
2/5/26 19:00,23 St-Baruch College (6),Metrocard - Unlimited 7-Day,1,0
2/5/26 19:00,23 St-Baruch College (6),OMNY - Other,19,0
2/5/26 19:00,23 St-Baruch College (6),Metrocard - Other,7,0
2/5/26 18:00,23 St-Baruch College (6),OMNY - Students,127,0
2/5/26 18:00,23 St-Baruch College (6),Metrocard - Unlimited 30-Day,2,0
2/5/26 18:00,23 St-Baruch College (6),OMNY - Seniors & Disability,84,2
2/5/26 18:00,23 St-Baruch College (6),Metrocard - Other,6,0
2/5/26 18:00,23 St-Baruch College (6),OMNY - Fair Fare,79,0
2/5/26 18:00,23 St-Baruch College (6),OMNY - Full Fare,"2,085",42
2/5/26 18:00,23 St-Baruch College (6),OMNY - Other,25,0
2/5/26 17:00,23 St-Baruch College (6),OMNY - Fair Fare,140,2
2/5/26 17:00,23 St-Baruch College (6),OMNY - Students,258,4
2/5/26 17:00,23 St-Baruch College (6),Metrocard - Unlimited 30-Day,7,0
2/5/26 17:00,23 St-Baruch College (6),Metrocard - Other,8,0
2/5/26 17:00,23 St-Baruch College (6),OMNY - Other,32,0
2/5/26 17:00,23 St-Baruch College (6),Metrocard - Unlimited 7-Day,3,0
2/5/26 17:00,23 St-Baruch College (6),OMNY - Seniors & Disability,133,6
2/5/26 17:00,23 St-Baruch College (6),OMNY - Full Fare,"2,826",40
2/5/26 16:00,23 St-Baruch College (6),Metrocard - Unlimited 30-Day,2,0
2/5/26 16:00,23 St-Baruch College (6),OMNY - Other,23,0
2/5/26 16:00,23 St-Baruch College (6),Metrocard - Full Fare,1,0
2/5/26 16:00,23 St-Baruch College (6),OMNY - Full Fare,"2,209",48
2/5/26 16:00,23 St-Baruch College (6),Metrocard - Unlimited 7-Day,1,0
2/5/26 16:00,23 St-Baruch College (6),Metrocard - Other,7,0
2/5/26 16:00,23 St-Baruch College (6),OMNY - Students,251,3
2/5/26 16:00,23 St-Baruch College (6),OMNY - Seniors & Disability,150,10
2/5/26 16:00,23 St-Baruch College (6),OMNY - Fair Fare,143,4
2/5/26 15:00,23 St-Baruch College (6),OMNY - Students,413,5
2/5/26 15:00,23 St-Baruch College (6),Metrocard - Other,6,2
2/5/26 15:00,23 St-Baruch College (6),Metrocard - Seniors & Disability,2,0
2/5/26 15:00,23 St-Baruch College (6),OMNY - Fair Fare,111,3
2/5/26 15:00,23 St-Baruch College (6),OMNY - Other,17,0
2/5/26 15:00,23 St-Baruch College (6),Metrocard - Unlimited 30-Day,4,0
2/5/26 15:00,23 St-Baruch College (6),Metrocard - Full Fare,1,0
2/5/26 15:00,23 St-Baruch College (6),Metrocard - Unlimited 7-Day,3,0
2/5/26 15:00,23 St-Baruch College (6),OMNY - Seniors & Disability,112,7
2/5/26 15:00,23 St-Baruch College (6),OMNY - Full Fare,"1,704",21
2/5/26 14:00,23 St-Baruch College (6),OMNY - Other,12,0
2/5/26 14:00,23 St-Baruch College (6),Metrocard - Other,6,0
2/5/26 14:00,23 St-Baruch College (6),OMNY - Students,166,0
2/5/26 14:00,23 St-Baruch College (6),OMNY - Seniors & Disability,95,5
2/5/26 14:00,23 St-Baruch College (6),OMNY - Full Fare,"1,079",28
2/5/26 14:00,23 St-Baruch College (6),OMNY - Fair Fare,73,2
2/5/26 14:00,23 St-Baruch College (6),Metrocard - Unlimited 30-Day,6,0
2/5/26 13:00,23 St-Baruch College (6),Metrocard - Unlimited 7-Day,2,0
2/5/26 13:00,23 St-Baruch College (6),OMNY - Students,53,1
2/5/26 13:00,23 St-Baruch College (6),OMNY - Full Fare,824,18
2/5/26 13:00,23 St-Baruch College (6),Metrocard - Full Fare,1,0
2/5/26 13:00,23 St-Baruch College (6),OMNY - Seniors & Disability,108,9
2/5/26 13:00,23 St-Baruch College (6),OMNY - Fair Fare,39,1
2/5/26 13:00,23 St-Baruch College (6),Metrocard - Seniors & Disability,1,0
2/5/26 13:00,23 St-Baruch College (6),Metrocard - Unlimited 30-Day,2,0
2/5/26 13:00,23 St-Baruch College (6),OMNY - Other,8,0
2/5/26 13:00,23 St-Baruch College (6),Metrocard - Other,4,0
2/5/26 12:00,23 St-Baruch College (6),OMNY - Seniors & Disability,82,14
2/5/26 12:00,23 St-Baruch College (6),OMNY - Fair Fare,77,1
2/5/26 12:00,23 St-Baruch College (6),OMNY - Other,12,0
2/5/26 12:00,23 St-Baruch College (6),OMNY - Full Fare,"1,174",21
2/5/26 12:00,23 St-Baruch College (6),Metrocard - Other,5,0
2/5/26 12:00,23 St-Baruch College (6),OMNY - Students,98,1
2/5/26 11:00,23 St-Baruch College (6),OMNY - Other,14,0
2/5/26 11:00,23 St-Baruch College (6),OMNY - Full Fare,796,20
2/5/26 11:00,23 St-Baruch College (6),OMNY - Fair Fare,48,0
2/5/26 11:00,23 St-Baruch College (6),Metrocard - Unlimited 30-Day,1,0
2/5/26 11:00,23 St-Baruch College (6),Metrocard - Other,8,1
2/5/26 11:00,23 St-Baruch College (6),OMNY - Seniors & Disability,66,10
2/5/26 11:00,23 St-Baruch College (6),OMNY - Students,57,0
2/5/26 10:00,23 St-Baruch College (6),Metrocard - Full Fare,1,0
2/5/26 10:00,23 St-Baruch College (6),OMNY - Seniors & Disability,68,5
2/5/26 10:00,23 St-Baruch College (6),Metrocard - Unlimited 30-Day,1,0
2/5/26 10:00,23 St-Baruch College (6),OMNY - Full Fare,753,17
2/5/26 10:00,23 St-Baruch College (6),Metrocard - Other,5,0
2/5/26 10:00,23 St-Baruch College (6),OMNY - Other,6,0
2/5/26 10:00,23 St-Baruch College (6),OMNY - Fair Fare,35,1
2/5/26 10:00,23 St-Baruch College (6),OMNY - Students,44,1
2/5/26 9:00,23 St-Baruch College (6),Metrocard - Other,1,0
2/5/26 9:00,23 St-Baruch College (6),OMNY - Seniors & Disability,73,17
2/5/26 9:00,23 St-Baruch College (6),OMNY - Other,9,0
2/5/26 9:00,23 St-Baruch College (6),OMNY - Fair Fare,20,2
2/5/26 9:00,23 St-Baruch College (6),OMNY - Full Fare,"1,103",62
2/5/26 9:00,23 St-Baruch College (6),OMNY - Students,18,0
2/5/26 8:00,23 St-Baruch College (6),OMNY - Seniors & Disability,34,6
2/5/26 8:00,23 St-Baruch College (6),OMNY - Other,3,0
2/5/26 8:00,23 St-Baruch College (6),OMNY - Fair Fare,22,1
2/5/26 8:00,23 St-Baruch College (6),Metrocard - Other,4,0
2/5/26 8:00,23 St-Baruch College (6),Metrocard - Unlimited 30-Day,2,0
2/5/26 8:00,23 St-Baruch College (6),Metrocard - Seniors & Disability,1,0
2/5/26 8:00,23 St-Baruch College (6),OMNY - Full Fare,"1,684",110
2/5/26 8:00,23 St-Baruch College (6),OMNY - Students,39,4
2/5/26 7:00,23 St-Baruch College (6),OMNY - Full Fare,763,112
2/5/26 7:00,23 St-Baruch College (6),OMNY - Seniors & Disability,27,10
2/5/26 7:00,23 St-Baruch College (6),OMNY - Other,5,0
2/5/26 7:00,23 St-Baruch College (6),Metrocard - Other,6,0
2/5/26 7:00,23 St-Baruch College (6),OMNY - Students,82,6
2/5/26 7:00,23 St-Baruch College (6),OMNY - Fair Fare,7,2
2/5/26 6:00,23 St-Baruch College (6),Metrocard - Other,2,0
2/5/26 6:00,23 St-Baruch College (6),OMNY - Full Fare,227,50
2/5/26 6:00,23 St-Baruch College (6),OMNY - Fair Fare,4,0
2/5/26 6:00,23 St-Baruch College (6),Metrocard - Unlimited 30-Day,1,0
2/5/26 6:00,23 St-Baruch College (6),OMNY - Students,10,0
2/5/26 6:00,23 St-Baruch College (6),OMNY - Other,2,0
2/5/26 6:00,23 St-Baruch College (6),OMNY - Seniors & Disability,10,4
2/5/26 5:00,23 St-Baruch College (6),Metrocard - Other,1,0
2/5/26 5:00,23 St-Baruch College (6),OMNY - Full Fare,38,12
2/5/26 5:00,23 St-Baruch College (6),OMNY - Seniors & Disability,4,3
2/5/26 5:00,23 St-Baruch College (6),OMNY - Students,3,0
2/5/26 4:00,23 St-Baruch College (6),Metrocard - Other,4,0
2/5/26 4:00,23 St-Baruch College (6),OMNY - Full Fare,12,0
2/5/26 4:00,23 St-Baruch College (6),OMNY - Students,2,0
2/5/26 4:00,23 St-Baruch College (6),OMNY - Other,1,0
2/5/26 3:00,23 St-Baruch College (6),OMNY - Fair Fare,2,0
2/5/26 3:00,23 St-Baruch College (6),OMNY - Full Fare,10,1
2/5/26 3:00,23 St-Baruch College (6),OMNY - Seniors & Disability,1,0
2/5/26 2:00,23 St-Baruch College (6),OMNY - Full Fare,21,0
2/5/26 1:00,23 St-Baruch College (6),OMNY - Full Fare,50,0
2/5/26 1:00,23 St-Baruch College (6),OMNY - Other,2,0
2/5/26 1:00,23 St-Baruch College (6),Metrocard - Other,2,0
2/5/26 1:00,23 St-Baruch College (6),OMNY - Students,1,0
2/5/26 0:00,23 St-Baruch College (6),OMNY - Fair Fare,11,0
2/5/26 0:00,23 St-Baruch College (6),OMNY - Seniors & Disability,5,1
2/5/26 0:00,23 St-Baruch College (6),OMNY - Full Fare,111,0
2/5/26 0:00,23 St-Baruch College (6),OMNY - Students,5,0
2/5/26 0:00,23 St-Baruch College (6),OMNY - Other,1,0
2/4/26 23:00,23 St-Baruch College (6),OMNY - Fair Fare,14,0
2/4/26 23:00,23 St-Baruch College (6),OMNY - Students,5,0
2/4/26 23:00,23 St-Baruch College (6),OMNY - Other,3,0
2/4/26 23:00,23 St-Baruch College (6),OMNY - Seniors & Disability,12,1
2/4/26 23:00,23 St-Baruch College (6),Metrocard - Full Fare,1,0
2/4/26 23:00,23 St-Baruch College (6),OMNY - Full Fare,251,6
2/4/26 23:00,23 St-Baruch College (6),Metrocard - Other,1,0
2/4/26 22:00,23 St-Baruch College (6),OMNY - Seniors & Disability,12,0
2/4/26 22:00,23 St-Baruch College (6),OMNY - Full Fare,404,12
2/4/26 22:00,23 St-Baruch College (6),OMNY - Other,3,0
2/4/26 22:00,23 St-Baruch College (6),Metrocard - Unlimited 30-Day,1,0
2/4/26 22:00,23 St-Baruch College (6),Metrocard - Other,1,0
2/4/26 22:00,23 St-Baruch College (6),OMNY - Students,14,0
2/4/26 22:00,23 St-Baruch College (6),OMNY - Fair Fare,20,0
2/4/26 21:00,23 St-Baruch College (6),OMNY - Other,3,0
2/4/26 21:00,23 St-Baruch College (6),OMNY - Fair Fare,54,0
2/4/26 21:00,23 St-Baruch College (6),Metrocard - Other,5,0
2/4/26 21:00,23 St-Baruch College (6),OMNY - Students,31,0
2/4/26 21:00,23 St-Baruch College (6),OMNY - Seniors & Disability,33,0
2/4/26 21:00,23 St-Baruch College (6),Metrocard - Unlimited 30-Day,1,0
2/4/26 21:00,23 St-Baruch College (6),OMNY - Full Fare,930,13
2/4/26 20:00,23 St-Baruch College (6),Metrocard - Unlimited 30-Day,3,0
2/4/26 20:00,23 St-Baruch College (6),OMNY - Seniors & Disability,49,3
2/4/26 20:00,23 St-Baruch College (6),Metrocard - Other,8,0
2/4/26 20:00,23 St-Baruch College (6),OMNY - Full Fare,"1,387",10
2/4/26 20:00,23 St-Baruch College (6),OMNY - Other,19,0
2/4/26 20:00,23 St-Baruch College (6),OMNY - Fair Fare,97,0
2/4/26 20:00,23 St-Baruch College (6),OMNY - Students,68,0
2/4/26 19:00,23 St-Baruch College (6),Metrocard - Unlimited 7-Day,1,0
2/4/26 19:00,23 St-Baruch College (6),Metrocard - Other,4,0
2/4/26 19:00,23 St-Baruch College (6),OMNY - Fair Fare,135,1
2/4/26 19:00,23 St-Baruch College (6),OMNY - Seniors & Disability,69,3
2/4/26 19:00,23 St-Baruch College (6),OMNY - Full Fare,"1,813",12
2/4/26 19:00,23 St-Baruch College (6),OMNY - Other,19,0
2/4/26 19:00,23 St-Baruch College (6),OMNY - Students,127,1
2/4/26 18:00,23 St-Baruch College (6),OMNY - Fair Fare,76,1
2/4/26 18:00,23 St-Baruch College (6),OMNY - Full Fare,"2,114",39
2/4/26 18:00,23 St-Baruch College (6),OMNY - Other,17,0
2/4/26 18:00,23 St-Baruch College (6),OMNY - Students,103,1
2/4/26 18:00,23 St-Baruch College (6),Metrocard - Unlimited 7-Day,2,0
2/4/26 18:00,23 St-Baruch College (6),OMNY - Seniors & Disability,67,9
2/4/26 18:00,23 St-Baruch College (6),Metrocard - Other,8,0
2/4/26 18:00,23 St-Baruch College (6),Metrocard - Unlimited 30-Day,2,0
2/4/26 17:00,23 St-Baruch College (6),OMNY - Other,23,0
2/4/26 17:00,23 St-Baruch College (6),Metrocard - Other,4,0
2/4/26 17:00,23 St-Baruch College (6),OMNY - Fair Fare,155,0
2/4/26 17:00,23 St-Baruch College (6),Metrocard - Unlimited 30-Day,7,0
2/4/26 17:00,23 St-Baruch College (6),OMNY - Seniors & Disability,136,3
2/4/26 17:00,23 St-Baruch College (6),Metrocard - Unlimited 7-Day,5,0
2/4/26 17:00,23 St-Baruch College (6),OMNY - Full Fare,"3,078",33
2/4/26 17:00,23 St-Baruch College (6),OMNY - Students,286,0
2/4/26 16:00,23 St-Baruch College (6),OMNY - Students,250,1
2/4/26 16:00,23 St-Baruch College (6),Metrocard - Unlimited 7-Day,1,0
2/4/26 16:00,23 St-Baruch College (6),Metrocard - Unlimited 30-Day,4,0
2/4/26 16:00,23 St-Baruch College (6),OMNY - Fair Fare,139,5
2/4/26 16:00,23 St-Baruch College (6),OMNY - Seniors & Disability,137,7
2/4/26 16:00,23 St-Baruch College (6),Metrocard - Other,17,0
2/4/26 16:00,23 St-Baruch College (6),OMNY - Other,27,0
2/4/26 16:00,23 St-Baruch College (6),OMNY - Full Fare,"2,290",38
2/4/26 15:00,23 St-Baruch College (6),OMNY - Fair Fare,110,1
2/4/26 15:00,23 St-Baruch College (6),OMNY - Seniors & Disability,137,8
2/4/26 15:00,23 St-Baruch College (6),Metrocard - Unlimited 7-Day,3,0
2/4/26 15:00,23 St-Baruch College (6),OMNY - Students,375,3
2/4/26 15:00,23 St-Baruch College (6),OMNY - Full Fare,"1,820",30
2/4/26 15:00,23 St-Baruch College (6),OMNY - Other,20,0
2/4/26 15:00,23 St-Baruch College (6),Metrocard - Other,9,1
2/4/26 15:00,23 St-Baruch College (6),Metrocard - Unlimited 30-Day,3,0
2/4/26 14:00,23 St-Baruch College (6),Metrocard - Unlimited 30-Day,4,0
2/4/26 14:00,23 St-Baruch College (6),OMNY - Students,227,0
2/4/26 14:00,23 St-Baruch College (6),Metrocard - Seniors & Disability,1,0
2/4/26 14:00,23 St-Baruch College (6),OMNY - Full Fare,"1,450",19
2/4/26 14:00,23 St-Baruch College (6),OMNY - Seniors & Disability,146,17
2/4/26 14:00,23 St-Baruch College (6),Metrocard - Full Fare,1,0
2/4/26 14:00,23 St-Baruch College (6),OMNY - Other,12,0
2/4/26 14:00,23 St-Baruch College (6),OMNY - Fair Fare,122,3
2/4/26 14:00,23 St-Baruch College (6),Metrocard - Other,8,0
2/4/26 13:00,23 St-Baruch College (6),OMNY - Students,48,0
2/4/26 13:00,23 St-Baruch College (6),OMNY - Fair Fare,52,2
2/4/26 13:00,23 St-Baruch College (6),OMNY - Full Fare,817,16
2/4/26 13:00,23 St-Baruch College (6),Metrocard - Unlimited 30-Day,1,0
2/4/26 13:00,23 St-Baruch College (6),Metrocard - Unlimited 7-Day,1,0
2/4/26 13:00,23 St-Baruch College (6),OMNY - Seniors & Disability,96,14
2/4/26 13:00,23 St-Baruch College (6),Metrocard - Seniors & Disability,3,1
2/4/26 13:00,23 St-Baruch College (6),Metrocard - Full Fare,1,0
2/4/26 13:00,23 St-Baruch College (6),Metrocard - Other,6,0
2/4/26 13:00,23 St-Baruch College (6),OMNY - Other,4,0
2/4/26 12:00,23 St-Baruch College (6),OMNY - Students,91,1
2/4/26 12:00,23 St-Baruch College (6),OMNY - Fair Fare,77,2
2/4/26 12:00,23 St-Baruch College (6),Metrocard - Seniors & Disability,1,0
2/4/26 12:00,23 St-Baruch College (6),OMNY - Other,11,0
2/4/26 12:00,23 St-Baruch College (6),Metrocard - Unlimited 30-Day,2,0
2/4/26 12:00,23 St-Baruch College (6),Metrocard - Other,10,0
2/4/26 12:00,23 St-Baruch College (6),OMNY - Full Fare,988,26
2/4/26 12:00,23 St-Baruch College (6),OMNY - Seniors & Disability,76,8
2/4/26 11:00,23 St-Baruch College (6),Metrocard - Unlimited 30-Day,1,0
2/4/26 11:00,23 St-Baruch College (6),OMNY - Fair Fare,41,1
2/4/26 11:00,23 St-Baruch College (6),OMNY - Full Fare,696,20
2/4/26 11:00,23 St-Baruch College (6),OMNY - Students,41,0
2/4/26 11:00,23 St-Baruch College (6),Metrocard - Other,3,0
2/4/26 11:00,23 St-Baruch College (6),OMNY - Other,4,0
2/4/26 11:00,23 St-Baruch College (6),OMNY - Seniors & Disability,57,6
2/4/26 10:00,23 St-Baruch College (6),OMNY - Other,14,0
2/4/26 10:00,23 St-Baruch College (6),OMNY - Seniors & Disability,61,8
2/4/26 10:00,23 St-Baruch College (6),OMNY - Students,66,0
2/4/26 10:00,23 St-Baruch College (6),Metrocard - Other,3,0
2/4/26 10:00,23 St-Baruch College (6),OMNY - Fair Fare,34,2
2/4/26 10:00,23 St-Baruch College (6),OMNY - Full Fare,783,26
2/4/26 9:00,23 St-Baruch College (6),OMNY - Students,28,0
2/4/26 9:00,23 St-Baruch College (6),OMNY - Fair Fare,17,2
2/4/26 9:00,23 St-Baruch College (6),Metrocard - Unlimited 30-Day,1,0
2/4/26 9:00,23 St-Baruch College (6),OMNY - Full Fare,"1,176",74
2/4/26 9:00,23 St-Baruch College (6),Metrocard - Other,2,0
2/4/26 9:00,23 St-Baruch College (6),OMNY - Seniors & Disability,63,12
2/4/26 9:00,23 St-Baruch College (6),OMNY - Other,7,0
2/4/26 8:00,23 St-Baruch College (6),OMNY - Fair Fare,21,2
2/4/26 8:00,23 St-Baruch College (6),OMNY - Seniors & Disability,45,8
2/4/26 8:00,23 St-Baruch College (6),Metrocard - Full Fare,1,0
2/4/26 8:00,23 St-Baruch College (6),OMNY - Other,9,0
2/4/26 8:00,23 St-Baruch College (6),OMNY - Students,46,3
2/4/26 8:00,23 St-Baruch College (6),Metrocard - Other,5,0
2/4/26 8:00,23 St-Baruch College (6),Metrocard - Unlimited 30-Day,2,0
2/4/26 8:00,23 St-Baruch College (6),OMNY - Full Fare,"1,735",112
2/4/26 7:00,23 St-Baruch College (6),OMNY - Fair Fare,6,0
2/4/26 7:00,23 St-Baruch College (6),OMNY - Seniors & Disability,30,9
2/4/26 7:00,23 St-Baruch College (6),Metrocard - Seniors & Disability,1,0
2/4/26 7:00,23 St-Baruch College (6),OMNY - Full Fare,785,128
2/4/26 7:00,23 St-Baruch College (6),OMNY - Other,2,0
2/4/26 7:00,23 St-Baruch College (6),Metrocard - Other,5,0
2/4/26 7:00,23 St-Baruch College (6),OMNY - Students,79,4
2/4/26 6:00,23 St-Baruch College (6),OMNY - Other,1,0
2/4/26 6:00,23 St-Baruch College (6),OMNY - Seniors & Disability,9,2
2/4/26 6:00,23 St-Baruch College (6),Metrocard - Other,6,0
2/4/26 6:00,23 St-Baruch College (6),OMNY - Fair Fare,5,0
2/4/26 6:00,23 St-Baruch College (6),OMNY - Full Fare,228,39
2/4/26 6:00,23 St-Baruch College (6),OMNY - Students,6,0
2/4/26 5:00,23 St-Baruch College (6),OMNY - Full Fare,47,18
2/4/26 5:00,23 St-Baruch College (6),OMNY - Students,2,0
2/4/26 5:00,23 St-Baruch College (6),OMNY - Seniors & Disability,4,2
2/4/26 5:00,23 St-Baruch College (6),OMNY - Other,1,0
2/4/26 5:00,23 St-Baruch College (6),OMNY - Fair Fare,2,0
2/4/26 4:00,23 St-Baruch College (6),Metrocard - Other,2,0
2/4/26 4:00,23 St-Baruch College (6),OMNY - Full Fare,13,0
2/4/26 3:00,23 St-Baruch College (6),OMNY - Full Fare,7,0
2/4/26 3:00,23 St-Baruch College (6),OMNY - Fair Fare,1,0
2/4/26 3:00,23 St-Baruch College (6),Metrocard - Other,1,0
2/4/26 2:00,23 St-Baruch College (6),OMNY - Full Fare,15,0
2/4/26 2:00,23 St-Baruch College (6),OMNY - Seniors & Disability,1,0
2/4/26 1:00,23 St-Baruch College (6),OMNY - Fair Fare,3,0
2/4/26 1:00,23 St-Baruch College (6),OMNY - Students,1,0
2/4/26 1:00,23 St-Baruch College (6),OMNY - Other,1,0
2/4/26 1:00,23 St-Baruch College (6),OMNY - Full Fare,30,0
2/4/26 1:00,23 St-Baruch College (6),OMNY - Seniors & Disability,1,0
2/4/26 0:00,23 St-Baruch College (6),OMNY - Seniors & Disability,3,0
2/4/26 0:00,23 St-Baruch College (6),OMNY - Fair Fare,10,0
2/4/26 0:00,23 St-Baruch College (6),OMNY - Full Fare,94,0
2/4/26 0:00,23 St-Baruch College (6),OMNY - Students,3,0
2/4/26 0:00,23 St-Baruch College (6),OMNY - Other,1,0
2/3/26 23:00,23 St-Baruch College (6),OMNY - Fair Fare,10,0
2/3/26 23:00,23 St-Baruch College (6),OMNY - Seniors & Disability,7,0
2/3/26 23:00,23 St-Baruch College (6),Metrocard - Full Fare,2,0
2/3/26 23:00,23 St-Baruch College (6),OMNY - Full Fare,247,8
2/3/26 23:00,23 St-Baruch College (6),OMNY - Other,4,0
2/3/26 23:00,23 St-Baruch College (6),OMNY - Students,9,0
2/3/26 22:00,23 St-Baruch College (6),OMNY - Seniors & Disability,15,0
2/3/26 22:00,23 St-Baruch College (6),OMNY - Students,13,0
2/3/26 22:00,23 St-Baruch College (6),OMNY - Fair Fare,23,0
2/3/26 22:00,23 St-Baruch College (6),Metrocard - Other,6,0
2/3/26 22:00,23 St-Baruch College (6),OMNY - Other,5,0
2/3/26 22:00,23 St-Baruch College (6),OMNY - Full Fare,412,2
2/3/26 21:00,23 St-Baruch College (6),Metrocard - Full Fare,1,0
2/3/26 21:00,23 St-Baruch College (6),OMNY - Full Fare,859,9
2/3/26 21:00,23 St-Baruch College (6),OMNY - Fair Fare,63,0
2/3/26 21:00,23 St-Baruch College (6),OMNY - Other,23,0
2/3/26 21:00,23 St-Baruch College (6),OMNY - Students,32,0
2/3/26 21:00,23 St-Baruch College (6),Metrocard - Other,8,0
2/3/26 21:00,23 St-Baruch College (6),OMNY - Seniors & Disability,30,1
2/3/26 20:00,23 St-Baruch College (6),OMNY - Seniors & Disability,49,1
2/3/26 20:00,23 St-Baruch College (6),OMNY - Students,71,0
2/3/26 20:00,23 St-Baruch College (6),Metrocard - Unlimited 7-Day,1,0
2/3/26 20:00,23 St-Baruch College (6),Metrocard - Other,9,0
2/3/26 20:00,23 St-Baruch College (6),OMNY - Fair Fare,100,0
2/3/26 20:00,23 St-Baruch College (6),OMNY - Full Fare,"1,296",11
2/3/26 20:00,23 St-Baruch College (6),OMNY - Other,17,0
2/3/26 20:00,23 St-Baruch College (6),Metrocard - Unlimited 30-Day,4,0
2/3/26 19:00,23 St-Baruch College (6),OMNY - Other,27,0
2/3/26 19:00,23 St-Baruch College (6),OMNY - Full Fare,"1,945",20
2/3/26 19:00,23 St-Baruch College (6),Metrocard - Other,5,0
2/3/26 19:00,23 St-Baruch College (6),OMNY - Seniors & Disability,50,1
2/3/26 19:00,23 St-Baruch College (6),OMNY - Students,128,0
2/3/26 19:00,23 St-Baruch College (6),Metrocard - Unlimited 7-Day,2,0
2/3/26 19:00,23 St-Baruch College (6),OMNY - Fair Fare,145,2
2/3/26 19:00,23 St-Baruch College (6),Metrocard - Unlimited 30-Day,3,0
2/3/26 18:00,23 St-Baruch College (6),OMNY - Other,18,0
2/3/26 18:00,23 St-Baruch College (6),OMNY - Seniors & Disability,66,6
2/3/26 18:00,23 St-Baruch College (6),OMNY - Full Fare,"2,102",32
2/3/26 18:00,23 St-Baruch College (6),Metrocard - Unlimited 7-Day,2,0
2/3/26 18:00,23 St-Baruch College (6),OMNY - Students,114,1
2/3/26 18:00,23 St-Baruch College (6),Metrocard - Unlimited 30-Day,4,0
2/3/26 18:00,23 St-Baruch College (6),OMNY - Fair Fare,68,3
2/3/26 18:00,23 St-Baruch College (6),Metrocard - Other,8,0
2/3/26 17:00,23 St-Baruch College (6),OMNY - Students,222,2
2/3/26 17:00,23 St-Baruch College (6),OMNY - Fair Fare,140,1
2/3/26 17:00,23 St-Baruch College (6),Metrocard - Other,9,0
2/3/26 17:00,23 St-Baruch College (6),Metrocard - Full Fare,1,1
2/3/26 17:00,23 St-Baruch College (6),Metrocard - Unlimited 7-Day,2,0
2/3/26 17:00,23 St-Baruch College (6),OMNY - Seniors & Disability,136,6
2/3/26 17:00,23 St-Baruch College (6),OMNY - Full Fare,"2,966",35
2/3/26 17:00,23 St-Baruch College (6),OMNY - Other,27,0
2/3/26 17:00,23 St-Baruch College (6),Metrocard - Unlimited 30-Day,4,0
2/3/26 17:00,23 St-Baruch College (6),Metrocard - Seniors & Disability,1,0
2/3/26 16:00,23 St-Baruch College (6),OMNY - Other,27,0
2/3/26 16:00,23 St-Baruch College (6),Metrocard - Other,11,0
2/3/26 16:00,23 St-Baruch College (6),OMNY - Seniors & Disability,146,5
2/3/26 16:00,23 St-Baruch College (6),OMNY - Full Fare,"2,211",47
2/3/26 16:00,23 St-Baruch College (6),OMNY - Fair Fare,136,1
2/3/26 16:00,23 St-Baruch College (6),Metrocard - Unlimited 7-Day,2,0
2/3/26 16:00,23 St-Baruch College (6),OMNY - Students,217,1
2/3/26 16:00,23 St-Baruch College (6),Metrocard - Unlimited 30-Day,5,0
2/3/26 15:00,23 St-Baruch College (6),Metrocard - Unlimited 30-Day,4,0
2/3/26 15:00,23 St-Baruch College (6),Metrocard - Unlimited 7-Day,2,0
2/3/26 15:00,23 St-Baruch College (6),Metrocard - Other,13,0
2/3/26 15:00,23 St-Baruch College (6),Metrocard - Full Fare,2,0
2/3/26 15:00,23 St-Baruch College (6),OMNY - Seniors & Disability,106,7
2/3/26 15:00,23 St-Baruch College (6),OMNY - Students,355,3
2/3/26 15:00,23 St-Baruch College (6),OMNY - Fair Fare,105,1
2/3/26 15:00,23 St-Baruch College (6),OMNY - Full Fare,"1,714",18
2/3/26 15:00,23 St-Baruch College (6),OMNY - Other,15,1
2/3/26 14:00,23 St-Baruch College (6),OMNY - Seniors & Disability,95,5
2/3/26 14:00,23 St-Baruch College (6),OMNY - Students,233,1
2/3/26 14:00,23 St-Baruch College (6),Metrocard - Other,8,0
2/3/26 14:00,23 St-Baruch College (6),OMNY - Full Fare,"1,091",24
2/3/26 14:00,23 St-Baruch College (6),Metrocard - Unlimited 7-Day,1,0
2/3/26 14:00,23 St-Baruch College (6),OMNY - Other,15,0
2/3/26 14:00,23 St-Baruch College (6),OMNY - Fair Fare,87,4
2/3/26 14:00,23 St-Baruch College (6),Metrocard - Seniors & Disability,1,0
2/3/26 14:00,23 St-Baruch College (6),Metrocard - Unlimited 30-Day,3,0
2/3/26 13:00,23 St-Baruch College (6),Metrocard - Other,4,0
2/3/26 13:00,23 St-Baruch College (6),OMNY - Students,49,1
2/3/26 13:00,23 St-Baruch College (6),OMNY - Full Fare,802,18
2/3/26 13:00,23 St-Baruch College (6),OMNY - Seniors & Disability,92,7
2/3/26 13:00,23 St-Baruch College (6),OMNY - Other,6,0
2/3/26 13:00,23 St-Baruch College (6),Metrocard - Unlimited 7-Day,2,0
2/3/26 13:00,23 St-Baruch College (6),OMNY - Fair Fare,57,0
2/3/26 12:00,23 St-Baruch College (6),Metrocard - Other,8,0
2/3/26 12:00,23 St-Baruch College (6),OMNY - Full Fare,"1,027",18
2/3/26 12:00,23 St-Baruch College (6),Metrocard - Unlimited 7-Day,1,0
2/3/26 12:00,23 St-Baruch College (6),OMNY - Other,15,0
2/3/26 12:00,23 St-Baruch College (6),Metrocard - Unlimited 30-Day,2,0
2/3/26 12:00,23 St-Baruch College (6),Metrocard - Full Fare,1,0
2/3/26 12:00,23 St-Baruch College (6),OMNY - Students,92,0
2/3/26 12:00,23 St-Baruch College (6),OMNY - Fair Fare,80,2
2/3/26 12:00,23 St-Baruch College (6),OMNY - Seniors & Disability,97,7
2/3/26 11:00,23 St-Baruch College (6),OMNY - Seniors & Disability,54,6
2/3/26 11:00,23 St-Baruch College (6),Metrocard - Seniors & Disability,1,0
2/3/26 11:00,23 St-Baruch College (6),OMNY - Other,12,0
2/3/26 11:00,23 St-Baruch College (6),OMNY - Students,21,0
2/3/26 11:00,23 St-Baruch College (6),Metrocard - Unlimited 30-Day,1,0
2/3/26 11:00,23 St-Baruch College (6),Metrocard - Other,4,0
2/3/26 11:00,23 St-Baruch College (6),OMNY - Full Fare,699,16
2/3/26 11:00,23 St-Baruch College (6),OMNY - Fair Fare,48,3
2/3/26 10:00,23 St-Baruch College (6),OMNY - Other,8,0
2/3/26 10:00,23 St-Baruch College (6),OMNY - Full Fare,737,31
2/3/26 10:00,23 St-Baruch College (6),OMNY - Seniors & Disability,61,11
2/3/26 10:00,23 St-Baruch College (6),OMNY - Fair Fare,30,3
2/3/26 10:00,23 St-Baruch College (6),OMNY - Students,40,0
2/3/26 10:00,23 St-Baruch College (6),Metrocard - Other,2,0
2/3/26 9:00,23 St-Baruch College (6),OMNY - Seniors & Disability,57,9
2/3/26 9:00,23 St-Baruch College (6),OMNY - Full Fare,"1,304",96
2/3/26 9:00,23 St-Baruch College (6),Metrocard - Other,2,0
2/3/26 9:00,23 St-Baruch College (6),Metrocard - Unlimited 30-Day,4,0
2/3/26 9:00,23 St-Baruch College (6),OMNY - Students,22,0
2/3/26 9:00,23 St-Baruch College (6),OMNY - Fair Fare,14,0
2/3/26 9:00,23 St-Baruch College (6),OMNY - Other,9,0
2/3/26 8:00,23 St-Baruch College (6),OMNY - Full Fare,"1,806",96
2/3/26 8:00,23 St-Baruch College (6),Metrocard - Full Fare,2,0
2/3/26 8:00,23 St-Baruch College (6),OMNY - Students,42,3
2/3/26 8:00,23 St-Baruch College (6),Metrocard - Other,8,0
2/3/26 8:00,23 St-Baruch College (6),Metrocard - Unlimited 7-Day,1,0
2/3/26 8:00,23 St-Baruch College (6),OMNY - Fair Fare,22,2
2/3/26 8:00,23 St-Baruch College (6),OMNY - Seniors & Disability,43,7
2/3/26 8:00,23 St-Baruch College (6),Metrocard - Unlimited 30-Day,1,0
2/3/26 8:00,23 St-Baruch College (6),OMNY - Other,13,0
2/3/26 7:00,23 St-Baruch College (6),OMNY - Seniors & Disability,37,9
2/3/26 7:00,23 St-Baruch College (6),OMNY - Other,3,0
2/3/26 7:00,23 St-Baruch College (6),OMNY - Students,86,4
2/3/26 7:00,23 St-Baruch College (6),Metrocard - Full Fare,1,0
2/3/26 7:00,23 St-Baruch College (6),OMNY - Full Fare,822,121
2/3/26 7:00,23 St-Baruch College (6),Metrocard - Other,13,0
2/3/26 7:00,23 St-Baruch College (6),OMNY - Fair Fare,5,0
2/3/26 6:00,23 St-Baruch College (6),OMNY - Fair Fare,2,0
2/3/26 6:00,23 St-Baruch College (6),Metrocard - Other,4,0
2/3/26 6:00,23 St-Baruch College (6),OMNY - Full Fare,230,36
2/3/26 6:00,23 St-Baruch College (6),OMNY - Students,8,0
2/3/26 6:00,23 St-Baruch College (6),OMNY - Other,1,0
2/3/26 6:00,23 St-Baruch College (6),Metrocard - Full Fare,1,0
2/3/26 6:00,23 St-Baruch College (6),OMNY - Seniors & Disability,8,1
2/3/26 6:00,23 St-Baruch College (6),Metrocard - Unlimited 30-Day,1,0
2/3/26 5:00,23 St-Baruch College (6),OMNY - Full Fare,50,19
2/3/26 5:00,23 St-Baruch College (6),OMNY - Students,1,0
2/3/26 5:00,23 St-Baruch College (6),OMNY - Seniors & Disability,2,2
2/3/26 5:00,23 St-Baruch College (6),Metrocard - Other,1,0
2/3/26 4:00,23 St-Baruch College (6),OMNY - Full Fare,10,0
2/3/26 4:00,23 St-Baruch College (6),Metrocard - Other,2,0
2/3/26 3:00,23 St-Baruch College (6),OMNY - Fair Fare,1,0
2/3/26 3:00,23 St-Baruch College (6),OMNY - Full Fare,9,0
2/3/26 3:00,23 St-Baruch College (6),Metrocard - Other,3,0
2/3/26 2:00,23 St-Baruch College (6),OMNY - Full Fare,13,0
2/3/26 2:00,23 St-Baruch College (6),OMNY - Other,2,0
2/3/26 2:00,23 St-Baruch College (6),OMNY - Seniors & Disability,1,0
2/3/26 1:00,23 St-Baruch College (6),OMNY - Full Fare,39,1
2/3/26 1:00,23 St-Baruch College (6),OMNY - Students,1,0
2/3/26 0:00,23 St-Baruch College (6),OMNY - Students,7,0
2/3/26 0:00,23 St-Baruch College (6),Metrocard - Other,4,0
2/3/26 0:00,23 St-Baruch College (6),OMNY - Full Fare,101,0
2/3/26 0:00,23 St-Baruch College (6),OMNY - Fair Fare,8,0
2/3/26 0:00,23 St-Baruch College (6),OMNY - Seniors & Disability,5,1
2/2/26 23:00,23 St-Baruch College (6),OMNY - Students,7,0
2/2/26 23:00,23 St-Baruch College (6),OMNY - Fair Fare,13,0
2/2/26 23:00,23 St-Baruch College (6),Metrocard - Other,2,0
2/2/26 23:00,23 St-Baruch College (6),OMNY - Full Fare,209,1
2/2/26 23:00,23 St-Baruch College (6),OMNY - Seniors & Disability,8,0
2/2/26 23:00,23 St-Baruch College (6),Metrocard - Full Fare,1,0
2/2/26 23:00,23 St-Baruch College (6),OMNY - Other,5,0
2/2/26 22:00,23 St-Baruch College (6),OMNY - Full Fare,352,5
2/2/26 22:00,23 St-Baruch College (6),OMNY - Fair Fare,23,1
2/2/26 22:00,23 St-Baruch College (6),OMNY - Students,11,0
2/2/26 22:00,23 St-Baruch College (6),Metrocard - Unlimited 30-Day,1,0
2/2/26 22:00,23 St-Baruch College (6),OMNY - Seniors & Disability,14,0
2/2/26 22:00,23 St-Baruch College (6),Metrocard - Other,6,0
2/2/26 22:00,23 St-Baruch College (6),OMNY - Other,3,0
2/2/26 21:00,23 St-Baruch College (6),OMNY - Other,15,1
2/2/26 21:00,23 St-Baruch College (6),OMNY - Seniors & Disability,26,0
2/2/26 21:00,23 St-Baruch College (6),OMNY - Fair Fare,61,1
2/2/26 21:00,23 St-Baruch College (6),OMNY - Full Fare,881,3
2/2/26 21:00,23 St-Baruch College (6),Metrocard - Other,10,0
2/2/26 21:00,23 St-Baruch College (6),OMNY - Students,29,0
2/2/26 21:00,23 St-Baruch College (6),Metrocard - Unlimited 30-Day,1,0
2/2/26 20:00,23 St-Baruch College (6),Metrocard - Other,10,0
2/2/26 20:00,23 St-Baruch College (6),OMNY - Seniors & Disability,43,3
2/2/26 20:00,23 St-Baruch College (6),OMNY - Fair Fare,78,0
2/2/26 20:00,23 St-Baruch College (6),OMNY - Students,57,0
2/2/26 20:00,23 St-Baruch College (6),OMNY - Other,9,0
2/2/26 20:00,23 St-Baruch College (6),OMNY - Full Fare,"1,180",8
2/2/26 19:00,23 St-Baruch College (6),OMNY - Full Fare,"1,750",20
2/2/26 19:00,23 St-Baruch College (6),OMNY - Seniors & Disability,57,2
2/2/26 19:00,23 St-Baruch College (6),OMNY - Other,18,0
2/2/26 19:00,23 St-Baruch College (6),OMNY - Students,139,0
2/2/26 19:00,23 St-Baruch College (6),Metrocard - Other,4,0
2/2/26 19:00,23 St-Baruch College (6),Metrocard - Unlimited 30-Day,2,0
2/2/26 19:00,23 St-Baruch College (6),Metrocard - Full Fare,2,0
2/2/26 19:00,23 St-Baruch College (6),OMNY - Fair Fare,148,1
2/2/26 19:00,23 St-Baruch College (6),Metrocard - Unlimited 7-Day,1,0
2/2/26 18:00,23 St-Baruch College (6),OMNY - Other,14,0
2/2/26 18:00,23 St-Baruch College (6),OMNY - Fair Fare,63,1
2/2/26 18:00,23 St-Baruch College (6),OMNY - Seniors & Disability,71,6
2/2/26 18:00,23 St-Baruch College (6),Metrocard - Unlimited 30-Day,2,0
2/2/26 18:00,23 St-Baruch College (6),Metrocard - Other,7,0
2/2/26 18:00,23 St-Baruch College (6),OMNY - Full Fare,"1,885",34
2/2/26 18:00,23 St-Baruch College (6),Metrocard - Unlimited 7-Day,1,0
2/2/26 18:00,23 St-Baruch College (6),OMNY - Students,108,3
2/2/26 18:00,23 St-Baruch College (6),Metrocard - Full Fare,1,0
2/2/26 17:00,23 St-Baruch College (6),Metrocard - Other,9,0
2/2/26 17:00,23 St-Baruch College (6),Metrocard - Unlimited 7-Day,3,0
2/2/26 17:00,23 St-Baruch College (6),Metrocard - Unlimited 30-Day,8,0
2/2/26 17:00,23 St-Baruch College (6),OMNY - Full Fare,"2,810",44
2/2/26 17:00,23 St-Baruch College (6),OMNY - Other,22,0
2/2/26 17:00,23 St-Baruch College (6),OMNY - Fair Fare,184,1
2/2/26 17:00,23 St-Baruch College (6),OMNY - Students,246,5
2/2/26 17:00,23 St-Baruch College (6),OMNY - Seniors & Disability,124,5
2/2/26 16:00,23 St-Baruch College (6),Metrocard - Other,7,0
2/2/26 16:00,23 St-Baruch College (6),OMNY - Full Fare,"2,084",33
2/2/26 16:00,23 St-Baruch College (6),Metrocard - Unlimited 7-Day,4,0
2/2/26 16:00,23 St-Baruch College (6),Metrocard - Unlimited 30-Day,5,0
2/2/26 16:00,23 St-Baruch College (6),OMNY - Fair Fare,132,2
2/2/26 16:00,23 St-Baruch College (6),OMNY - Students,240,5
2/2/26 16:00,23 St-Baruch College (6),OMNY - Seniors & Disability,109,10
2/2/26 16:00,23 St-Baruch College (6),OMNY - Other,12,0
2/2/26 16:00,23 St-Baruch College (6),Metrocard - Full Fare,1,0
2/2/26 15:00,23 St-Baruch College (6),Metrocard - Unlimited 7-Day,2,0
2/2/26 15:00,23 St-Baruch College (6),Metrocard - Full Fare,2,0
2/2/26 15:00,23 St-Baruch College (6),OMNY - Other,11,1
2/2/26 15:00,23 St-Baruch College (6),OMNY - Fair Fare,103,3
2/2/26 15:00,23 St-Baruch College (6),OMNY - Students,331,2
2/2/26 15:00,23 St-Baruch College (6),OMNY - Seniors & Disability,124,8
2/2/26 15:00,23 St-Baruch College (6),Metrocard - Unlimited 30-Day,3,0
2/2/26 15:00,23 St-Baruch College (6),OMNY - Full Fare,"1,698",36
2/2/26 15:00,23 St-Baruch College (6),Metrocard - Other,12,0
2/2/26 14:00,23 St-Baruch College (6),OMNY - Fair Fare,116,0
2/2/26 14:00,23 St-Baruch College (6),OMNY - Students,271,1
2/2/26 14:00,23 St-Baruch College (6),Metrocard - Other,9,0
2/2/26 14:00,23 St-Baruch College (6),OMNY - Seniors & Disability,100,9
2/2/26 14:00,23 St-Baruch College (6),Metrocard - Full Fare,1,0
2/2/26 14:00,23 St-Baruch College (6),Metrocard - Unlimited 7-Day,1,0
2/2/26 14:00,23 St-Baruch College (6),Metrocard - Seniors & Disability,1,0
2/2/26 14:00,23 St-Baruch College (6),Metrocard - Unlimited 30-Day,1,0
2/2/26 14:00,23 St-Baruch College (6),OMNY - Other,14,0
2/2/26 14:00,23 St-Baruch College (6),OMNY - Full Fare,"1,318",21
2/2/26 13:00,23 St-Baruch College (6),Metrocard - Other,3,0
2/2/26 13:00,23 St-Baruch College (6),OMNY - Students,34,1
2/2/26 13:00,23 St-Baruch College (6),OMNY - Other,8,1
2/2/26 13:00,23 St-Baruch College (6),Metrocard - Unlimited 30-Day,1,0
2/2/26 13:00,23 St-Baruch College (6),OMNY - Seniors & Disability,79,9
2/2/26 13:00,23 St-Baruch College (6),OMNY - Fair Fare,50,1
2/2/26 13:00,23 St-Baruch College (6),OMNY - Full Fare,698,13
2/2/26 13:00,23 St-Baruch College (6),Metrocard - Unlimited 7-Day,1,0
2/2/26 12:00,23 St-Baruch College (6),OMNY - Students,65,1
2/2/26 12:00,23 St-Baruch College (6),Metrocard - Unlimited 30-Day,2,0
2/2/26 12:00,23 St-Baruch College (6),OMNY - Other,9,0
2/2/26 12:00,23 St-Baruch College (6),Metrocard - Other,10,0
2/2/26 12:00,23 St-Baruch College (6),OMNY - Full Fare,821,12
2/2/26 12:00,23 St-Baruch College (6),OMNY - Seniors & Disability,79,7
2/2/26 12:00,23 St-Baruch College (6),Metrocard - Full Fare,1,0
2/2/26 12:00,23 St-Baruch College (6),OMNY - Fair Fare,70,1
2/2/26 11:00,23 St-Baruch College (6),OMNY - Students,41,0
2/2/26 11:00,23 St-Baruch College (6),Metrocard - Full Fare,1,0
2/2/26 11:00,23 St-Baruch College (6),OMNY - Fair Fare,35,2
2/2/26 11:00,23 St-Baruch College (6),OMNY - Seniors & Disability,69,8
2/2/26 11:00,23 St-Baruch College (6),Metrocard - Other,4,0
2/2/26 11:00,23 St-Baruch College (6),OMNY - Full Fare,591,14
2/2/26 11:00,23 St-Baruch College (6),Metrocard - Unlimited 30-Day,1,0
2/2/26 11:00,23 St-Baruch College (6),OMNY - Other,3,0
2/2/26 10:00,23 St-Baruch College (6),OMNY - Students,34,0
2/2/26 10:00,23 St-Baruch College (6),OMNY - Other,8,0
2/2/26 10:00,23 St-Baruch College (6),Metrocard - Unlimited 7-Day,2,0
2/2/26 10:00,23 St-Baruch College (6),Metrocard - Seniors & Disability,1,0
2/2/26 10:00,23 St-Baruch College (6),OMNY - Fair Fare,38,1
2/2/26 10:00,23 St-Baruch College (6),OMNY - Seniors & Disability,65,9
2/2/26 10:00,23 St-Baruch College (6),OMNY - Full Fare,675,31
2/2/26 10:00,23 St-Baruch College (6),Metrocard - Other,2,1
2/2/26 9:00,23 St-Baruch College (6),OMNY - Students,22,1
2/2/26 9:00,23 St-Baruch College (6),OMNY - Fair Fare,17,0
2/2/26 9:00,23 St-Baruch College (6),Metrocard - Unlimited 30-Day,2,0
2/2/26 9:00,23 St-Baruch College (6),Metrocard - Unlimited 7-Day,1,0
2/2/26 9:00,23 St-Baruch College (6),OMNY - Other,3,0
2/2/26 9:00,23 St-Baruch College (6),OMNY - Seniors & Disability,47,13
2/2/26 9:00,23 St-Baruch College (6),OMNY - Full Fare,988,64
2/2/26 9:00,23 St-Baruch College (6),Metrocard - Other,1,0
2/2/26 8:00,23 St-Baruch College (6),OMNY - Full Fare,"1,625",105
2/2/26 8:00,23 St-Baruch College (6),OMNY - Seniors & Disability,41,6
2/2/26 8:00,23 St-Baruch College (6),OMNY - Other,3,0
2/2/26 8:00,23 St-Baruch College (6),OMNY - Students,46,4
2/2/26 8:00,23 St-Baruch College (6),OMNY - Fair Fare,29,3
2/2/26 8:00,23 St-Baruch College (6),Metrocard - Unlimited 30-Day,2,0
2/2/26 8:00,23 St-Baruch College (6),Metrocard - Other,4,0
2/2/26 7:00,23 St-Baruch College (6),Metrocard - Other,4,0
2/2/26 7:00,23 St-Baruch College (6),OMNY - Full Fare,773,117
2/2/26 7:00,23 St-Baruch College (6),OMNY - Seniors & Disability,29,10
2/2/26 7:00,23 St-Baruch College (6),OMNY - Other,11,0
2/2/26 7:00,23 St-Baruch College (6),Metrocard - Full Fare,1,0
2/2/26 7:00,23 St-Baruch College (6),OMNY - Fair Fare,8,1
2/2/26 7:00,23 St-Baruch College (6),OMNY - Students,88,7
2/2/26 6:00,23 St-Baruch College (6),OMNY - Seniors & Disability,8,4
2/2/26 6:00,23 St-Baruch College (6),Metrocard - Unlimited 30-Day,1,0
2/2/26 6:00,23 St-Baruch College (6),OMNY - Students,8,0
2/2/26 6:00,23 St-Baruch College (6),Metrocard - Other,6,0
2/2/26 6:00,23 St-Baruch College (6),OMNY - Other,2,0
2/2/26 6:00,23 St-Baruch College (6),OMNY - Fair Fare,2,0
2/2/26 6:00,23 St-Baruch College (6),OMNY - Full Fare,256,44
2/2/26 5:00,23 St-Baruch College (6),OMNY - Students,1,0
2/2/26 5:00,23 St-Baruch College (6),OMNY - Seniors & Disability,4,1
2/2/26 5:00,23 St-Baruch College (6),OMNY - Other,4,0
2/2/26 5:00,23 St-Baruch College (6),OMNY - Full Fare,46,15
2/2/26 4:00,23 St-Baruch College (6),OMNY - Full Fare,18,1
2/2/26 4:00,23 St-Baruch College (6),OMNY - Students,2,0
2/2/26 4:00,23 St-Baruch College (6),Metrocard - Other,1,0
2/2/26 3:00,23 St-Baruch College (6),OMNY - Seniors & Disability,1,0
2/2/26 3:00,23 St-Baruch College (6),OMNY - Fair Fare,3,0
2/2/26 3:00,23 St-Baruch College (6),Metrocard - Other,2,0
2/2/26 3:00,23 St-Baruch College (6),OMNY - Full Fare,8,0
2/2/26 2:00,23 St-Baruch College (6),Metrocard - Other,2,0
2/2/26 2:00,23 St-Baruch College (6),OMNY - Full Fare,13,0
2/2/26 1:00,23 St-Baruch College (6),OMNY - Full Fare,24,0
2/2/26 1:00,23 St-Baruch College (6),OMNY - Students,1,0
2/2/26 0:00,23 St-Baruch College (6),OMNY - Full Fare,80,1
2/2/26 0:00,23 St-Baruch College (6),Metrocard - Other,3,0
2/2/26 0:00,23 St-Baruch College (6),OMNY - Fair Fare,3,0
2/2/26 0:00,23 St-Baruch College (6),OMNY - Seniors & Disability,2,0
2/2/26 0:00,23 St-Baruch College (6),OMNY - Other,4,0
2/2/26 0:00,23 St-Baruch College (6),OMNY - Students,2,0
2/1/26 23:00,23 St-Baruch College (6),OMNY - Fair Fare,4,0
2/1/26 23:00,23 St-Baruch College (6),OMNY - Full Fare,138,1
2/1/26 23:00,23 St-Baruch College (6),OMNY - Other,3,0
2/1/26 23:00,23 St-Baruch College (6),OMNY - Seniors & Disability,4,0
2/1/26 23:00,23 St-Baruch College (6),OMNY - Students,5,0
2/1/26 22:00,23 St-Baruch College (6),OMNY - Fair Fare,12,0
2/1/26 22:00,23 St-Baruch College (6),OMNY - Full Fare,242,7
2/1/26 22:00,23 St-Baruch College (6),OMNY - Other,4,0
2/1/26 22:00,23 St-Baruch College (6),Metrocard - Other,3,0
2/1/26 22:00,23 St-Baruch College (6),OMNY - Students,7,0
2/1/26 22:00,23 St-Baruch College (6),OMNY - Seniors & Disability,1,0
2/1/26 21:00,23 St-Baruch College (6),Metrocard - Other,4,0
2/1/26 21:00,23 St-Baruch College (6),OMNY - Full Fare,262,1
2/1/26 21:00,23 St-Baruch College (6),OMNY - Other,7,0
2/1/26 21:00,23 St-Baruch College (6),OMNY - Seniors & Disability,5,0
2/1/26 21:00,23 St-Baruch College (6),OMNY - Fair Fare,8,0
2/1/26 21:00,23 St-Baruch College (6),OMNY - Students,12,0
2/1/26 20:00,23 St-Baruch College (6),Metrocard - Other,5,0
2/1/26 20:00,23 St-Baruch College (6),OMNY - Seniors & Disability,12,1
2/1/26 20:00,23 St-Baruch College (6),OMNY - Students,13,1
2/1/26 20:00,23 St-Baruch College (6),OMNY - Full Fare,314,8
2/1/26 20:00,23 St-Baruch College (6),OMNY - Fair Fare,22,2
2/1/26 20:00,23 St-Baruch College (6),OMNY - Other,2,0
2/1/26 19:00,23 St-Baruch College (6),Metrocard - Unlimited 7-Day,1,0
2/1/26 19:00,23 St-Baruch College (6),OMNY - Students,12,0
2/1/26 19:00,23 St-Baruch College (6),Metrocard - Unlimited 30-Day,1,0
2/1/26 19:00,23 St-Baruch College (6),OMNY - Other,11,0
2/1/26 19:00,23 St-Baruch College (6),OMNY - Fair Fare,12,0
2/1/26 19:00,23 St-Baruch College (6),OMNY - Full Fare,424,7
2/1/26 19:00,23 St-Baruch College (6),OMNY - Seniors & Disability,13,1
2/1/26 19:00,23 St-Baruch College (6),Metrocard - Other,2,0
2/1/26 18:00,23 St-Baruch College (6),OMNY - Seniors & Disability,16,0
2/1/26 18:00,23 St-Baruch College (6),Metrocard - Unlimited 30-Day,1,0
2/1/26 18:00,23 St-Baruch College (6),OMNY - Fair Fare,16,0
2/1/26 18:00,23 St-Baruch College (6),OMNY - Full Fare,516,13
2/1/26 18:00,23 St-Baruch College (6),OMNY - Students,16,1
2/1/26 18:00,23 St-Baruch College (6),OMNY - Other,13,0
2/1/26 17:00,23 St-Baruch College (6),OMNY - Students,21,0
2/1/26 17:00,23 St-Baruch College (6),Metrocard - Unlimited 7-Day,1,0
2/1/26 17:00,23 St-Baruch College (6),Metrocard - Other,3,0
2/1/26 17:00,23 St-Baruch College (6),OMNY - Seniors & Disability,20,3
2/1/26 17:00,23 St-Baruch College (6),OMNY - Full Fare,659,14
2/1/26 17:00,23 St-Baruch College (6),OMNY - Other,19,0
2/1/26 17:00,23 St-Baruch College (6),OMNY - Fair Fare,17,1
2/1/26 16:00,23 St-Baruch College (6),OMNY - Seniors & Disability,32,4
2/1/26 16:00,23 St-Baruch College (6),OMNY - Students,23,1
2/1/26 16:00,23 St-Baruch College (6),OMNY - Fair Fare,22,0
2/1/26 16:00,23 St-Baruch College (6),OMNY - Full Fare,647,30
2/1/26 16:00,23 St-Baruch College (6),OMNY - Other,19,0
2/1/26 16:00,23 St-Baruch College (6),Metrocard - Unlimited 30-Day,1,0
2/1/26 16:00,23 St-Baruch College (6),Metrocard - Other,4,0
2/1/26 15:00,23 St-Baruch College (6),OMNY - Other,2,0
2/1/26 15:00,23 St-Baruch College (6),Metrocard - Full Fare,1,0
2/1/26 15:00,23 St-Baruch College (6),OMNY - Seniors & Disability,24,2
2/1/26 15:00,23 St-Baruch College (6),OMNY - Students,26,3
2/1/26 15:00,23 St-Baruch College (6),OMNY - Full Fare,680,19
2/1/26 15:00,23 St-Baruch College (6),Metrocard - Other,8,0
2/1/26 15:00,23 St-Baruch College (6),OMNY - Fair Fare,12,0
2/1/26 14:00,23 St-Baruch College (6),Metrocard - Unlimited 30-Day,1,0
2/1/26 14:00,23 St-Baruch College (6),OMNY - Fair Fare,11,0
2/1/26 14:00,23 St-Baruch College (6),Metrocard - Unlimited 7-Day,1,0
2/1/26 14:00,23 St-Baruch College (6),Metrocard - Other,4,0
2/1/26 14:00,23 St-Baruch College (6),OMNY - Full Fare,631,10
2/1/26 14:00,23 St-Baruch College (6),OMNY - Seniors & Disability,22,2
2/1/26 14:00,23 St-Baruch College (6),OMNY - Students,14,1
2/1/26 13:00,23 St-Baruch College (6),OMNY - Students,28,0
2/1/26 13:00,23 St-Baruch College (6),OMNY - Other,1,0
2/1/26 13:00,23 St-Baruch College (6),OMNY - Fair Fare,14,0
2/1/26 13:00,23 St-Baruch College (6),Metrocard - Other,5,0
2/1/26 13:00,23 St-Baruch College (6),Metrocard - Unlimited 30-Day,2,0
2/1/26 13:00,23 St-Baruch College (6),OMNY - Full Fare,622,13
2/1/26 13:00,23 St-Baruch College (6),Metrocard - Unlimited 7-Day,3,0
2/1/26 13:00,23 St-Baruch College (6),OMNY - Seniors & Disability,32,2
2/1/26 12:00,23 St-Baruch College (6),OMNY - Fair Fare,13,0
2/1/26 12:00,23 St-Baruch College (6),Metrocard - Other,4,0
2/1/26 12:00,23 St-Baruch College (6),OMNY - Full Fare,630,17
2/1/26 12:00,23 St-Baruch College (6),Metrocard - Full Fare,1,0
2/1/26 12:00,23 St-Baruch College (6),OMNY - Other,1,0
2/1/26 12:00,23 St-Baruch College (6),OMNY - Seniors & Disability,23,3
2/1/26 12:00,23 St-Baruch College (6),OMNY - Students,24,0
2/1/26 11:00,23 St-Baruch College (6),OMNY - Full Fare,281,13
2/1/26 11:00,23 St-Baruch College (6),Metrocard - Other,4,0
2/1/26 11:00,23 St-Baruch College (6),OMNY - Seniors & Disability,10,0
2/1/26 11:00,23 St-Baruch College (6),OMNY - Students,3,0
2/1/26 11:00,23 St-Baruch College (6),Metrocard - Seniors & Disability,1,0
2/1/26 11:00,23 St-Baruch College (6),OMNY - Fair Fare,4,0
2/1/26 11:00,23 St-Baruch College (6),Metrocard - Unlimited 30-Day,1,0
2/1/26 11:00,23 St-Baruch College (6),OMNY - Other,4,0
2/1/26 10:00,23 St-Baruch College (6),OMNY - Students,9,0
2/1/26 10:00,23 St-Baruch College (6),OMNY - Seniors & Disability,12,2
2/1/26 10:00,23 St-Baruch College (6),Metrocard - Unlimited 30-Day,1,0
2/1/26 10:00,23 St-Baruch College (6),OMNY - Full Fare,287,10
2/1/26 10:00,23 St-Baruch College (6),OMNY - Other,2,0
2/1/26 10:00,23 St-Baruch College (6),Metrocard - Other,2,0
2/1/26 10:00,23 St-Baruch College (6),OMNY - Fair Fare,6,0
2/1/26 9:00,23 St-Baruch College (6),OMNY - Seniors & Disability,12,4
2/1/26 9:00,23 St-Baruch College (6),Metrocard - Other,5,0
2/1/26 9:00,23 St-Baruch College (6),OMNY - Full Fare,216,7
2/1/26 9:00,23 St-Baruch College (6),OMNY - Students,3,0
2/1/26 8:00,23 St-Baruch College (6),Metrocard - Other,2,0
2/1/26 8:00,23 St-Baruch College (6),OMNY - Full Fare,123,7
2/1/26 8:00,23 St-Baruch College (6),OMNY - Other,2,0
2/1/26 8:00,23 St-Baruch College (6),OMNY - Seniors & Disability,8,0
2/1/26 8:00,23 St-Baruch College (6),OMNY - Fair Fare,5,0
2/1/26 7:00,23 St-Baruch College (6),Metrocard - Other,3,0
2/1/26 7:00,23 St-Baruch College (6),OMNY - Other,3,0
2/1/26 7:00,23 St-Baruch College (6),OMNY - Students,3,0
2/1/26 7:00,23 St-Baruch College (6),OMNY - Seniors & Disability,8,2
2/1/26 7:00,23 St-Baruch College (6),OMNY - Full Fare,53,2
2/1/26 6:00,23 St-Baruch College (6),OMNY - Full Fare,31,1
2/1/26 6:00,23 St-Baruch College (6),Metrocard - Other,4,0
2/1/26 6:00,23 St-Baruch College (6),OMNY - Students,4,0
2/1/26 5:00,23 St-Baruch College (6),OMNY - Fair Fare,3,0
2/1/26 5:00,23 St-Baruch College (6),OMNY - Seniors & Disability,1,0
2/1/26 5:00,23 St-Baruch College (6),OMNY - Full Fare,17,0
2/1/26 4:00,23 St-Baruch College (6),Metrocard - Unlimited 30-Day,1,0
2/1/26 4:00,23 St-Baruch College (6),OMNY - Full Fare,23,1
2/1/26 4:00,23 St-Baruch College (6),Metrocard - Other,1,0
2/1/26 4:00,23 St-Baruch College (6),OMNY - Fair Fare,2,0
2/1/26 3:00,23 St-Baruch College (6),Metrocard - Other,2,0
2/1/26 3:00,23 St-Baruch College (6),OMNY - Students,1,0
2/1/26 3:00,23 St-Baruch College (6),OMNY - Full Fare,29,0
2/1/26 3:00,23 St-Baruch College (6),OMNY - Fair Fare,3,0
2/1/26 2:00,23 St-Baruch College (6),OMNY - Other,3,0
2/1/26 2:00,23 St-Baruch College (6),OMNY - Full Fare,40,3
2/1/26 2:00,23 St-Baruch College (6),OMNY - Fair Fare,2,0
2/1/26 2:00,23 St-Baruch College (6),Metrocard - Other,1,0
2/1/26 2:00,23 St-Baruch College (6),OMNY - Students,3,0
2/1/26 1:00,23 St-Baruch College (6),OMNY - Full Fare,119,1
2/1/26 1:00,23 St-Baruch College (6),OMNY - Students,5,0
2/1/26 1:00,23 St-Baruch College (6),OMNY - Fair Fare,2,0
2/1/26 1:00,23 St-Baruch College (6),OMNY - Other,1,0
2/1/26 0:00,23 St-Baruch College (6),OMNY - Full Fare,250,7
2/1/26 0:00,23 St-Baruch College (6),Metrocard - Unlimited 30-Day,3,0
2/1/26 0:00,23 St-Baruch College (6),OMNY - Seniors & Disability,3,0
2/1/26 0:00,23 St-Baruch College (6),OMNY - Other,2,0
2/1/26 0:00,23 St-Baruch College (6),OMNY - Students,5,0
2/1/26 0:00,23 St-Baruch College (6),OMNY - Fair Fare,3,0